[
  {
    "Id": "a75fe56a-4d8f-4712-8f13-267c035c540b",
    "Name": "Leroy M. Booth",
    "Address": "1044 Haven Lane",
    "City": "Lansing",
    "State": "MI",
    "Zip": "48933",
    "SSN": "374-11-2815",
    "Location": "42.670085, -84.584981",
    "Phone": "517-621-3647",
    "CountryCode": "1",
    "DOB": "June 25, 1966",
    "Email": "LeroyMBooth@rhyta.com",
    "UserName": "Quichaved",
    "Website": "armadamanpower.com",
    "Company": "Mr. Good Buys",
    "Occupation": "Cardiac and vascular nurse",
    "HeightCM": "182",
    "WeightKG": "102.8",
    "BloodType": "O+",
    "Vehicle": "1993 Lamborghini Diablo",
    "Color": "Blue"
  },
  {
    "Id": "f82fcb53-da69-4c4d-ac4a-3fb6e3e4107a",
    "Name": "Bonnie J. Davis",
    "Address": "2487 Gore Street",
    "City": "Houston",
    "State": "TX",
    "Zip": "77002",
    "SSN": "628-62-7691",
    "Location": "29.727282, -95.386257",
    "Phone": "713-547-8178",
    "CountryCode": "1",
    "DOB": "June 18, 1944",
    "Email": "BonnieJDavis@rhyta.com",
    "UserName": "Hiche1944",
    "Website": "romeshiathomas.com",
    "Company": "Expo Superstore",
    "Occupation": "Environmental protection officer",
    "HeightCM": "155",
    "WeightKG": "81.1",
    "BloodType": "A+",
    "Vehicle": "2005 Saturn Curve",
    "Color": "Purple"
  },
  {
    "Id": "584c256a-dbed-434b-acac-058f3641b392",
    "Name": "Willie L. Shropshire",
    "Address": "1694 Layman Court",
    "City": "Norcross",
    "State": "GA",
    "Zip": "30071",
    "SSN": "675-07-9952",
    "Location": "33.924102, -84.238898",
    "Phone": "678-299-2156",
    "CountryCode": "1",
    "DOB": "October 12, 1959",
    "Email": "WillieLShropshire@dayrep.com",
    "UserName": "Forelut",
    "Website": "woodfeilduni.com",
    "Company": "Life Map",
    "Occupation": "Wound, ostomy, and continence nurse",
    "HeightCM": "169",
    "WeightKG": "81.9",
    "BloodType": "O+",
    "Vehicle": "1997 Daihatsu Gran Move",
    "Color": "White"
  },
  {
    "Id": "0ea5fd7c-3e1c-494a-a518-ac137a8aaf94",
    "Name": "Denise C. Ruby",
    "Address": "3892 Woodstock Drive",
    "City": "Pasadena",
    "State": "CA",
    "Zip": "91101",
    "SSN": "569-35-7560",
    "Location": "34.14532, -118.051826",
    "Phone": "626-564-5170",
    "CountryCode": "1",
    "DOB": "September 27, 1992",
    "Email": "DeniseCRuby@armyspy.com",
    "UserName": "Counnoted",
    "Website": "aobbrazilltd.com",
    "Company": "Afforda",
    "Occupation": "Adjudicator",
    "HeightCM": "157",
    "WeightKG": "80.2",
    "BloodType": "O+",
    "Vehicle": "1997 Ford F-150",
    "Color": "Blue"
  },
  {
    "Id": "861fefdc-d4f5-4b51-b206-d42479a65fb2",
    "Name": "Michael D. Lockett",
    "Address": "1858 Tecumsah Lane",
    "City": "Shreveport",
    "State": "LA",
    "Zip": "71101",
    "SSN": "433-58-7876",
    "Location": "32.574289, -93.697349",
    "Phone": "318-902-7894",
    "CountryCode": "1",
    "DOB": "November 15, 1955",
    "Email": "MichaelDLockett@armyspy.com",
    "UserName": "Harstin",
    "Website": "koolhs.com",
    "Company": "Planet Profit",
    "Occupation": "Data entry clerk",
    "HeightCM": "181",
    "WeightKG": "79.3",
    "BloodType": "B+",
    "Vehicle": "2008 Volvo S60",
    "Color": "Black"
  },
  {
    "Id": "a179374e-d4c0-4442-91e7-b21d5f5a2d69",
    "Name": "Samuel B. Etter",
    "Address": "2515 Byrd Lane",
    "City": "Metairie",
    "State": "LA",
    "Zip": "70007",
    "SSN": "661-09-5203",
    "Location": "29.995803, -90.172067",
    "Phone": "504-975-6528",
    "CountryCode": "1",
    "DOB": "February 16, 1971",
    "Email": "SamuelBEtter@jourrapide.com",
    "UserName": "Hather71",
    "Website": "bonalofty.com",
    "Company": "Great Western",
    "Occupation": "Conservation scientist",
    "HeightCM": "180",
    "WeightKG": "104.1",
    "BloodType": "A-",
    "Vehicle": "2012 Audi A3",
    "Color": "Blue"
  },
  {
    "Id": "b0785cdb-8ef6-4843-970f-ff5a206f0ead",
    "Name": "Lauren B. Kelling",
    "Address": "219 Sweetwood Drive",
    "City": "Denver",
    "State": "CO",
    "Zip": "80202",
    "SSN": "521-89-8855",
    "Location": "39.683327, -104.967871",
    "Phone": "303-381-0119",
    "CountryCode": "1",
    "DOB": "November 10, 1969",
    "Email": "LaurenBKelling@jourrapide.com",
    "UserName": "Lecladmands1969",
    "Website": "sensattion.com",
    "Company": "Computer City",
    "Occupation": "Geotechnical engineer",
    "HeightCM": "164",
    "WeightKG": "92.6",
    "BloodType": "A+",
    "Vehicle": "1995 Opel Frontera",
    "Color": "Green"
  },
  {
    "Id": "2089550b-033a-4738-a27a-e4d761fcda7d",
    "Name": "Lisa R. Winston",
    "Address": "4753 Hardesty Street",
    "City": "Albany",
    "State": "NY",
    "Zip": "12206",
    "SSN": "092-66-8462",
    "Location": "42.765103, -73.863602",
    "Phone": "518-438-8713",
    "CountryCode": "1",
    "DOB": "January 4, 1966",
    "Email": "LisaRWinston@dayrep.com",
    "UserName": "Accandon",
    "Website": "cruisinmamas.com",
    "Company": "Castro Convertibles",
    "Occupation": "Labor relations director",
    "HeightCM": "172",
    "WeightKG": "94.1",
    "BloodType": "O+",
    "Vehicle": "1992 Seat Marbella",
    "Color": "Red"
  },
  {
    "Id": "9904cff2-487d-4030-8598-82f034615bc5",
    "Name": "Levi K. Greeson",
    "Address": "3146 Clay Street",
    "City": "Indianapolis",
    "State": "IN",
    "Zip": "46278",
    "SSN": "312-03-7896",
    "Location": "39.850045, -86.352506",
    "Phone": "317-420-8188",
    "CountryCode": "1",
    "DOB": "October 4, 1968",
    "Email": "LeviKGreeson@teleworm.us",
    "UserName": "Airsed",
    "Website": "pzyuude.com",
    "Company": "Platinum Interior Design",
    "Occupation": "Pointer",
    "HeightCM": "180",
    "WeightKG": "111.2",
    "BloodType": "O+",
    "Vehicle": "1992 Ford Tempo",
    "Color": "Green"
  },
  {
    "Id": "00c2e5e4-6e75-47de-bb39-8713cf49c241",
    "Name": "Paul K. Ledesma",
    "Address": "4484 Corpening Drive",
    "City": "Pontiac",
    "State": "MI",
    "Zip": "48342",
    "SSN": "372-58-4673",
    "Location": "42.680248, -83.268702",
    "Phone": "248-454-8366",
    "CountryCode": "1",
    "DOB": "May 2, 1978",
    "Email": "PaulKLedesma@dayrep.com",
    "UserName": "Floo1978",
    "Website": "carinajapan.com",
    "Company": "Thriftway Food Mart",
    "Occupation": "Diagnostic medical sonographer",
    "HeightCM": "179",
    "WeightKG": "65.9",
    "BloodType": "B-",
    "Vehicle": "2000 Holden Commodore",
    "Color": "Blue"
  },
  {
    "Id": "036bd1db-60ce-4e58-8bd8-1f24b281c35e",
    "Name": "Nancy R. Rosado",
    "Address": "3570 Duck Creek Road",
    "City": "Redwood City",
    "State": "CA",
    "Zip": "94063",
    "SSN": "547-82-6691",
    "Location": "37.477439, -122.148569",
    "Phone": "650-817-2173",
    "CountryCode": "1",
    "DOB": "February 11, 1950",
    "Email": "NancyRRosado@armyspy.com",
    "UserName": "Scure1950",
    "Website": "pleaseenroll.com",
    "Company": "Fit Tonic",
    "Occupation": "Emergency physician",
    "HeightCM": "153",
    "WeightKG": "79.0",
    "BloodType": "B+",
    "Vehicle": "2001 Aston Martin Vanquish",
    "Color": "Purple"
  },
  {
    "Id": "e24ebf39-8009-4e94-94f4-91fe11995c41",
    "Name": "Belinda T. Silvey",
    "Address": "4805 Neuport Lane",
    "City": "Stone Mountain",
    "State": "GA",
    "Zip": "30085",
    "SSN": "673-26-8105",
    "Location": "33.817108, -84.263911",
    "Phone": "770-413-9257",
    "CountryCode": "1",
    "DOB": "May 6, 1933",
    "Email": "BelindaTSilvey@dayrep.com",
    "UserName": "Alonds",
    "Website": "bridsire.com",
    "Company": "Stratabiz",
    "Occupation": "Truck driver",
    "HeightCM": "158",
    "WeightKG": "80.5",
    "BloodType": "A+",
    "Vehicle": "2009 Lexus RX",
    "Color": "Blue"
  },
  {
    "Id": "15a18285-bc6c-4511-a426-e22fcc6cbf52",
    "Name": "Lenore S. Short",
    "Address": "2703 Bernardo Street",
    "City": "Polk City",
    "State": "FL",
    "Zip": "33868",
    "SSN": "267-43-7461",
    "Location": "28.229059, -81.77709",
    "Phone": "813-220-8185",
    "CountryCode": "1",
    "DOB": "October 16, 1962",
    "Email": "LenoreSShort@armyspy.com",
    "UserName": "Hoce1962",
    "Website": "ddysh.com",
    "Company": "Stratacard",
    "Occupation": "Real estate agent",
    "HeightCM": "172",
    "WeightKG": "104.1",
    "BloodType": "A+",
    "Vehicle": "2002 Italdesign Buron",
    "Color": "Purple"
  },
  {
    "Id": "edbfa284-5532-416b-96e5-17f0b12f1cf6",
    "Name": "Josephine G. Chapman",
    "Address": "1438 Fire Access Road",
    "City": "Elkin",
    "State": "NC",
    "Zip": "28621",
    "SSN": "681-10-8903",
    "Location": "36.386626, -80.704647",
    "Phone": "336-927-9179",
    "CountryCode": "1",
    "DOB": "December 15, 1958",
    "Email": "JosephineGChapman@teleworm.us",
    "UserName": "Diater",
    "Website": "ecfloral.com",
    "Company": "Kragen Auto Parts",
    "Occupation": "Title searcher",
    "HeightCM": "162",
    "WeightKG": "75.2",
    "BloodType": "O+",
    "Vehicle": "2010 BMW 650",
    "Color": "Red"
  },
  {
    "Id": "36d21fc7-6221-4471-a929-b0629f72137d",
    "Name": "Miquel K. Whitehurst",
    "Address": "187 Angie Drive",
    "City": "Los Angeles",
    "State": "CA",
    "Zip": "90017",
    "SSN": "609-48-5010",
    "Location": "33.956258, -118.220805",
    "Phone": "714-946-5817",
    "CountryCode": "1",
    "DOB": "October 19, 1935",
    "Email": "MiquelKWhitehurst@jourrapide.com",
    "UserName": "Youthis",
    "Website": "mindpwn.com",
    "Company": "Hills Supermarkets",
    "Occupation": "Time clerk",
    "HeightCM": "166",
    "WeightKG": "72.0",
    "BloodType": "B+",
    "Vehicle": "2005 Mahindra Bolero",
    "Color": "Blue"
  },
  {
    "Id": "3ea30916-7441-458e-80de-44aa3ba5c49a",
    "Name": "Dana D. Williams",
    "Address": "203 Oakdale Avenue",
    "City": "Polk City",
    "State": "FL",
    "Zip": "33868",
    "SSN": "261-56-5879",
    "Location": "28.275559, -81.818312",
    "Phone": "863-602-3427",
    "CountryCode": "1",
    "DOB": "February 22, 1979",
    "Email": "DanaDWilliams@armyspy.com",
    "UserName": "Entse1979",
    "Website": "happyvscrappy.com",
    "Company": "Weatherill's",
    "Occupation": "Genetics nurse",
    "HeightCM": "157",
    "WeightKG": "74.6",
    "BloodType": "B+",
    "Vehicle": "1994 Citroen C 15",
    "Color": "Blue"
  },
  {
    "Id": "5a1b177d-8388-4770-8fb9-e3e6ece4c7c8",
    "Name": "Liza H. Sparks",
    "Address": "217 Par Drive",
    "City": "Santa Barbara",
    "State": "CA",
    "Zip": "93101",
    "SSN": "567-69-4075",
    "Location": "34.413532, -119.732883",
    "Phone": "805-863-7984",
    "CountryCode": "1",
    "DOB": "July 29, 1940",
    "Email": "LizaHSparks@rhyta.com",
    "UserName": "Tharang",
    "Website": "moneyonthegame.com",
    "Company": "Practi-Plan",
    "Occupation": "Financial examiner",
    "HeightCM": "152",
    "WeightKG": "68.0",
    "BloodType": "A+",
    "Vehicle": "1995 BMW M3",
    "Color": "Green"
  },
  {
    "Id": "c27cd1d9-125c-48fc-a07e-bcc44a146728",
    "Name": "Wilfred H. Berg",
    "Address": "4589 Prospect Valley Road",
    "City": "Gardena",
    "State": "CA",
    "Zip": "90248",
    "SSN": "607-18-9022",
    "Location": "33.825178, -118.304961",
    "Phone": "310-990-8953",
    "CountryCode": "1",
    "DOB": "December 3, 1998",
    "Email": "WilfredHBerg@teleworm.us",
    "UserName": "Thempailoved",
    "Website": "jjreventures.com",
    "Company": "The Jolly Farmer",
    "Occupation": "Interior decorator",
    "HeightCM": "186",
    "WeightKG": "80.0",
    "BloodType": "A+",
    "Vehicle": "2004 Opel Corsa",
    "Color": "Blue"
  },
  {
    "Id": "7a3483e6-2d38-4305-8bba-9dc8467e2922",
    "Name": "William V. Jackson",
    "Address": "961 Parkway Drive",
    "City": "Tucson",
    "State": "AZ",
    "Zip": "85712",
    "SSN": "601-15-3612",
    "Location": "32.202926, -110.874383",
    "Phone": "520-404-7644",
    "CountryCode": "1",
    "DOB": "April 22, 1960",
    "Email": "WilliamVJackson@jourrapide.com",
    "UserName": "Sistookeed",
    "Website": "tvwsftj.com",
    "Company": "Pro-Care Garden Maintenance",
    "Occupation": "Freight agent",
    "HeightCM": "169",
    "WeightKG": "104.5",
    "BloodType": "AB+",
    "Vehicle": "1992 Volvo 460",
    "Color": "Blue"
  },
  {
    "Id": "8a51caf7-7cdb-4f59-b0f5-2a6ec8834672",
    "Name": "Alfredo M. Mathis",
    "Address": "2534 McVaney Road",
    "City": "Asheville",
    "State": "NC",
    "Zip": "28801",
    "SSN": "239-26-6280",
    "Location": "35.518674, -82.565514",
    "Phone": "828-299-4374",
    "CountryCode": "1",
    "DOB": "January 15, 1957",
    "Email": "AlfredoMMathis@teleworm.us",
    "UserName": "Dusted",
    "Website": "ghafariesg.com",
    "Company": "Sholl's Colonial Cafeteria",
    "Occupation": "Geographer",
    "HeightCM": "167",
    "WeightKG": "75.3",
    "BloodType": "B+",
    "Vehicle": "2005 Nissan Xterra",
    "Color": "Blue"
  },
  {
    "Id": "4cf31cd3-b1c1-4aac-a765-67a97e7bee3e",
    "Name": "Michael S. Grieve",
    "Address": "2719 Kyle Street",
    "City": "Mccook",
    "State": "NE",
    "Zip": "69001",
    "SSN": "506-24-4429",
    "Location": "40.187332, -100.701456",
    "Phone": "308-378-9328",
    "CountryCode": "1",
    "DOB": "June 16, 1966",
    "Email": "MichaelSGrieve@dayrep.com",
    "UserName": "Pationol",
    "Website": "dedicatedschool.com",
    "Company": "Liberty Wealth Planner",
    "Occupation": "Mental health aide",
    "HeightCM": "169",
    "WeightKG": "74.6",
    "BloodType": "O+",
    "Vehicle": "1995 Rover 800",
    "Color": "Blue"
  },
  {
    "Id": "3f4249ac-a8c7-4f4b-b0bb-61e8b4924a73",
    "Name": "Rosa J. McConnell",
    "Address": "1085 Arthur Avenue",
    "City": "Dekalb",
    "State": "IL",
    "Zip": "60115",
    "SSN": "356-12-7424",
    "Location": "41.815905, -88.781388",
    "Phone": "815-862-7744",
    "CountryCode": "1",
    "DOB": "July 15, 1969",
    "Email": "RosaJMcConnell@rhyta.com",
    "UserName": "Intecanothe",
    "Website": "ensamblewinebar.com",
    "Company": "Simply Appraisals",
    "Occupation": "Athletic trainer",
    "HeightCM": "170",
    "WeightKG": "84.7",
    "BloodType": "A-",
    "Vehicle": "2012 Chrysler Voyager",
    "Color": "Black"
  },
  {
    "Id": "78e6e62b-7f0b-4348-85e9-99fdf8a94ade",
    "Name": "Maritza R. Hawks",
    "Address": "3698 Boundary Street",
    "City": "Jacksonville",
    "State": "FL",
    "Zip": "32218",
    "SSN": "768-30-1542",
    "Location": "30.495696, -81.659548",
    "Phone": "904-696-0322",
    "CountryCode": "1",
    "DOB": "January 22, 1960",
    "Email": "MaritzaRHawks@armyspy.com",
    "UserName": "Ottelf",
    "Website": "tanjaktiara.com",
    "Company": "Rhodes Furniture",
    "Occupation": "Meteorologist",
    "HeightCM": "167",
    "WeightKG": "53.8",
    "BloodType": "O+",
    "Vehicle": "2002 Mitsubishi Space Liner",
    "Color": "Green"
  },
  {
    "Id": "db10f927-7379-4b91-b44a-ab497c3a8464",
    "Name": "William S. Sanchez",
    "Address": "3663 Waldeck Street",
    "City": "Dallas",
    "State": "TX",
    "Zip": "75212",
    "SSN": "460-28-4211",
    "Location": "32.873278, -96.787753",
    "Phone": "817-425-2028",
    "CountryCode": "1",
    "DOB": "June 14, 1942",
    "Email": "WilliamSSanchez@armyspy.com",
    "UserName": "Behearring1942",
    "Website": "atenascollege.com",
    "Company": "Builders Square",
    "Occupation": "Grounds maintenance worker",
    "HeightCM": "171",
    "WeightKG": "64.4",
    "BloodType": "A+",
    "Vehicle": "1996 Volkswagen Cabriolet",
    "Color": "Blue"
  },
  {
    "Id": "492c4f31-ea7a-4295-9874-5c39529b9ea1",
    "Name": "Dorothy S. Weedman",
    "Address": "3286 Pleasant Hill Road",
    "City": "Boca Raton",
    "State": "FL",
    "Zip": "33487",
    "SSN": "771-36-4697",
    "Location": "26.394124, -80.068737",
    "Phone": "561-988-3619",
    "CountryCode": "1",
    "DOB": "January 5, 1979",
    "Email": "DorothySWeedman@rhyta.com",
    "UserName": "Theremings",
    "Website": "xiaotuhe.com",
    "Company": "Megatronic",
    "Occupation": "Longshoremen",
    "HeightCM": "167",
    "WeightKG": "72.8",
    "BloodType": "A+",
    "Vehicle": "1996 Fiat Tempra",
    "Color": "Purple"
  },
  {
    "Id": "02d14761-450a-4636-91d9-a867c4adbf9c",
    "Name": "Lisa J. Ector",
    "Address": "1688 Hamilton Drive",
    "City": "Hitchcock",
    "State": "TX",
    "Zip": "77563",
    "SSN": "645-98-1745",
    "Location": "29.231947, -94.9394",
    "Phone": "409-978-4311",
    "CountryCode": "1",
    "DOB": "May 14, 1988",
    "Email": "LisaJEctor@dayrep.com",
    "UserName": "Whapin",
    "Website": "allialimousines.com",
    "Company": "Sandy's",
    "Occupation": "Marine electronics technician",
    "HeightCM": "170",
    "WeightKG": "96.4",
    "BloodType": "A+",
    "Vehicle": "1999 Mercedes-Benz ML",
    "Color": "Purple"
  },
  {
    "Id": "b0c4c411-36b0-432f-955c-08b9ff35c8c2",
    "Name": "Betty M. Friedman",
    "Address": "1886 Fincham Road",
    "City": "Carlsbad",
    "State": "CA",
    "Zip": "92009",
    "SSN": "546-64-7549",
    "Location": "33.166764, -117.313037",
    "Phone": "760-458-6351",
    "CountryCode": "1",
    "DOB": "June 3, 1950",
    "Email": "BettyMFriedman@jourrapide.com",
    "UserName": "Froce1950",
    "Website": "bivolucion.com",
    "Company": "Wetson's",
    "Occupation": "Author",
    "HeightCM": "169",
    "WeightKG": "70.2",
    "BloodType": "O+",
    "Vehicle": "1996 Hyundai Lantra",
    "Color": "Red"
  },
  {
    "Id": "ae2c3877-b4f6-42e5-99fc-98862b292284",
    "Name": "James A. Anderson",
    "Address": "3969 Canis Heights Drive",
    "City": "Los Angeles",
    "State": "CA",
    "Zip": "90007",
    "SSN": "546-68-7221",
    "Location": "34.071541, -118.220427",
    "Phone": "213-749-7319",
    "CountryCode": "1",
    "DOB": "October 22, 1935",
    "Email": "JamesAAnderson@armyspy.com",
    "UserName": "Trou1935",
    "Website": "weiyangphoto.com",
    "Company": "O.K. Fairbanks",
    "Occupation": "Technical trainer",
    "HeightCM": "164",
    "WeightKG": "66.2",
    "BloodType": "O+",
    "Vehicle": "1998 SsangYong Chairman H",
    "Color": "White"
  },
  {
    "Id": "b8fe9a92-b983-4ce2-8bc4-b14aa70b7d08",
    "Name": "John B. Petterson",
    "Address": "2993 Cherry Camp Road",
    "City": "Lombard",
    "State": "IL",
    "Zip": "60148",
    "SSN": "345-36-3549",
    "Location": "41.871827, -87.962089",
    "Phone": "773-443-2745",
    "CountryCode": "1",
    "DOB": "May 27, 1990",
    "Email": "JohnBPetterson@teleworm.us",
    "UserName": "Conot1990",
    "Website": "efixus.com",
    "Company": "First Choice Yard Help",
    "Occupation": "Game warden",
    "HeightCM": "183",
    "WeightKG": "108.1",
    "BloodType": "A+",
    "Vehicle": "2002 Peugeot 406",
    "Color": "Black"
  },
  {
    "Id": "a8ac046d-f2de-4f22-8f78-ddaed1b952f3",
    "Name": "Victor L. Colgan",
    "Address": "1320 Pickens Way",
    "City": "Pecan Gap",
    "State": "TX",
    "Zip": "75469",
    "SSN": "627-58-9322",
    "Location": "33.388761, -95.755828",
    "Phone": "903-359-4771",
    "CountryCode": "1",
    "DOB": "November 14, 1988",
    "Email": "VictorLColgan@rhyta.com",
    "UserName": "Theirse",
    "Website": "burnavononline.com",
    "Company": "Britches of Georgetown",
    "Occupation": "Physicist",
    "HeightCM": "178",
    "WeightKG": "105.4",
    "BloodType": "A+",
    "Vehicle": "2010 Lincoln MKX",
    "Color": "Blue"
  },
  {
    "Id": "55b03204-7fbb-4560-85fd-bc04b073d6fd",
    "Name": "Donald M. Miller",
    "Address": "1695 McDowell Street",
    "City": "Nashville",
    "State": "TN",
    "Zip": "37238",
    "SSN": "414-48-7158",
    "Location": "36.089602, -86.85991",
    "Phone": "931-295-6730",
    "CountryCode": "1",
    "DOB": "September 18, 1953",
    "Email": "DonaldMMiller@teleworm.us",
    "UserName": "Dulaying",
    "Website": "cdlists.com",
    "Company": "Janeville",
    "Occupation": "Print binding and finishing worker",
    "HeightCM": "178",
    "WeightKG": "93.5",
    "BloodType": "O+",
    "Vehicle": "2012 Chevrolet Impala",
    "Color": "White"
  },
  {
    "Id": "30ddeaf9-d9b2-4ef6-9210-2226305593a7",
    "Name": "Roland M. Heath",
    "Address": "3581 Radford Street",
    "City": "Louisville",
    "State": "KY",
    "Zip": "40202",
    "SSN": "407-19-7577",
    "Location": "38.318243, -85.738723",
    "Phone": "502-257-6266",
    "CountryCode": "1",
    "DOB": "March 26, 1983",
    "Email": "RolandMHeath@rhyta.com",
    "UserName": "Marm1983",
    "Website": "addsavvysave.com",
    "Company": "Mostow Co.",
    "Occupation": "Environmental chemist",
    "HeightCM": "176",
    "WeightKG": "91.1",
    "BloodType": "A+",
    "Vehicle": "2012 SsangYong Rodius",
    "Color": "Blue"
  },
  {
    "Id": "a1491d0d-6f5e-4447-bc48-b169f32d1c72",
    "Name": "Wilma M. Estes",
    "Address": "3113 Nuzum Court",
    "City": "Buffalo",
    "State": "NY",
    "Zip": "14202",
    "SSN": "099-82-1816",
    "Location": "42.860713, -78.840724",
    "Phone": "716-541-9530",
    "CountryCode": "1",
    "DOB": "March 16, 1983",
    "Email": "WilmaMEstes@rhyta.com",
    "UserName": "Shouratied",
    "Website": "emojicp.com",
    "Company": "Sounds Great, Inc",
    "Occupation": "Product designer",
    "HeightCM": "167",
    "WeightKG": "76.1",
    "BloodType": "B+",
    "Vehicle": "2001 Ford Ranger",
    "Color": "Blue"
  },
  {
    "Id": "48b7a227-d8a1-4903-a922-4d7180dcb671",
    "Name": "Barbara M. Astudillo",
    "Address": "3711 Devils Hill Road",
    "City": "Jackson",
    "State": "MS",
    "Zip": "39201",
    "SSN": "427-62-6548",
    "Location": "32.335105, -90.119477",
    "Phone": "601-861-8871",
    "CountryCode": "1",
    "DOB": "August 14, 1963",
    "Email": "BarbaraMAstudillo@teleworm.us",
    "UserName": "Hagerre",
    "Website": "downloadidea.com",
    "Company": "National Record Mart",
    "Occupation": "Team assembler",
    "HeightCM": "160",
    "WeightKG": "74.7",
    "BloodType": "O+",
    "Vehicle": "1999 BMW 323",
    "Color": "Purple"
  },
  {
    "Id": "28c14934-aabb-4aab-99e7-64df90650b0a",
    "Name": "Mike M. Santoro",
    "Address": "3419 Nixon Avenue",
    "City": "Mansfield",
    "State": "OH",
    "Zip": "44907",
    "SSN": "283-20-3200",
    "Location": "40.796256, -82.538878",
    "Phone": "419-989-6066",
    "CountryCode": "1",
    "DOB": "March 20, 1960",
    "Email": "MikeMSantoro@armyspy.com",
    "UserName": "Aniused",
    "Website": "elreader.com",
    "Company": "National Hardgoods Distributors",
    "Occupation": "Songwriter",
    "HeightCM": "183",
    "WeightKG": "67.7",
    "BloodType": "B+",
    "Vehicle": "1993 Honda Civic Del Sol",
    "Color": "Green"
  },
  {
    "Id": "89997bfd-c834-42e9-a61f-1f7b72b09ce9",
    "Name": "Eugene L. Horrocks",
    "Address": "4410 Wildrose Lane",
    "City": "Detroit",
    "State": "MI",
    "Zip": "48219",
    "SSN": "372-60-7598",
    "Location": "42.505339, -83.313117",
    "Phone": "313-808-0688",
    "CountryCode": "1",
    "DOB": "June 24, 1939",
    "Email": "EugeneLHorrocks@teleworm.us",
    "UserName": "Lacial",
    "Website": "erictonline.com",
    "Company": "Chief Auto Parts",
    "Occupation": "Administrative director",
    "HeightCM": "174",
    "WeightKG": "102.2",
    "BloodType": "AB+",
    "Vehicle": "2002 Honda Torneo",
    "Color": "Blue"
  },
  {
    "Id": "182f10d5-63c5-4102-9714-96415dfe0236",
    "Name": "Lovie R. Landwehr",
    "Address": "837 Cottrill Lane",
    "City": "Saint Louis",
    "State": "MO",
    "Zip": "63146",
    "SSN": "495-90-3479",
    "Location": "38.668898, -90.550004",
    "Phone": "314-430-8734",
    "CountryCode": "1",
    "DOB": "December 14, 1962",
    "Email": "LovieRLandwehr@armyspy.com",
    "UserName": "Wateram",
    "Website": "pmezgvz.com",
    "Company": "Sistemos",
    "Occupation": "Compensation manager",
    "HeightCM": "162",
    "WeightKG": "79.4",
    "BloodType": "A+",
    "Vehicle": "1995 Mazda 121",
    "Color": "Red"
  },
  {
    "Id": "45f3a41c-9689-425f-bb5b-9d35a7261f24",
    "Name": "Bobby K. Hollar",
    "Address": "1780 Williams Mine Road",
    "City": "Newark",
    "State": "NJ",
    "Zip": "07102",
    "SSN": "137-92-4267",
    "Location": "40.772494, -74.15852",
    "Phone": "908-228-9481",
    "CountryCode": "1",
    "DOB": "February 26, 1956",
    "Email": "BobbyKHollar@armyspy.com",
    "UserName": "Bervelp",
    "Website": "bmhostelgroup.com",
    "Company": "Parklane Hosiery",
    "Occupation": "Operations analyst",
    "HeightCM": "172",
    "WeightKG": "73.7",
    "BloodType": "O+",
    "Vehicle": "2006 Mitsubishi Grandis",
    "Color": "Blue"
  },
  {
    "Id": "e6321c57-aa5e-479c-852b-7d57a04def02",
    "Name": "Hattie J. Ramos",
    "Address": "2695 Buck Drive",
    "City": "South Burlington",
    "State": "VT",
    "Zip": "05403",
    "SSN": "009-58-8903",
    "Location": "44.472715, -73.171402",
    "Phone": "802-231-8769",
    "CountryCode": "1",
    "DOB": "August 1, 1992",
    "Email": "HattieJRamos@armyspy.com",
    "UserName": "Pardisturn",
    "Website": "HoneymoonBooking.com",
    "Company": "Naugles",
    "Occupation": "Optical goods worker",
    "HeightCM": "171",
    "WeightKG": "70.0",
    "BloodType": "A+",
    "Vehicle": "2005 Suzuki Aerio",
    "Color": "Blue"
  },
  {
    "Id": "7308a249-f845-489e-b4e0-dd524e9ca569",
    "Name": "Brandie E. Lampkin",
    "Address": "2959 Maloy Court",
    "City": "Hays",
    "State": "KS",
    "Zip": "67601",
    "SSN": "511-18-1480",
    "Location": "38.966374, -99.410701",
    "Phone": "785-470-6151",
    "CountryCode": "1",
    "DOB": "June 15, 1970",
    "Email": "BrandieELampkin@jourrapide.com",
    "UserName": "Foraver",
    "Website": "batchpostlr.com",
    "Company": "I. Magnin",
    "Occupation": "Research psychologist",
    "HeightCM": "154",
    "WeightKG": "90.5",
    "BloodType": "B+",
    "Vehicle": "1999 Renault Megan",
    "Color": "Purple"
  },
  {
    "Id": "cc3c8b2f-ac7f-499d-85ae-63eeb74d48e5",
    "Name": "Jose E. Frances",
    "Address": "2481 Lake Forest Drive",
    "City": "Kansas City",
    "State": "KS",
    "Zip": "66210",
    "SSN": "513-22-1432",
    "Location": "39.133396, -94.78778",
    "Phone": "913-915-8926",
    "CountryCode": "1",
    "DOB": "May 31, 1992",
    "Email": "JoseEFrances@jourrapide.com",
    "UserName": "Moseloway",
    "Website": "barmecidea.com",
    "Company": "Pro Garden Management",
    "Occupation": "Lift truck operator",
    "HeightCM": "189",
    "WeightKG": "97.9",
    "BloodType": "A+",
    "Vehicle": "2005 Porsche GT2",
    "Color": "Blue"
  },
  {
    "Id": "6a650c25-af71-4776-b4ad-ca4c3d4cddb6",
    "Name": "Ronald M. Carter",
    "Address": "3617 Virgil Street",
    "City": "Panama City",
    "State": "FL",
    "Zip": "32401",
    "SSN": "769-01-1697",
    "Location": "30.11677, -85.651278",
    "Phone": "850-257-1322",
    "CountryCode": "1",
    "DOB": "September 21, 1937",
    "Email": "RonaldMCarter@jourrapide.com",
    "UserName": "Bections",
    "Website": "niccimack.com",
    "Company": "Mars Music",
    "Occupation": "Furniture finisher",
    "HeightCM": "176",
    "WeightKG": "72.3",
    "BloodType": "A+",
    "Vehicle": "2000 Toyota GT1",
    "Color": "Blue"
  },
  {
    "Id": "d22d6cef-561a-41d0-9313-b277125669fe",
    "Name": "Samuel M. Rodgers",
    "Address": "3542 Davis Court",
    "City": "Shobonier",
    "State": "IL",
    "Zip": "62885",
    "SSN": "352-84-3412",
    "Location": "38.933309, -88.967832",
    "Phone": "618-846-5439",
    "CountryCode": "1",
    "DOB": "December 17, 1976",
    "Email": "SamuelMRodgers@armyspy.com",
    "UserName": "Confuld1976",
    "Website": "rmgpam.com",
    "Company": "Farrell's Ice Cream Parlour",
    "Occupation": "Actor",
    "HeightCM": "182",
    "WeightKG": "85.0",
    "BloodType": "O+",
    "Vehicle": "2009 Renault Grand Scenic",
    "Color": "Brown"
  },
  {
    "Id": "373d378d-5b2e-430f-a967-37892ef77053",
    "Name": "George C. Townsend",
    "Address": "3916 Tennessee Avenue",
    "City": "Pontiac",
    "State": "MI",
    "Zip": "48342",
    "SSN": "381-54-8261",
    "Location": "42.739983, -83.274695",
    "Phone": "248-253-3845",
    "CountryCode": "1",
    "DOB": "May 7, 1948",
    "Email": "GeorgeCTownsend@dayrep.com",
    "UserName": "Swel1948",
    "Website": "rafacristo.com",
    "Company": "Blockbuster Music",
    "Occupation": "General practitioner",
    "HeightCM": "184",
    "WeightKG": "88.2",
    "BloodType": "B+",
    "Vehicle": "2010 Lada 111",
    "Color": "Silver"
  },
  {
    "Id": "09c05f08-6aae-405f-816e-2d6f14b4dfd0",
    "Name": "Walter J. Durrett",
    "Address": "1152 Joseph Street",
    "City": "New Berlin",
    "State": "WI",
    "Zip": "53151",
    "SSN": "395-96-6087",
    "Location": "43.007083, -88.049935",
    "Phone": "262-751-8111",
    "CountryCode": "1",
    "DOB": "March 3, 1953",
    "Email": "WalterJDurrett@teleworm.us",
    "UserName": "Whountlence",
    "Website": "penangcitizen.com",
    "Company": "Signa Air",
    "Occupation": "Management assistant",
    "HeightCM": "167",
    "WeightKG": "81.1",
    "BloodType": "O+",
    "Vehicle": "1994 Jeep Grand Cherokee",
    "Color": "Blue"
  },
  {
    "Id": "0bea74cf-ed51-41a8-bc52-bb4c952e7186",
    "Name": "Louella J. Soto",
    "Address": "1305 Meadow View Drive",
    "City": "Hartford",
    "State": "CT",
    "Zip": "06103",
    "SSN": "049-46-3275",
    "Location": "41.679598, -72.683252",
    "Phone": "860-473-0045",
    "CountryCode": "1",
    "DOB": "February 8, 1946",
    "Email": "LouellaJSoto@jourrapide.com",
    "UserName": "Stateen",
    "Website": "objectigee.com",
    "Company": "Gemco",
    "Occupation": "Counselor",
    "HeightCM": "151",
    "WeightKG": "79.7",
    "BloodType": "B+",
    "Vehicle": "2014 Toyota RAV4",
    "Color": "Yellow"
  },
  {
    "Id": "cbe21818-3de2-43f5-b582-cc17fc774a0e",
    "Name": "James K. Simmons",
    "Address": "2910 Marietta Street",
    "City": "Vallejo",
    "State": "CA",
    "Zip": "94590",
    "SSN": "556-37-4149",
    "Location": "38.170706, -122.193346",
    "Phone": "707-557-0992",
    "CountryCode": "1",
    "DOB": "March 29, 1950",
    "Email": "JamesKSimmons@armyspy.com",
    "UserName": "Lableason",
    "Website": "nuzulu.com",
    "Company": "Afterthoughts",
    "Occupation": "Personnel technician",
    "HeightCM": "172",
    "WeightKG": "107.2",
    "BloodType": "A+",
    "Vehicle": "2000 Ford Windstar",
    "Color": "Blue"
  },
  {
    "Id": "a60b9d2a-c366-4c61-8c0f-b52fc8cb5190",
    "Name": "Timothy J. Parker",
    "Address": "4056 Goff Avenue",
    "City": "Grand Rapids",
    "State": "MI",
    "Zip": "49503",
    "SSN": "374-62-1007",
    "Location": "42.85949, -85.628643",
    "Phone": "269-615-2881",
    "CountryCode": "1",
    "DOB": "March 21, 1962",
    "Email": "TimothyJParker@rhyta.com",
    "UserName": "Pappinging",
    "Website": "newestwebbers.com",
    "Company": "Dun Rite Lawn Maintenance",
    "Occupation": "Community health educator",
    "HeightCM": "176",
    "WeightKG": "77.1",
    "BloodType": "O-",
    "Vehicle": "2001 Toyota BB",
    "Color": "Blue"
  },
  {
    "Id": "953256f4-3a77-4ea9-9c90-3e53a5c33fca",
    "Name": "Mildred W. Ross",
    "Address": "2919 Gerald L. Bates Drive",
    "City": "Waltham",
    "State": "MA",
    "Zip": "02154",
    "SSN": "022-44-4653",
    "Location": "42.361281, -71.224175",
    "Phone": "617-838-4658",
    "CountryCode": "1",
    "DOB": "March 26, 1985",
    "Email": "MildredWRoss@teleworm.us",
    "UserName": "Wereaujubmis",
    "Website": "ativasoftwares.com",
    "Company": "Crandall's Fine Furniture",
    "Occupation": "Landscape contractor",
    "HeightCM": "156",
    "WeightKG": "75.0",
    "BloodType": "B+",
    "Vehicle": "2002 Dodge Neon",
    "Color": "Blue"
  },
  {
    "Id": "daaa7738-2b48-4bff-854e-eb4ebd93413a",
    "Name": "Rebecca R. Herrera",
    "Address": "3970 Nelm Street",
    "City": "Beltsville",
    "State": "VA",
    "Zip": "20705",
    "SSN": "227-17-9617",
    "Location": "39.122957, -76.898167",
    "Phone": "571-275-3871",
    "CountryCode": "1",
    "DOB": "May 6, 1946",
    "Email": "RebeccaRHerrera@dayrep.com",
    "UserName": "Nobosen",
    "Website": "NewsTutorial.com",
    "Company": "Pak and Save",
    "Occupation": "Cable line installer",
    "HeightCM": "158",
    "WeightKG": "94.7",
    "BloodType": "O+",
    "Vehicle": "2010 BMW 650",
    "Color": "Blue"
  },
  {
    "Id": "b5d18d56-05df-4a02-9050-90cce100274d",
    "Name": "Owen L. Kirwan",
    "Address": "4199 Copperhead Road",
    "City": "Cromwell",
    "State": "CT",
    "Zip": "06416",
    "SSN": "041-96-4301",
    "Location": "41.675415, -72.688656",
    "Phone": "860-635-5084",
    "CountryCode": "1",
    "DOB": "May 10, 1948",
    "Email": "OwenLKirwan@jourrapide.com",
    "UserName": "Adeatimeng",
    "Website": "dominoann.com",
    "Company": "Ransohoffs",
    "Occupation": "Curriculum specialist",
    "HeightCM": "170",
    "WeightKG": "72.5",
    "BloodType": "A+",
    "Vehicle": "2001 Ford Think Neighbor",
    "Color": "Red"
  },
  {
    "Id": "0de0e810-7570-491c-a16d-63627ee9a3d5",
    "Name": "Laura T. Thomas",
    "Address": "3959 Henry Ford Avenue",
    "City": "New York",
    "State": "NY",
    "Zip": "10007",
    "SSN": "062-07-5034",
    "Location": "40.647191, -74.048011",
    "Phone": "917-969-1706",
    "CountryCode": "1",
    "DOB": "July 26, 1989",
    "Email": "LauraTThomas@armyspy.com",
    "UserName": "Wasuroded",
    "Website": "CollectorTickets.com",
    "Company": "Specific Appraisals",
    "Occupation": "Author",
    "HeightCM": "170",
    "WeightKG": "88.9",
    "BloodType": "B+",
    "Vehicle": "1994 Lincoln Continental",
    "Color": "Brown"
  },
  {
    "Id": "71f0544d-6ad3-4985-ac60-63201502ece1",
    "Name": "Sharron M. Richardson",
    "Address": "440 Charla Lane",
    "City": "Dallas",
    "State": "TX",
    "Zip": "75202",
    "SSN": "462-63-2559",
    "Location": "32.809814, -96.840508",
    "Phone": "972-763-2476",
    "CountryCode": "1",
    "DOB": "October 27, 1955",
    "Email": "SharronMRichardson@jourrapide.com",
    "UserName": "Ancenum",
    "Website": "dlsdirectory.com",
    "Company": "Hughes Markets",
    "Occupation": "Diesel mechanic",
    "HeightCM": "167",
    "WeightKG": "82.3",
    "BloodType": "O+",
    "Vehicle": "1999 Buick Park Avenue",
    "Color": "Blue"
  },
  {
    "Id": "fea13fa0-8d46-4b6f-9782-95c9f21adbec",
    "Name": "Marlo K. Everett",
    "Address": "979 Paradise Lane",
    "City": "Pomona",
    "State": "CA",
    "Zip": "91766",
    "SSN": "570-77-3094",
    "Location": "33.959873, -117.72652",
    "Phone": "909-629-9720",
    "CountryCode": "1",
    "DOB": "April 29, 1993",
    "Email": "MarloKEverett@teleworm.us",
    "UserName": "Greggelf93",
    "Website": "emaildisc.com",
    "Company": "Strategic Profit",
    "Occupation": "LAN administrator",
    "HeightCM": "156",
    "WeightKG": "58.1",
    "BloodType": "A+",
    "Vehicle": "2000 Buick Park Avenue",
    "Color": "Purple"
  },
  {
    "Id": "ccb7a3e2-cdf5-4893-acd6-03b91be5cbe6",
    "Name": "Betty W. Bradley",
    "Address": "2646 Woodhill Avenue",
    "City": "Fork",
    "State": "MD",
    "Zip": "21051",
    "SSN": "220-71-2483",
    "Location": "39.42332, -76.446095",
    "Phone": "410-817-8815",
    "CountryCode": "1",
    "DOB": "September 30, 1972",
    "Email": "BettyWBradley@armyspy.com",
    "UserName": "Forrout",
    "Website": "countofdays.com",
    "Company": "Henry's Hamburgers",
    "Occupation": "Commission clerk",
    "HeightCM": "172",
    "WeightKG": "97.6",
    "BloodType": "O+",
    "Vehicle": "2003 Xedos 9",
    "Color": "Blue"
  },
  {
    "Id": "81dae62d-0e4a-4571-9a6e-d5a1de262ef7",
    "Name": "Cheryl J. Williams",
    "Address": "3282 Fannie Street",
    "City": "Brenham",
    "State": "TX",
    "Zip": "77833",
    "SSN": "636-98-5390",
    "Location": "30.229611, -96.456948",
    "Phone": "979-277-8183",
    "CountryCode": "1",
    "DOB": "December 31, 1960",
    "Email": "CherylJWilliams@jourrapide.com",
    "UserName": "Stagn1960",
    "Website": "discountcorpny.com",
    "Company": "Architectural Genie",
    "Occupation": "Mixing and blending machine setter",
    "HeightCM": "170",
    "WeightKG": "85.5",
    "BloodType": "A+",
    "Vehicle": "1992 Buick Century",
    "Color": "Green"
  },
  {
    "Id": "ba4e020f-c692-4552-b0f4-07e41d0c68be",
    "Name": "Guadalupe T. Pugh",
    "Address": "2230 Dog Hill Lane",
    "City": "Almena",
    "State": "KS",
    "Zip": "67622",
    "SSN": "514-44-7148",
    "Location": "39.793734, -99.744008",
    "Phone": "785-669-9392",
    "CountryCode": "1",
    "DOB": "June 29, 1942",
    "Email": "GuadalupeTPugh@dayrep.com",
    "UserName": "Drocaulta",
    "Website": "shadowoblivion.com",
    "Company": "The Wall",
    "Occupation": "Translator",
    "HeightCM": "158",
    "WeightKG": "76.6",
    "BloodType": "A+",
    "Vehicle": "2007 Opel Vivaro",
    "Color": "Purple"
  },
  {
    "Id": "5ae7c0d3-4b98-447d-9010-76387aa0b840",
    "Name": "Loan C. Graham",
    "Address": "4955 Hilltop Street",
    "City": "Springfield",
    "State": "MA",
    "Zip": "01109",
    "SSN": "024-88-6741",
    "Location": "42.135756, -72.553869",
    "Phone": "413-658-8056",
    "CountryCode": "1",
    "DOB": "July 12, 1986",
    "Email": "LoanCGraham@jourrapide.com",
    "UserName": "Upied1986",
    "Website": "thevoxtones.com",
    "Company": "La Petite Boulangerie",
    "Occupation": "Small engine mechanic",
    "HeightCM": "164",
    "WeightKG": "99.5",
    "BloodType": "B+",
    "Vehicle": "2005 Proton Juara",
    "Color": "Blue"
  },
  {
    "Id": "8c59f35c-0146-4946-8b50-9ac185935171",
    "Name": "Nathan L. Freeman",
    "Address": "3326 Half and Half Drive",
    "City": "Laton",
    "State": "CA",
    "Zip": "93242",
    "SSN": "623-33-3862",
    "Location": "36.531471, -119.627705",
    "Phone": "559-923-6456",
    "CountryCode": "1",
    "DOB": "July 6, 1935",
    "Email": "NathanLFreeman@rhyta.com",
    "UserName": "Coveregs",
    "Website": "underparenting.com",
    "Company": "Strategy Consulting",
    "Occupation": "Claims adjuster",
    "HeightCM": "170",
    "WeightKG": "92.3",
    "BloodType": "A-",
    "Vehicle": "2001 GMC Sonoma",
    "Color": "Blue"
  },
  {
    "Id": "1bffffbb-e2e2-4092-8cc5-5621e941ed73",
    "Name": "Ella C. Patton",
    "Address": "4792 Raver Croft Drive",
    "City": "Chattanooga",
    "State": "TN",
    "Zip": "37403",
    "SSN": "756-01-7130",
    "Location": "34.960261, -85.370451",
    "Phone": "423-650-5002",
    "CountryCode": "1",
    "DOB": "December 17, 1937",
    "Email": "EllaCPatton@armyspy.com",
    "UserName": "Froned",
    "Website": "contacttect.com",
    "Company": "Piece Goods Fabric",
    "Occupation": "Choreographer",
    "HeightCM": "157",
    "WeightKG": "52.0",
    "BloodType": "B+",
    "Vehicle": "2001 Nissan Avenir",
    "Color": "Green"
  },
  {
    "Id": "645654aa-6b13-47ed-9c13-be5d3095631c",
    "Name": "Tommie R. Cantu",
    "Address": "1538 Simpson Avenue",
    "City": "Belleville",
    "State": "PA",
    "Zip": "17004",
    "SSN": "201-48-7653",
    "Location": "40.486286, -77.677439",
    "Phone": "717-935-9696",
    "CountryCode": "1",
    "DOB": "June 24, 1957",
    "Email": "TommieRCantu@rhyta.com",
    "UserName": "Netur1957",
    "Website": "agepros.com",
    "Company": "Multi Tech Development",
    "Occupation": "Electronic equipment repairer",
    "HeightCM": "165",
    "WeightKG": "94.5",
    "BloodType": "B+",
    "Vehicle": "2012 Lincoln Navigator",
    "Color": "Green"
  },
  {
    "Id": "8cd4e142-d3f7-4539-9c24-ccd7f7247ccd",
    "Name": "William M. Lewis",
    "Address": "360 Bridge Avenue",
    "City": "Jennings",
    "State": "LA",
    "Zip": "70546",
    "SSN": "665-09-2634",
    "Location": "30.287249, -92.698604",
    "Phone": "337-824-1876",
    "CountryCode": "1",
    "DOB": "March 30, 1965",
    "Email": "WilliamMLewis@armyspy.com",
    "UserName": "Vibody1965",
    "Website": "freedompulse.com",
    "Company": "Harmony House",
    "Occupation": "Administrative director",
    "HeightCM": "178",
    "WeightKG": "110.8",
    "BloodType": "O+",
    "Vehicle": "2000 Bristol Blenheim",
    "Color": "Blue"
  },
  {
    "Id": "dcd6b001-0bc6-4129-9e67-1a33e9c45af0",
    "Name": "Mario M. Loveday",
    "Address": "3800 Clearview Drive",
    "City": "Denver",
    "State": "CO",
    "Zip": "80202",
    "SSN": "650-34-5913",
    "Location": "39.775911, -104.961161",
    "Phone": "303-653-1181",
    "CountryCode": "1",
    "DOB": "May 1, 1970",
    "Email": "MarioMLoveday@armyspy.com",
    "UserName": "Stoge1970",
    "Website": "delaneyplamp.com",
    "Company": "Price Savers",
    "Occupation": "Obstetrician",
    "HeightCM": "168",
    "WeightKG": "103.8",
    "BloodType": "A+",
    "Vehicle": "1996 Nissan Gloria",
    "Color": "Blue"
  },
  {
    "Id": "06eb0a57-7ea1-4584-ae3a-53a75f88eaec",
    "Name": "Ella J. Holloway",
    "Address": "2238 Maud Street",
    "City": "Philadelphia",
    "State": "DE",
    "Zip": "19108",
    "SSN": "221-04-8573",
    "Location": "39.921293, -75.128598",
    "Phone": "302-725-0927",
    "CountryCode": "1",
    "DOB": "February 23, 1970",
    "Email": "EllaJHolloway@armyspy.com",
    "UserName": "Wrecertrecan1970",
    "Website": "ladyashtea.com",
    "Company": "Food Giant",
    "Occupation": "Psychiatric nursing assistant",
    "HeightCM": "167",
    "WeightKG": "94.7",
    "BloodType": "B+",
    "Vehicle": "2002 Skoda Octavia",
    "Color": "Blue"
  },
  {
    "Id": "1c17db1d-5d7b-4111-ad39-deee170f3f74",
    "Name": "Ervin S. Paul",
    "Address": "1619 Brookside Drive",
    "City": "Birmingham",
    "State": "AL",
    "Zip": "35244",
    "SSN": "417-41-7513",
    "Location": "33.255714, -86.839481",
    "Phone": "205-404-0027",
    "CountryCode": "1",
    "DOB": "July 23, 1947",
    "Email": "ErvinSPaul@armyspy.com",
    "UserName": "Upposer",
    "Website": "camprecording.com",
    "Company": "Sagebrush",
    "Occupation": "Ophthalmic nurse",
    "HeightCM": "172",
    "WeightKG": "105.5",
    "BloodType": "O-",
    "Vehicle": "2014 Volkswagen Beetle",
    "Color": "Red"
  },
  {
    "Id": "69563bba-8bc6-41fe-a088-9175881a54d5",
    "Name": "Emily K. Burchette",
    "Address": "3515 Farnum Road",
    "City": "New York",
    "State": "NY",
    "Zip": "10010",
    "SSN": "114-68-9112",
    "Location": "40.787534, -74.022235",
    "Phone": "212-364-3006",
    "CountryCode": "1",
    "DOB": "April 29, 1967",
    "Email": "EmilyKBurchette@armyspy.com",
    "UserName": "Amigh1967",
    "Website": "smokewaggon.com",
    "Company": "Audio Visions",
    "Occupation": "Highway patrol officer",
    "HeightCM": "167",
    "WeightKG": "74.9",
    "BloodType": "A+",
    "Vehicle": "2005 Scion T2B",
    "Color": "Red"
  },
  {
    "Id": "9563ed89-3985-40f2-baf2-8e9abfb80209",
    "Name": "Regina R. Hampton",
    "Address": "4107 Stratford Park",
    "City": "Owensburg",
    "State": "IN",
    "Zip": "47453",
    "SSN": "304-07-7289",
    "Location": "38.843158, -86.677822",
    "Phone": "812-863-6866",
    "CountryCode": "1",
    "DOB": "March 24, 1941",
    "Email": "ReginaRHampton@jourrapide.com",
    "UserName": "Trepen",
    "Website": "babescenes.com",
    "Company": "Block Distributors",
    "Occupation": "Support service manager",
    "HeightCM": "156",
    "WeightKG": "92.9",
    "BloodType": "O+",
    "Vehicle": "1996 Nissan Patrol",
    "Color": "Blue"
  },
  {
    "Id": "51480d25-c6ec-476a-98c6-573b519c46e4",
    "Name": "Alice K. Whiten",
    "Address": "1983 Harrison Street",
    "City": "Oakland",
    "State": "CA",
    "Zip": "94612",
    "SSN": "603-10-1913",
    "Location": "37.84702, -122.175704",
    "Phone": "415-573-7258",
    "CountryCode": "1",
    "DOB": "May 18, 1960",
    "Email": "AliceKWhiten@dayrep.com",
    "UserName": "Stakinan",
    "Website": "littlemommybaby.com",
    "Company": "Network Air",
    "Occupation": "Data entry worker",
    "HeightCM": "157",
    "WeightKG": "86.4",
    "BloodType": "B+",
    "Vehicle": "2005 Ginetta G34",
    "Color": "Orange"
  },
  {
    "Id": "207fdaec-7f1f-462c-8526-98c1a7a63cc2",
    "Name": "Stephanie A. Nelson",
    "Address": "2624 Still Pastures Drive",
    "City": "Lynchburg",
    "State": "SC",
    "Zip": "29080",
    "SSN": "247-20-6702",
    "Location": "34.051376, -80.11246",
    "Phone": "803-437-6859",
    "CountryCode": "1",
    "DOB": "January 3, 1944",
    "Email": "StephanieANelson@jourrapide.com",
    "UserName": "Droasing1944",
    "Website": "gohdvideos.com",
    "Company": "Ejecta",
    "Occupation": "Pulmonary function technologist",
    "HeightCM": "151",
    "WeightKG": "50.8",
    "BloodType": "O-",
    "Vehicle": "2002 Lexus RX",
    "Color": "Green"
  },
  {
    "Id": "585879c1-f01a-4cc0-8b18-f5b3d07fa4af",
    "Name": "Arturo E. Long",
    "Address": "1523 Pallet Street",
    "City": "Middletown",
    "State": "NY",
    "Zip": "10940",
    "SSN": "132-60-7411",
    "Location": "41.522815, -74.521671",
    "Phone": "914-443-0083",
    "CountryCode": "1",
    "DOB": "February 28, 1989",
    "Email": "ArturoELong@armyspy.com",
    "UserName": "Eastring",
    "Website": "holdmykeys.com",
    "Company": "Fretter",
    "Occupation": "Loading machine operator",
    "HeightCM": "185",
    "WeightKG": "95.4",
    "BloodType": "A-",
    "Vehicle": "2004 Pagani Zonda",
    "Color": "Red"
  },
  {
    "Id": "d06876f5-47ef-4218-b6ca-6dcca40dc3b3",
    "Name": "Cheri M. Rodriquez",
    "Address": "1402 Sand Fork Road",
    "City": "Winamac",
    "State": "IN",
    "Zip": "46996",
    "SSN": "306-82-3400",
    "Location": "41.12421, -86.607541",
    "Phone": "574-946-4400",
    "CountryCode": "1",
    "DOB": "January 4, 1933",
    "Email": "CheriMRodriquez@teleworm.us",
    "UserName": "Sorece",
    "Website": "gritpaper.com",
    "Company": "Nedick's",
    "Occupation": "Electronic drafter",
    "HeightCM": "163",
    "WeightKG": "57.0",
    "BloodType": "A+",
    "Vehicle": "1999 Proton Saloon",
    "Color": "Red"
  },
  {
    "Id": "26d40f5f-b0f0-4d51-bc85-b1b462056c0a",
    "Name": "Eva M. Hardin",
    "Address": "3512 Tyler Avenue",
    "City": "Ft Lauderdale",
    "State": "FL",
    "Zip": "33311",
    "SSN": "265-93-9806",
    "Location": "26.098031, -80.103059",
    "Phone": "305-318-0152",
    "CountryCode": "1",
    "DOB": "March 3, 1954",
    "Email": "EvaMHardin@dayrep.com",
    "UserName": "Peding1954",
    "Website": "adgobble.com",
    "Company": "Micro Design",
    "Occupation": "Milling and planing machine setter",
    "HeightCM": "167",
    "WeightKG": "88.3",
    "BloodType": "O+",
    "Vehicle": "1993 Beijing BJ 2020",
    "Color": "Blue"
  },
  {
    "Id": "53745795-006f-4471-b771-420dd260fa34",
    "Name": "Kelly M. Sanchez",
    "Address": "4546 Timberbrook Lane",
    "City": "Durango",
    "State": "CO",
    "Zip": "81301",
    "SSN": "653-18-1118",
    "Location": "37.383824, -107.800059",
    "Phone": "970-335-1197",
    "CountryCode": "1",
    "DOB": "February 2, 1989",
    "Email": "KellyMSanchez@rhyta.com",
    "UserName": "Monellead",
    "Website": "antromoda.com",
    "Company": "Afterthoughts",
    "Occupation": "Midshipman",
    "HeightCM": "165",
    "WeightKG": "98.9",
    "BloodType": "O+",
    "Vehicle": "1998 Mitsubishi Colt",
    "Color": "Orange"
  },
  {
    "Id": "384c8f04-9bdb-498f-a037-45bada0dd718",
    "Name": "Richard B. Harrington",
    "Address": "2095 Saint Marys Avenue",
    "City": "Syracuse",
    "State": "NY",
    "Zip": "13202",
    "SSN": "111-76-3132",
    "Location": "43.076619, -76.099142",
    "Phone": "315-856-0595",
    "CountryCode": "1",
    "DOB": "July 15, 1953",
    "Email": "RichardBHarrington@rhyta.com",
    "UserName": "Thosee",
    "Website": "momsocala.com",
    "Company": "Morrison's Cafeteria",
    "Occupation": "Executive editor",
    "HeightCM": "173",
    "WeightKG": "65.2",
    "BloodType": "O+",
    "Vehicle": "2012 Mazda CX-7",
    "Color": "Blue"
  },
  {
    "Id": "2df61a4c-2f10-4fa3-81aa-3ffd2f9b424f",
    "Name": "Susan G. Browning",
    "Address": "2315 Buffalo Creek Road",
    "City": "Nashville",
    "State": "TN",
    "Zip": "37207",
    "SSN": "757-01-5848",
    "Location": "36.331343, -86.820976",
    "Phone": "615-945-8833",
    "CountryCode": "1",
    "DOB": "April 23, 1941",
    "Email": "SusanGBrowning@dayrep.com",
    "UserName": "Usen1941",
    "Website": "dcastleman.com",
    "Company": "Food Barn",
    "Occupation": "Airport terminal controller",
    "HeightCM": "156",
    "WeightKG": "87.4",
    "BloodType": "A+",
    "Vehicle": "2007 Honda Accord",
    "Color": "Purple"
  },
  {
    "Id": "2090bfd1-a9d1-4317-a014-feba55fbe315",
    "Name": "John J. Summers",
    "Address": "3929 Ritter Avenue",
    "City": "Detroit",
    "State": "MI",
    "Zip": "48226",
    "SSN": "383-72-3731",
    "Location": "42.383213, -82.972969",
    "Phone": "586-675-3134",
    "CountryCode": "1",
    "DOB": "May 15, 1962",
    "Email": "JohnJSummers@rhyta.com",
    "UserName": "Onsid1962",
    "Website": "spreadtheglo.com",
    "Company": "Sherman's",
    "Occupation": "Excavating operator",
    "HeightCM": "188",
    "WeightKG": "111.3",
    "BloodType": "O+",
    "Vehicle": "1995 Oldsmobile Cutlass",
    "Color": "Blue"
  },
  {
    "Id": "ed4bff48-ac76-4e4f-9b7f-238351ae521e",
    "Name": "Anthony M. Jackson",
    "Address": "1816 West Fork Street",
    "City": "Helena",
    "State": "MT",
    "Zip": "59601",
    "SSN": "516-62-5011",
    "Location": "46.493151, -112.118825",
    "Phone": "406-431-7224",
    "CountryCode": "1",
    "DOB": "May 14, 1989",
    "Email": "AnthonyMJackson@rhyta.com",
    "UserName": "Onele1989",
    "Website": "craftsforpets.com",
    "Company": "Kiddie City",
    "Occupation": "Substance abuse social worker",
    "HeightCM": "180",
    "WeightKG": "70.7",
    "BloodType": "A+",
    "Vehicle": "2014 Mazda MAZDA2",
    "Color": "Red"
  },
  {
    "Id": "cd69638b-5b6a-4095-8826-63628eb6424f",
    "Name": "Dean L. Charles",
    "Address": "117 Ashcraft Court",
    "City": "La Mesa",
    "State": "CA",
    "Zip": "91941",
    "SSN": "614-33-3280",
    "Location": "32.785967, -116.96349",
    "Phone": "619-433-4857",
    "CountryCode": "1",
    "DOB": "July 4, 1980",
    "Email": "DeanLCharles@armyspy.com",
    "UserName": "Forripsy",
    "Website": "HikingAuthority.com",
    "Company": "Matrix Interior Design",
    "Occupation": "Home inspector",
    "HeightCM": "185",
    "WeightKG": "94.5",
    "BloodType": "B+",
    "Vehicle": "2008 Lotus Exige",
    "Color": "Brown"
  },
  {
    "Id": "5854a5a1-aca6-4f79-85d2-30c001d1ac1f",
    "Name": "Robert R. Aman",
    "Address": "1845 Oak Lane",
    "City": "Elmo",
    "State": "MO",
    "Zip": "64445",
    "SSN": "492-12-8122",
    "Location": "40.435364, -95.175598",
    "Phone": "660-742-0439",
    "CountryCode": "1",
    "DOB": "March 30, 1975",
    "Email": "RobertRAman@armyspy.com",
    "UserName": "Showelve1975",
    "Website": "ltdkix.com",
    "Company": "House Of Denmark",
    "Occupation": "Office machine and cash register technician",
    "HeightCM": "181",
    "WeightKG": "108.9",
    "BloodType": "O+",
    "Vehicle": "1993 Saab 900",
    "Color": "Black"
  },
  {
    "Id": "a576d5f9-fa2c-4f31-9b26-db335550fd82",
    "Name": "Helen J. Johnson",
    "Address": "2456 Morgan Street",
    "City": "Panama City",
    "State": "FL",
    "Zip": "32401",
    "SSN": "589-99-2422",
    "Location": "30.235513, -85.593196",
    "Phone": "850-441-4798",
    "CountryCode": "1",
    "DOB": "April 2, 1958",
    "Email": "HelenJJohnson@rhyta.com",
    "UserName": "Stakinan",
    "Website": "prestamoporsms.com",
    "Company": "Sound Advice",
    "Occupation": "Reservation and transportation ticket agent",
    "HeightCM": "155",
    "WeightKG": "57.5",
    "BloodType": "O+",
    "Vehicle": "2005 Mazda 5",
    "Color": "Green"
  },
  {
    "Id": "8dddd639-78d4-4b83-9067-a992f8abc1d0",
    "Name": "Terry C. Peterson",
    "Address": "2085 Emma Street",
    "City": "Texhoma",
    "State": "TX",
    "Zip": "73949",
    "SSN": "643-18-7595",
    "Location": "36.563135, -101.915858",
    "Phone": "806-827-5267",
    "CountryCode": "1",
    "DOB": "November 9, 1979",
    "Email": "TerryCPeterson@armyspy.com",
    "UserName": "Satim1979",
    "Website": "mekimeki.com",
    "Company": "John M. Smyth's Homemakers",
    "Occupation": "Painting, coating, and decorating worker",
    "HeightCM": "179",
    "WeightKG": "98.9",
    "BloodType": "AB-",
    "Vehicle": "2002 Lancia Lybra",
    "Color": "Blue"
  },
  {
    "Id": "31c21001-ef54-428c-b7eb-ea105acfa7a6",
    "Name": "Maria V. Whittington",
    "Address": "4780 Robinson Court",
    "City": "Bay City",
    "State": "MI",
    "Zip": "48706",
    "SSN": "378-74-7541",
    "Location": "43.638175, -84.012519",
    "Phone": "989-513-2111",
    "CountryCode": "1",
    "DOB": "October 11, 1981",
    "Email": "MariaVWhittington@armyspy.com",
    "UserName": "Chaddive",
    "Website": "matthewlchin.com",
    "Company": "Hugh M. Woods",
    "Occupation": "Hunter",
    "HeightCM": "167",
    "WeightKG": "82.5",
    "BloodType": "AB+",
    "Vehicle": "2003 Pagani Zonda",
    "Color": "Orange"
  },
  {
    "Id": "06af7f3b-1e2a-4660-9684-88c7357a3cbd",
    "Name": "William M. Corns",
    "Address": "1241 Green Street",
    "City": "Nashville",
    "State": "TN",
    "Zip": "37211",
    "SSN": "762-01-3567",
    "Location": "36.002273, -86.64318",
    "Phone": "615-496-4292",
    "CountryCode": "1",
    "DOB": "September 6, 1950",
    "Email": "WilliamMCorns@rhyta.com",
    "UserName": "Debtled",
    "Website": "ironturkey.com",
    "Company": "Poore Simon's",
    "Occupation": "Administrative law judge",
    "HeightCM": "171",
    "WeightKG": "81.4",
    "BloodType": "B+",
    "Vehicle": "2005 Holden Statesman",
    "Color": "Blue"
  },
  {
    "Id": "3c12d85b-962b-4a41-9dcd-15f260340521",
    "Name": "Betty J. Rogers",
    "Address": "2889 Fleming Street",
    "City": "Andalusia",
    "State": "AL",
    "Zip": "36420",
    "SSN": "422-01-3930",
    "Location": "31.245803, -86.63661",
    "Phone": "334-428-1706",
    "CountryCode": "1",
    "DOB": "February 3, 1952",
    "Email": "BettyJRogers@rhyta.com",
    "UserName": "Homad1952",
    "Website": "akuino.com",
    "Company": "Realty Depot",
    "Occupation": "Photojournalist",
    "HeightCM": "165",
    "WeightKG": "67.3",
    "BloodType": "O+",
    "Vehicle": "2015 Mercedes-Benz GL-Class",
    "Color": "Yellow"
  },
  {
    "Id": "0a8c392e-ebaf-40c7-af7a-603931429d8a",
    "Name": "Veronica S. Meade",
    "Address": "4934 Echo Lane",
    "City": "Bellevue",
    "State": "MI",
    "Zip": "49021",
    "SSN": "373-80-6021",
    "Location": "42.435914, -85.167492",
    "Phone": "269-763-8955",
    "CountryCode": "1",
    "DOB": "October 25, 1948",
    "Email": "VeronicaSMeade@rhyta.com",
    "UserName": "Samid1948",
    "Website": "medicalorific.com",
    "Company": "Golf Augusta Pro Shops",
    "Occupation": "Air traffic controller",
    "HeightCM": "155",
    "WeightKG": "95.2",
    "BloodType": "A+",
    "Vehicle": "2003 Porsche 996",
    "Color": "Blue"
  },
  {
    "Id": "67e83f06-ffc5-48fd-b670-741ae309c6d9",
    "Name": "Rocky J. Otero",
    "Address": "2359 Gregory Lane",
    "City": "Louisville",
    "State": "KY",
    "Zip": "40299",
    "SSN": "401-50-3123",
    "Location": "38.214393, -85.446639",
    "Phone": "502-551-1012",
    "CountryCode": "1",
    "DOB": "January 9, 1983",
    "Email": "RockyJOtero@rhyta.com",
    "UserName": "Chember1983",
    "Website": "adornedmural.com",
    "Company": "Red Baron Electronics",
    "Occupation": "Auditing clerk",
    "HeightCM": "172",
    "WeightKG": "95.3",
    "BloodType": "AB+",
    "Vehicle": "2010 Audi S5",
    "Color": "Blue"
  },
  {
    "Id": "13937346-8f81-4519-9e60-b9afcdf64090",
    "Name": "Alfredo G. Woodward",
    "Address": "432 Seltice Way",
    "City": "Hayden Lake",
    "State": "ID",
    "Zip": "83835",
    "SSN": "518-22-6017",
    "Location": "47.779335, -116.666604",
    "Phone": "208-772-8756",
    "CountryCode": "1",
    "DOB": "August 22, 1970",
    "Email": "AlfredoGWoodward@jourrapide.com",
    "UserName": "Cotne1970",
    "Website": "evaluatemysleep.com",
    "Company": "STM Auto Parts",
    "Occupation": "Cost/investment recovery technician",
    "HeightCM": "184",
    "WeightKG": "108.8",
    "BloodType": "B+",
    "Vehicle": "2004 Volkswagen Passat",
    "Color": "Blue"
  },
  {
    "Id": "8e4f1691-2dbf-4033-9e03-4d56c23fcb63",
    "Name": "Brian S. Ellis",
    "Address": "3144 Dale Avenue",
    "City": "Tacoma",
    "State": "WA",
    "Zip": "98423",
    "SSN": "537-56-8721",
    "Location": "47.280242, -122.466835",
    "Phone": "253-835-2621",
    "CountryCode": "1",
    "DOB": "April 17, 1938",
    "Email": "BrianSEllis@teleworm.us",
    "UserName": "Harse1938",
    "Website": "familiaraices.com",
    "Company": "Star Interior Design",
    "Occupation": "Tree pruner",
    "HeightCM": "184",
    "WeightKG": "95.6",
    "BloodType": "B+",
    "Vehicle": "2002 Fiat Barchetta",
    "Color": "Blue"
  },
  {
    "Id": "04f324e0-59fe-4195-99ec-35ec1434558b",
    "Name": "Carolyn J. Barahona",
    "Address": "1112 Romano Street",
    "City": "Needham",
    "State": "MA",
    "Zip": "02192",
    "SSN": "029-38-5065",
    "Location": "42.305089, -71.301185",
    "Phone": "781-449-6189",
    "CountryCode": "1",
    "DOB": "July 7, 1958",
    "Email": "CarolynJBarahona@dayrep.com",
    "UserName": "Witurn",
    "Website": "garyoverturf.com",
    "Company": "Heslop's",
    "Occupation": "Social work assistant",
    "HeightCM": "161",
    "WeightKG": "64.3",
    "BloodType": "A+",
    "Vehicle": "2004 Mercedes-Benz CLK",
    "Color": "Purple"
  },
  {
    "Id": "56b63ee9-54a6-486a-b83a-f623f41728ba",
    "Name": "Gus E. Perkins",
    "Address": "52 Creekside Lane",
    "City": "Sherman Oaks",
    "State": "CA",
    "Zip": "91403",
    "SSN": "546-63-7809",
    "Location": "34.227777, -118.372898",
    "Phone": "805-629-9330",
    "CountryCode": "1",
    "DOB": "June 26, 1984",
    "Email": "GusEPerkins@dayrep.com",
    "UserName": "Inteldrour",
    "Website": "crossroadsvapor.com",
    "Company": "Coconut's",
    "Occupation": "Tumbling barrel painter",
    "HeightCM": "177",
    "WeightKG": "96.9",
    "BloodType": "A+",
    "Vehicle": "2006 Ford Freestyle",
    "Color": "Green"
  },
  {
    "Id": "4549f903-0af1-4264-92dc-f2b83ce2f155",
    "Name": "Lisa J. Brown",
    "Address": "2895 Tanglewood Road",
    "City": "Tupelo",
    "State": "MS",
    "Zip": "38801",
    "SSN": "587-01-1449",
    "Location": "34.284117, -88.696389",
    "Phone": "662-821-4968",
    "CountryCode": "1",
    "DOB": "July 20, 1934",
    "Email": "LisaJBrown@jourrapide.com",
    "UserName": "Surnoted",
    "Website": "golfwikki.com",
    "Company": "Our Own Hardware",
    "Occupation": "Brickmason",
    "HeightCM": "151",
    "WeightKG": "59.6",
    "BloodType": "A+",
    "Vehicle": "1999 Honda City",
    "Color": "Yellow"
  },
  {
    "Id": "4f6c5cb3-4a18-47b1-a7e6-385e2c4f25aa",
    "Name": "Bill M. Roth",
    "Address": "3795 Nixon Avenue",
    "City": "Chatfield",
    "State": "OH",
    "Zip": "44825",
    "SSN": "269-12-6736",
    "Location": "40.957466, -83.022335",
    "Phone": "419-988-0131",
    "CountryCode": "1",
    "DOB": "October 9, 1961",
    "Email": "BillMRoth@teleworm.us",
    "UserName": "Heavow",
    "Website": "lupystrikesurf.com",
    "Company": "Delchamps",
    "Occupation": "Game warden",
    "HeightCM": "186",
    "WeightKG": "66.9",
    "BloodType": "B+",
    "Vehicle": "2000 Suzuki Swift",
    "Color": "Blue"
  },
  {
    "Id": "c8d8b306-a324-46a4-ae5a-696d0d5483c0",
    "Name": "David L. Woods",
    "Address": "828 Main Street",
    "City": "Tukwila",
    "State": "WA",
    "Zip": "98188",
    "SSN": "538-01-1405",
    "Location": "47.443347, -122.202732",
    "Phone": "425-732-7914",
    "CountryCode": "1",
    "DOB": "April 12, 1962",
    "Email": "DavidLWoods@rhyta.com",
    "UserName": "Pernedge",
    "Website": "ListAvailable.com",
    "Company": "Susie's Casuals",
    "Occupation": "Social science research assistant",
    "HeightCM": "170",
    "WeightKG": "102.0",
    "BloodType": "AB+",
    "Vehicle": "2012 Proton Savvy",
    "Color": "Blue"
  },
  {
    "Id": "4aec48e1-ae1d-4019-8dc8-da76363b10b4",
    "Name": "Tracy B. White",
    "Address": "1318 Five Points",
    "City": "Baltimore",
    "State": "MD",
    "Zip": "21201",
    "SSN": "218-57-2773",
    "Location": "39.297609, -76.655353",
    "Phone": "443-317-6792",
    "CountryCode": "1",
    "DOB": "January 3, 1991",
    "Email": "TracyBWhite@jourrapide.com",
    "UserName": "Luctaps",
    "Website": "thermobioinc.com",
    "Company": "Laneco",
    "Occupation": "Photographic retoucher",
    "HeightCM": "159",
    "WeightKG": "72.0",
    "BloodType": "B+",
    "Vehicle": "2003 Ford Puma",
    "Color": "Blue"
  },
  {
    "Id": "6557ce0a-5c6a-42f7-8c35-4ea93a264381",
    "Name": "Donald M. Richardson",
    "Address": "3339 Travis Street",
    "City": "Sebastian",
    "State": "FL",
    "Zip": "32958",
    "SSN": "263-16-3825",
    "Location": "27.767909, -80.494059",
    "Phone": "772-589-0858",
    "CountryCode": "1",
    "DOB": "January 24, 1981",
    "Email": "DonaldMRichardson@dayrep.com",
    "UserName": "Trity1981",
    "Website": "bulgyou.com",
    "Company": "Courtesy Hardware Store",
    "Occupation": "Airbrush artist",
    "HeightCM": "172",
    "WeightKG": "92.5",
    "BloodType": "B+",
    "Vehicle": "2004 Bugatti Veyron",
    "Color": "Blue"
  },
  {
    "Id": "aad923e3-bf5c-4554-a7bb-76ca81be931c",
    "Name": "Timothy L. Sweeney",
    "Address": "859 Marcus Street",
    "City": "Huntsville",
    "State": "AL",
    "Zip": "35802",
    "SSN": "423-94-8797",
    "Location": "34.594392, -86.551097",
    "Phone": "256-642-1558",
    "CountryCode": "1",
    "DOB": "September 27, 1967",
    "Email": "TimothyLSweeney@teleworm.us",
    "UserName": "Inack1967",
    "Website": "ryumark.com",
    "Company": "Strongbod",
    "Occupation": "Word processor",
    "HeightCM": "184",
    "WeightKG": "101.3",
    "BloodType": "A+",
    "Vehicle": "2007 Saab 9-7X",
    "Color": "Red"
  },
  {
    "Id": "6de2e2c0-95ce-4caa-bccf-ab239273ba3b",
    "Name": "Terry C. Nale",
    "Address": "4248 Turkey Pen Lane",
    "City": "Montgomery",
    "State": "AL",
    "Zip": "36104",
    "SSN": "423-64-5783",
    "Location": "32.45493, -86.234847",
    "Phone": "334-458-6012",
    "CountryCode": "1",
    "DOB": "June 13, 1992",
    "Email": "TerryCNale@teleworm.us",
    "UserName": "Solloond",
    "Website": "grtgrt.com",
    "Company": "Chase Pitkin",
    "Occupation": "Wildlife biologist",
    "HeightCM": "184",
    "WeightKG": "72.0",
    "BloodType": "O+",
    "Vehicle": "1999 Volkswagen W12",
    "Color": "Blue"
  },
  {
    "Id": "aa059c14-c21a-4074-b1a6-c9a3fb465c02",
    "Name": "Terry K. Mayer",
    "Address": "1359 Barfield Lane",
    "City": "Indianapolis",
    "State": "IN",
    "Zip": "46278",
    "SSN": "312-88-4838",
    "Location": "39.89365, -86.400054",
    "Phone": "317-523-5792",
    "CountryCode": "1",
    "DOB": "January 12, 1937",
    "Email": "TerryKMayer@armyspy.com",
    "UserName": "Acese1937",
    "Website": "diggityweb.com",
    "Company": "House 2 Home",
    "Occupation": "Newsletter writer",
    "HeightCM": "161",
    "WeightKG": "72.7",
    "BloodType": "B+",
    "Vehicle": "1998 Ford Escort",
    "Color": "Purple"
  },
  {
    "Id": "9ee46be2-9ff0-4e1c-a55c-a464c42afa6c",
    "Name": "Diane J. Scoville",
    "Address": "1373 Nutter Street",
    "City": "Saint Joseph",
    "State": "MO",
    "Zip": "64501",
    "SSN": "494-82-1747",
    "Location": "39.733273, -94.822682",
    "Phone": "816-233-1986",
    "CountryCode": "1",
    "DOB": "April 14, 1971",
    "Email": "DianeJScoville@armyspy.com",
    "UserName": "Butch1971",
    "Website": "teamtankersley.com",
    "Company": "Wholesale Club, Inc.",
    "Occupation": "Electric line worker",
    "HeightCM": "154",
    "WeightKG": "67.9",
    "BloodType": "B+",
    "Vehicle": "2006 Chevrolet Lacetti",
    "Color": "Blue"
  },
  {
    "Id": "f1647f55-c3a5-4c6f-b02d-74dbf80e07c4",
    "Name": "Ann A. Foster",
    "Address": "2108 Hudson Street",
    "City": "Haledon",
    "State": "NJ",
    "Zip": "07508",
    "SSN": "136-01-6973",
    "Location": "41.02794, -74.090292",
    "Phone": "973-904-0666",
    "CountryCode": "1",
    "DOB": "November 30, 1997",
    "Email": "AnnAFoster@armyspy.com",
    "UserName": "Adysed",
    "Website": "michaelconde.com",
    "Company": "Datacorp",
    "Occupation": "PBX operator",
    "HeightCM": "163",
    "WeightKG": "82.6",
    "BloodType": "O+",
    "Vehicle": "2001 Fiat Siena",
    "Color": "Brown"
  }
]
