[
  {
    "Id": "09093e0f-d2c7-4a8c-a245-c7960f78811b",
    "Name": "Joseph M. Younkin",
    "Address": "1941 Pin Oak Drive",
    "City": "Davenport",
    "State": "IA",
    "Zip": "52803",
    "SSN": "484-70-4050",
    "Location": "41.573415, -90.470042",
    "Phone": "563-333-3230",
    "CountryCode": "1",
    "DOB": "February 16, 1992",
    "Email": "JosephMYounkin@teleworm.us",
    "UserName": "Endind",
    "Website": "sikaban.com",
    "Company": "Flagg Bros. Shoes",
    "Occupation": "Image designer",
    "HeightCM": "168",
    "WeightKG": "104.0",
    "BloodType": "O+",
    "Vehicle": "2001 Toyota Verossa",
    "Color": "Blue"
  },
  {
    "Id": "172bf637-dd3e-48e8-9bb0-a9d312ad1baf",
    "Name": "Tonya S. Bruns",
    "Address": "4734 Glen Falls Road",
    "City": "Philadelphia",
    "State": "PA",
    "Zip": "19146",
    "SSN": "159-14-5751",
    "Location": "39.972284, -75.098926",
    "Phone": "215-904-1712",
    "CountryCode": "1",
    "DOB": "October 26, 1955",
    "Email": "TonyaSBruns@dayrep.com",
    "UserName": "Waspupperen1955",
    "Website": "mymusicjones.com",
    "Company": "Lechters Housewares",
    "Occupation": "Eligibility interviewer",
    "HeightCM": "169",
    "WeightKG": "90.5",
    "BloodType": "B+",
    "Vehicle": "1995 Toyota Celica",
    "Color": "Purple"
  },
  {
    "Id": "c37d0aab-c38b-438b-81d6-e45b0fc5b7d6",
    "Name": "John L. Hansley",
    "Address": "2338 Sycamore Street",
    "City": "San Jose",
    "State": "CA",
    "Zip": "95129",
    "SSN": "611-38-2634",
    "Location": "37.314054, -121.983582",
    "Phone": "408-873-8523",
    "CountryCode": "1",
    "DOB": "December 28, 1980",
    "Email": "JohnLHansley@armyspy.com",
    "UserName": "Storid1980",
    "Website": "cgrcap.com",
    "Company": "StopGrey",
    "Occupation": "Lens grinder",
    "HeightCM": "173",
    "WeightKG": "115.8",
    "BloodType": "B+",
    "Vehicle": "2001 Acura CL",
    "Color": "Blue"
  },
  {
    "Id": "6288086d-8e8c-49f3-a4a9-c97595c9f715",
    "Name": "Kimberly D. Reich",
    "Address": "1868 Evergreen Lane",
    "City": "Los Angeles",
    "State": "CA",
    "Zip": "90029",
    "SSN": "548-05-5450",
    "Location": "34.083042, -118.294234",
    "Phone": "323-644-9363",
    "CountryCode": "1",
    "DOB": "April 6, 1982",
    "Email": "KimberlyDReich@jourrapide.com",
    "UserName": "Hiseently1982",
    "Website": "redcafemusic.com",
    "Company": "Brendle's",
    "Occupation": "Scanner operator",
    "HeightCM": "166",
    "WeightKG": "80.7",
    "BloodType": "O+",
    "Vehicle": "2005 Subaru Outback Sport",
    "Color": "Blue"
  },
  {
    "Id": "0bfedb2f-0e55-4b3c-9875-04ef85b769f5",
    "Name": "Brice I. Nevarez",
    "Address": "2831 Buffalo Creek Road",
    "City": "Nashville",
    "State": "TN",
    "Zip": "37201",
    "SSN": "762-01-3515",
    "Location": "36.24216, -86.81976",
    "Phone": "615-843-5225",
    "CountryCode": "1",
    "DOB": "March 14, 1943",
    "Email": "BriceINevarez@dayrep.com",
    "UserName": "Hosittles",
    "Website": "allbelief.com",
    "Company": "A Plus Lawn Care",
    "Occupation": "Preschool teacher",
    "HeightCM": "173",
    "WeightKG": "75.0",
    "BloodType": "B+",
    "Vehicle": "2011 Zenvo ST1",
    "Color": "Blue"
  },
  {
    "Id": "b7fe4e9d-7a03-4365-903d-00505cce60d3",
    "Name": "Margaret V. Mayer",
    "Address": "4158 Penn Street",
    "City": "Saint Louis",
    "State": "MO",
    "Zip": "63101",
    "SSN": "493-06-4239",
    "Location": "38.559054, -90.138533",
    "Phone": "573-287-9813",
    "CountryCode": "1",
    "DOB": "September 12, 1964",
    "Email": "MargaretVMayer@rhyta.com",
    "UserName": "Aftyrand64",
    "Website": "samspools.com",
    "Company": "Luskin's",
    "Occupation": "Human resources representative",
    "HeightCM": "159",
    "WeightKG": "100.3",
    "BloodType": "O+",
    "Vehicle": "1996 BMW 325",
    "Color": "Orange"
  },
  {
    "Id": "f97b5dff-73d5-498e-853b-39f7d0ba1466",
    "Name": "Ellis E. Forte",
    "Address": "137 Walnut Street",
    "City": "Brandon",
    "State": "MS",
    "Zip": "39042",
    "SSN": "426-18-9269",
    "Location": "32.186336, -89.822012",
    "Phone": "601-591-3825",
    "CountryCode": "1",
    "DOB": "April 21, 1974",
    "Email": "EllisEForte@jourrapide.com",
    "UserName": "Covere",
    "Website": "seanbeznicki.com",
    "Company": "Planet Profit",
    "Occupation": "Affirmative action coordinator",
    "HeightCM": "181",
    "WeightKG": "100.9",
    "BloodType": "O+",
    "Vehicle": "2000 Caterham C21",
    "Color": "Blue"
  },
  {
    "Id": "265f432e-258b-4f94-b57a-97797bbeb78b",
    "Name": "Vicki A. Bohl",
    "Address": "4859 Don Jackson Lane",
    "City": "Southfield",
    "State": "MI",
    "Zip": "48075",
    "SSN": "366-44-9987",
    "Location": "42.465018, -83.218073",
    "Phone": "810-222-5509",
    "CountryCode": "1",
    "DOB": "September 24, 1954",
    "Email": "VickiABohl@jourrapide.com",
    "UserName": "Hasters",
    "Website": "dcmshopping.com",
    "Company": "Bennett Brothers",
    "Occupation": "Dental surgeon",
    "HeightCM": "168",
    "WeightKG": "92.4",
    "BloodType": "O+",
    "Vehicle": "2006 Honda FR-V",
    "Color": "Black"
  },
  {
    "Id": "1fe25f4f-e5cb-444a-a313-65e36e8b9528",
    "Name": "John R. Sanders",
    "Address": "3040 Saint Marys Avenue",
    "City": "West Winfield",
    "State": "NY",
    "Zip": "13491",
    "SSN": "055-32-3182",
    "Location": "42.790506, -75.212517",
    "Phone": "315-822-6043",
    "CountryCode": "1",
    "DOB": "August 29, 1969",
    "Email": "JohnRSanders@armyspy.com",
    "UserName": "Fromin69",
    "Website": "askchuckhow.com",
    "Company": "Netobill",
    "Occupation": "Top executive",
    "HeightCM": "176",
    "WeightKG": "113.2",
    "BloodType": "O+",
    "Vehicle": "2001 Vauxhall Corsa",
    "Color": "Blue"
  },
  {
    "Id": "ea42fbde-f34b-4487-9f31-5a8789fd7445",
    "Name": "Anna P. Emmerich",
    "Address": "4666 Wildwood Street",
    "City": "Medina",
    "State": "OH",
    "Zip": "44256",
    "SSN": "290-88-5594",
    "Location": "41.178747, -81.812834",
    "Phone": "330-741-3689",
    "CountryCode": "1",
    "DOB": "December 23, 1971",
    "Email": "AnnaPEmmerich@dayrep.com",
    "UserName": "Blikerchims",
    "Website": "angelspaparties.com",
    "Company": "Morrie Mages",
    "Occupation": "Power plant mechanic",
    "HeightCM": "166",
    "WeightKG": "85.3",
    "BloodType": "O-",
    "Vehicle": "2000 Acura TL",
    "Color": "Blue"
  },
  {
    "Id": "a6fa1af3-5742-4712-ab29-66676b5f7196",
    "Name": "Preston S. Clarke",
    "Address": "333 Lakewood Drive",
    "City": "Rutherford",
    "State": "NJ",
    "Zip": "07070",
    "SSN": "137-90-1362",
    "Location": "40.730286, -74.098975",
    "Phone": "201-842-3527",
    "CountryCode": "1",
    "DOB": "December 18, 1979",
    "Email": "PrestonSClarke@jourrapide.com",
    "UserName": "Shopean1979",
    "Website": "ifixboats.com",
    "Company": "Formula Grey",
    "Occupation": "Media specialist",
    "HeightCM": "185",
    "WeightKG": "112.9",
    "BloodType": "O+",
    "Vehicle": "1999 Ford Expedition",
    "Color": "Green"
  },
  {
    "Id": "8f51797d-26da-42c1-8558-ccaa612c2d7e",
    "Name": "Derek C. Martin",
    "Address": "282 Brookview Drive",
    "City": "San Jose",
    "State": "CA",
    "Zip": "95129",
    "SSN": "546-07-3081",
    "Location": "37.232329, -122.063897",
    "Phone": "408-996-0403",
    "CountryCode": "1",
    "DOB": "July 10, 1982",
    "Email": "DerekCMartin@jourrapide.com",
    "UserName": "Beasto",
    "Website": "cfprojects.com",
    "Company": "Best Products",
    "Occupation": "Graphic artist",
    "HeightCM": "179",
    "WeightKG": "109.1",
    "BloodType": "B+",
    "Vehicle": "2003 Proton Juara",
    "Color": "Blue"
  },
  {
    "Id": "1d05ab68-dc40-420f-8a1e-df0e1f66a3c0",
    "Name": "Arleen T. Quinn",
    "Address": "330 Pride Avenue",
    "City": "Elmhurst",
    "State": "NY",
    "Zip": "11373",
    "SSN": "084-92-5647",
    "Location": "40.824743, -73.859676",
    "Phone": "718-335-6369",
    "CountryCode": "1",
    "DOB": "January 26, 1996",
    "Email": "ArleenTQuinn@teleworm.us",
    "UserName": "Cohned",
    "Website": "bankadamscoop.com",
    "Company": "Adaptas",
    "Occupation": "Public accountant",
    "HeightCM": "175",
    "WeightKG": "58.6",
    "BloodType": "B+",
    "Vehicle": "2005 Morgan 44",
    "Color": "Blue"
  },
  {
    "Id": "e72975a3-f690-463a-9c2d-fbe1ea15d92a",
    "Name": "Raymond D. Dickerson",
    "Address": "3890 Perine Street",
    "City": "Herndon",
    "State": "VA",
    "Zip": "22070",
    "SSN": "694-03-1227",
    "Location": "38.980316, -77.343266",
    "Phone": "703-766-7841",
    "CountryCode": "1",
    "DOB": "January 30, 1942",
    "Email": "RaymondDDickerson@armyspy.com",
    "UserName": "Purs1942",
    "Website": "collectabitz.com",
    "Company": "Standard Brands Paint Company",
    "Occupation": "Physiologist",
    "HeightCM": "179",
    "WeightKG": "88.1",
    "BloodType": "B+",
    "Vehicle": "1998 Subaru Justy",
    "Color": "Green"
  },
  {
    "Id": "ab2b5c50-e006-43b3-8ffd-87d3d8fa58ed",
    "Name": "Dennis M. Crisler",
    "Address": "1144 Mesa Drive",
    "City": "Las Vegas",
    "State": "NV",
    "Zip": "89101",
    "SSN": "680-32-4621",
    "Location": "36.255918, -115.111066",
    "Phone": "702-384-6706",
    "CountryCode": "1",
    "DOB": "December 21, 1970",
    "Email": "DennisMCrisler@armyspy.com",
    "UserName": "Frincong",
    "Website": "carbayers.com",
    "Company": "Ole's",
    "Occupation": "Security officer",
    "HeightCM": "168",
    "WeightKG": "98.9",
    "BloodType": "B+",
    "Vehicle": "2008 Maybach 62",
    "Color": "Blue"
  },
  {
    "Id": "e9d54ff0-48c2-4049-91c0-7ecd3c43eec6",
    "Name": "Carl D. Lopez",
    "Address": "2736 Hurry Street",
    "City": "Fredericksburg",
    "State": "VA",
    "Zip": "22408",
    "SSN": "228-11-3760",
    "Location": "38.310119, -77.319763",
    "Phone": "540-336-4537",
    "CountryCode": "1",
    "DOB": "March 29, 1984",
    "Email": "CarlDLopez@dayrep.com",
    "UserName": "Heregoom",
    "Website": "photosynthesize.com",
    "Company": "Sounds Great, Inc",
    "Occupation": "Student affairs administrator",
    "HeightCM": "177",
    "WeightKG": "83.1",
    "BloodType": "A+",
    "Vehicle": "2003 Ford GT",
    "Color": "Green"
  },
  {
    "Id": "f075ecb3-e083-4c5d-b8fb-b6e443af092d",
    "Name": "Harley D. Frias",
    "Address": "3069 Linden Avenue",
    "City": "Orlando",
    "State": "FL",
    "Zip": "32810",
    "SSN": "771-22-2600",
    "Location": "28.682929, -81.445198",
    "Phone": "407-574-3666",
    "CountryCode": "1",
    "DOB": "May 19, 1997",
    "Email": "HarleyDFrias@dayrep.com",
    "UserName": "Rivinquister",
    "Website": "luandalopes.com",
    "Company": "McDade's",
    "Occupation": "Payroll and benefits specialist",
    "HeightCM": "188",
    "WeightKG": "83.9",
    "BloodType": "B+",
    "Vehicle": "2011 Toyota RAV4",
    "Color": "Orange"
  },
  {
    "Id": "4b531aa2-04e7-40b4-89b2-8899948be195",
    "Name": "Ramon M. Edgerton",
    "Address": "2738 Bee Street",
    "City": "Marion",
    "State": "MI",
    "Zip": "49665",
    "SSN": "382-70-9276",
    "Location": "44.16347, -85.162675",
    "Phone": "231-743-5031",
    "CountryCode": "1",
    "DOB": "April 5, 1950",
    "Email": "RamonMEdgerton@dayrep.com",
    "UserName": "Givand",
    "Website": "execuzenlimited.com",
    "Company": "Mr. Clark's Appliances",
    "Occupation": "Nursery worker",
    "HeightCM": "168",
    "WeightKG": "107.9",
    "BloodType": "AB+",
    "Vehicle": "2003 Alfa Romeo 166",
    "Color": "Blue"
  },
  {
    "Id": "f6adcf92-83b4-4de3-90ba-c0e1cd9b1b2c",
    "Name": "Lisa J. Janis",
    "Address": "2611 Lady Bug Drive",
    "City": "Lamar",
    "State": "CO",
    "Zip": "81052",
    "SSN": "524-20-9280",
    "Location": "37.817881, -102.679416",
    "Phone": "719-223-4006",
    "CountryCode": "1",
    "DOB": "August 20, 1998",
    "Email": "LisaJJanis@armyspy.com",
    "UserName": "Thriasself",
    "Website": "youtalklike.com",
    "Company": "Stratabiz",
    "Occupation": "Placement specialist",
    "HeightCM": "153",
    "WeightKG": "59.9",
    "BloodType": "A+",
    "Vehicle": "1998 Mercedes-Benz SL",
    "Color": "Blue"
  },
  {
    "Id": "3a99330e-9ee8-4f35-bf2c-8568c8767e3a",
    "Name": "Laura P. Gill",
    "Address": "4356 West Drive",
    "City": "Chicago",
    "State": "IL",
    "Zip": "60606",
    "SSN": "361-10-5195",
    "Location": "41.80356, -87.583488",
    "Phone": "312-443-4036",
    "CountryCode": "1",
    "DOB": "July 5, 1936",
    "Email": "LauraPGill@jourrapide.com",
    "UserName": "Dwass1936",
    "Website": "myjetspizza.com",
    "Company": "Thompson",
    "Occupation": "Chemical equipment operator",
    "HeightCM": "170",
    "WeightKG": "53.0",
    "BloodType": "AB+",
    "Vehicle": "1996 Volkswagen Gol",
    "Color": "Blue"
  },
  {
    "Id": "2797349c-8db5-4c23-9aef-38aca35a44ed",
    "Name": "Ricardo P. Imhoff",
    "Address": "454 Nelm Street",
    "City": "Mclean",
    "State": "VA",
    "Zip": "22102",
    "SSN": "229-27-3853",
    "Location": "38.860191, -77.142935",
    "Phone": "571-437-5586",
    "CountryCode": "1",
    "DOB": "April 28, 1937",
    "Email": "RicardoPImhoff@armyspy.com",
    "UserName": "Claidecon",
    "Website": "akcakestudio.com",
    "Company": "Giant",
    "Occupation": "Automotive body repairer",
    "HeightCM": "175",
    "WeightKG": "96.3",
    "BloodType": "A+",
    "Vehicle": "2007 Lincoln MKX",
    "Color": "Blue"
  },
  {
    "Id": "3f66fd8c-c312-4095-a206-92ca9e4f6e06",
    "Name": "Herlinda R. Hardy",
    "Address": "2723 Ashcraft Court",
    "City": "San Diego",
    "State": "CA",
    "Zip": "92117",
    "SSN": "568-49-1207",
    "Location": "32.857914, -117.110661",
    "Phone": "619-341-5313",
    "CountryCode": "1",
    "DOB": "February 13, 1962",
    "Email": "HerlindaRHardy@rhyta.com",
    "UserName": "Eank1962",
    "Website": "ilovefleshlight.com",
    "Company": "Present Company",
    "Occupation": "Manufacturers",
    "HeightCM": "167",
    "WeightKG": "65.8",
    "BloodType": "B+",
    "Vehicle": "2003 Nissan 350Z",
    "Color": "Red"
  },
  {
    "Id": "bac2b2ec-d459-4331-98a6-5e22ec2f8524",
    "Name": "Katrina R. Larsen",
    "Address": "4453 Coal Street",
    "City": "State College",
    "State": "PA",
    "Zip": "16803",
    "SSN": "166-76-4048",
    "Location": "40.795947, -77.820028",
    "Phone": "814-283-1421",
    "CountryCode": "1",
    "DOB": "March 29, 1954",
    "Email": "KatrinaRLarsen@rhyta.com",
    "UserName": "Fromen1954",
    "Website": "digitalavenuebd.com",
    "Company": "Big Daddy's Restaurants",
    "Occupation": "General internist",
    "HeightCM": "156",
    "WeightKG": "101.5",
    "BloodType": "O+",
    "Vehicle": "2003 Dodge Ram",
    "Color": "Green"
  },
  {
    "Id": "a4260e20-d604-4f56-91c3-654518130d7a",
    "Name": "Esther J. Wilson",
    "Address": "1743 Diamond Cove",
    "City": "West Warwick",
    "State": "RI",
    "Zip": "02893",
    "SSN": "037-32-6317",
    "Location": "41.781583, -71.566944",
    "Phone": "401-349-3512",
    "CountryCode": "1",
    "DOB": "December 7, 1974",
    "Email": "EstherJWilson@rhyta.com",
    "UserName": "Beetting",
    "Website": "moneysavinglive.com",
    "Company": "Waccamaw's Homeplace",
    "Occupation": "Vascular technologist",
    "HeightCM": "159",
    "WeightKG": "60.5",
    "BloodType": "O+",
    "Vehicle": "2010 Holden Epica",
    "Color": "Brown"
  },
  {
    "Id": "69d1be3c-4f97-4262-ba69-6ebf9dd720b4",
    "Name": "Andrew Y. Atkinson",
    "Address": "1081 Brown Street",
    "City": "Oakland",
    "State": "CA",
    "Zip": "94612",
    "SSN": "555-42-6660",
    "Location": "37.874362, -122.362251",
    "Phone": "925-965-9726",
    "CountryCode": "1",
    "DOB": "July 10, 1983",
    "Email": "AndrewYAtkinson@dayrep.com",
    "UserName": "Butedinefs83",
    "Website": "sfcomedynight.com",
    "Company": "Life Plan Counselling",
    "Occupation": "Systems analyst",
    "HeightCM": "190",
    "WeightKG": "102.7",
    "BloodType": "O+",
    "Vehicle": "2007 Mercedes-Benz S",
    "Color": "Blue"
  },
  {
    "Id": "4655e2d1-031a-4eb9-b40f-58c338bfe564",
    "Name": "David A. Wilkinson",
    "Address": "502 Providence Lane",
    "City": "La Puente",
    "State": "CA",
    "Zip": "91744",
    "SSN": "558-01-1341",
    "Location": "34.001073, -117.963792",
    "Phone": "626-931-1135",
    "CountryCode": "1",
    "DOB": "April 22, 1990",
    "Email": "DavidAWilkinson@armyspy.com",
    "UserName": "Mysit1990",
    "Website": "limudo.com",
    "Company": "Auto Works",
    "Occupation": "Textile, apparel, and furnishings occupation",
    "HeightCM": "179",
    "WeightKG": "106.5",
    "BloodType": "O+",
    "Vehicle": "1994 Ford Scorpio",
    "Color": "Black"
  },
  {
    "Id": "3d0010e5-53b2-4b48-a837-81a9539d319c",
    "Name": "Carlos V. French",
    "Address": "3293 Duff Avenue",
    "City": "Middlebury",
    "State": "VT",
    "Zip": "05753",
    "SSN": "009-70-6424",
    "Location": "43.903676, -73.117641",
    "Phone": "802-443-3453",
    "CountryCode": "1",
    "DOB": "October 4, 1997",
    "Email": "CarlosVFrench@rhyta.com",
    "UserName": "Defarnefor",
    "Website": "workwithroberto.com",
    "Company": "Young @ Heart",
    "Occupation": "Licensed vocational nurse",
    "HeightCM": "173",
    "WeightKG": "60.0",
    "BloodType": "O+",
    "Vehicle": "2005 Vauxhall VX220",
    "Color": "Blue"
  },
  {
    "Id": "36725657-47a8-4eb3-a2c4-d778bd69874e",
    "Name": "Heidi R. Martin",
    "Address": "2102 Retreat Avenue",
    "City": "Birmingham",
    "State": "AL",
    "Zip": "35203",
    "SSN": "424-96-2682",
    "Location": "33.425454, -86.810906",
    "Phone": "205-286-9521",
    "CountryCode": "1",
    "DOB": "August 9, 1956",
    "Email": "HeidiRMartin@armyspy.com",
    "UserName": "Fighthe1956",
    "Website": "terevelada.com",
    "Company": "Quality Realty Service",
    "Occupation": "Licensed vocational nurse",
    "HeightCM": "160",
    "WeightKG": "84.9",
    "BloodType": "O+",
    "Vehicle": "1994 GMC Typhoon",
    "Color": "Red"
  },
  {
    "Id": "d92e9180-403b-4ad7-800f-a03fcb0b5e66",
    "Name": "Mark M. Brown",
    "Address": "2618 Twin House Lane",
    "City": "Monett",
    "State": "MO",
    "Zip": "65708",
    "SSN": "489-23-5285",
    "Location": "36.85079, -93.839643",
    "Phone": "417-354-4987",
    "CountryCode": "1",
    "DOB": "May 19, 1969",
    "Email": "MarkMBrown@dayrep.com",
    "UserName": "Stroo1969",
    "Website": "bathgasm.com",
    "Company": "Glicks Furniture",
    "Occupation": "Human service worker",
    "HeightCM": "170",
    "WeightKG": "113.0",
    "BloodType": "O+",
    "Vehicle": "1999 Suzuki Baleno",
    "Color": "Blue"
  },
  {
    "Id": "a09aa54e-a74a-4f25-bba5-d7d5cea20cf4",
    "Name": "Lori G. Sanchez",
    "Address": "2622 Argonne Street",
    "City": "New Castle",
    "State": "DE",
    "Zip": "19720",
    "SSN": "221-78-1296",
    "Location": "39.603426, -75.528075",
    "Phone": "302-270-0837",
    "CountryCode": "1",
    "DOB": "November 15, 1970",
    "Email": "LoriGSanchez@armyspy.com",
    "UserName": "Nisquity70",
    "Website": "teflthailandusa.com",
    "Company": "National Shirt Shop",
    "Occupation": "Sales clerk",
    "HeightCM": "174",
    "WeightKG": "54.6",
    "BloodType": "O+",
    "Vehicle": "2014 GMC Terrain",
    "Color": "Purple"
  },
  {
    "Id": "63bb90a4-3e89-418c-af89-c449aa06442c",
    "Name": "Delores T. Adams",
    "Address": "4737 Alexander Avenue",
    "City": "San Jose",
    "State": "CA",
    "Zip": "95131",
    "SSN": "570-78-9828",
    "Location": "37.350679, -121.858961",
    "Phone": "925-587-1055",
    "CountryCode": "1",
    "DOB": "November 13, 1987",
    "Email": "DeloresTAdams@dayrep.com",
    "UserName": "Argift",
    "Website": "magrelas.com",
    "Company": "Farrell's Ice Cream Parlour",
    "Occupation": "Small engine service technician",
    "HeightCM": "159",
    "WeightKG": "97.4",
    "BloodType": "O-",
    "Vehicle": "1992 Ford Explorer",
    "Color": "Purple"
  },
  {
    "Id": "0f1febe4-a59d-48e5-b00a-d5841e182f2e",
    "Name": "William A. Sisk",
    "Address": "2484 Pheasant Ridge Road",
    "City": "Jenkintown",
    "State": "PA",
    "Zip": "19046",
    "SSN": "176-58-1465",
    "Location": "40.160901, -75.172845",
    "Phone": "215-517-4407",
    "CountryCode": "1",
    "DOB": "May 25, 1970",
    "Email": "WilliamASisk@jourrapide.com",
    "UserName": "Musters",
    "Website": "printertijuana.com",
    "Company": "System Star Solutions",
    "Occupation": "Geologist",
    "HeightCM": "179",
    "WeightKG": "103.3",
    "BloodType": "B+",
    "Vehicle": "2002 Lexus Minority Report",
    "Color": "Yellow"
  },
  {
    "Id": "d4e4c9ba-976f-4af9-a4b7-bc1262f78fa3",
    "Name": "Joshua C. Mills",
    "Address": "967 Late Avenue",
    "City": "Oklahoma City",
    "State": "OK",
    "Zip": "73102",
    "SSN": "440-01-8329",
    "Location": "35.409064, -97.449405",
    "Phone": "580-750-3945",
    "CountryCode": "1",
    "DOB": "December 18, 1977",
    "Email": "JoshuaCMills@dayrep.com",
    "UserName": "Illeffor1977",
    "Website": "nxmovtl.com",
    "Company": "Multicerv",
    "Occupation": "Local transit bus driver",
    "HeightCM": "174",
    "WeightKG": "113.4",
    "BloodType": "B+",
    "Vehicle": "2008 Hyundai Matrix",
    "Color": "Blue"
  },
  {
    "Id": "7d1f043b-e5fa-4ade-a139-9ad892b8c60f",
    "Name": "William M. Echols",
    "Address": "3080 Polk Street",
    "City": "Sacramento",
    "State": "CA",
    "Zip": "95814",
    "SSN": "624-28-2847",
    "Location": "38.624431, -121.400069",
    "Phone": "530-206-3737",
    "CountryCode": "1",
    "DOB": "February 10, 1949",
    "Email": "WilliamMEchols@dayrep.com",
    "UserName": "Whispiever",
    "Website": "gamaguppy.com",
    "Company": "Nobil",
    "Occupation": "Managing editor",
    "HeightCM": "180",
    "WeightKG": "108.3",
    "BloodType": "O-",
    "Vehicle": "2002 Nissan Pathfinder",
    "Color": "Blue"
  },
  {
    "Id": "7c96493c-ef55-481d-8f01-d1ade75f1939",
    "Name": "Valerie W. Gilham",
    "Address": "3533 Broadcast Drive",
    "City": "Monroe",
    "State": "NC",
    "Zip": "28112",
    "SSN": "244-30-8051",
    "Location": "34.882965, -80.572816",
    "Phone": "704-238-0797",
    "CountryCode": "1",
    "DOB": "December 1, 1936",
    "Email": "ValerieWGilham@dayrep.com",
    "UserName": "Ationvin",
    "Website": "jberryshop.com",
    "Company": "Mode O'Day",
    "Occupation": "Power dispatcher",
    "HeightCM": "165",
    "WeightKG": "94.0",
    "BloodType": "O+",
    "Vehicle": "2005 Cadillac CTS",
    "Color": "Blue"
  },
  {
    "Id": "0ba967c4-bb90-475e-a1fe-29f9e062f80f",
    "Name": "Stephen C. Summerlin",
    "Address": "4648 Heliport Loop",
    "City": "Bloomington",
    "State": "IN",
    "Zip": "47404",
    "SSN": "306-08-4433",
    "Location": "39.300466, -86.487291",
    "Phone": "812-731-2267",
    "CountryCode": "1",
    "DOB": "July 27, 1973",
    "Email": "StephenCSummerlin@teleworm.us",
    "UserName": "Timans73",
    "Website": "informemexico.com",
    "Company": "Today's Man",
    "Occupation": "Therapeutic recreation specialist",
    "HeightCM": "181",
    "WeightKG": "95.6",
    "BloodType": "O+",
    "Vehicle": "1994 Renault Clio",
    "Color": "Blue"
  },
  {
    "Id": "c532004c-eefe-401d-b11c-4b56e5be3b89",
    "Name": "Richard L. Robison",
    "Address": "3658 Turkey Pen Road",
    "City": "New York",
    "State": "NY",
    "Zip": "10019",
    "SSN": "107-92-8197",
    "Location": "40.839689, -74.03795",
    "Phone": "917-286-2063",
    "CountryCode": "1",
    "DOB": "April 15, 1992",
    "Email": "RichardLRobison@jourrapide.com",
    "UserName": "Orne1992",
    "Website": "vslimqp.com",
    "Company": "Friendly Interior Design",
    "Occupation": "Sketch artist",
    "HeightCM": "184",
    "WeightKG": "83.8",
    "BloodType": "O+",
    "Vehicle": "2002 Citroen C-Airdream",
    "Color": "White"
  },
  {
    "Id": "d83c3695-e3cd-410e-8629-f6d8ac741c9b",
    "Name": "Raquel M. Lewis",
    "Address": "4540 Stuart Street",
    "City": "Pittsburgh",
    "State": "PA",
    "Zip": "15212",
    "SSN": "177-70-6455",
    "Location": "40.399278, -79.940679",
    "Phone": "724-384-2458",
    "CountryCode": "1",
    "DOB": "November 16, 1971",
    "Email": "RaquelMLewis@jourrapide.com",
    "UserName": "Obbenchill",
    "Website": "arbalists.com",
    "Company": "Sistemos",
    "Occupation": "Woodworker",
    "HeightCM": "154",
    "WeightKG": "65.3",
    "BloodType": "A+",
    "Vehicle": "2005 Ford Five Hundred",
    "Color": "Blue"
  },
  {
    "Id": "685f409b-f0b4-49b7-9259-e3f7262cf4f7",
    "Name": "Steven S. Butler",
    "Address": "2992 Terra Cotta Street",
    "City": "Cromwell",
    "State": "MN",
    "Zip": "55726",
    "SSN": "471-21-1244",
    "Location": "46.652433, -92.927509",
    "Phone": "218-644-8110",
    "CountryCode": "1",
    "DOB": "November 19, 1972",
    "Email": "StevenSButler@jourrapide.com",
    "UserName": "Watme1972",
    "Website": "bubblemovies.com",
    "Company": "Edge Yard Service",
    "Occupation": "Switchboard operator",
    "HeightCM": "169",
    "WeightKG": "76.7",
    "BloodType": "B+",
    "Vehicle": "1998 Citroen ZX",
    "Color": "Blue"
  },
  {
    "Id": "01457f35-6b78-433c-a57c-32e307370b2d",
    "Name": "Katherine G. Moore",
    "Address": "2108 Junior Avenue",
    "City": "Atlanta",
    "State": "GA",
    "Zip": "30303",
    "SSN": "673-16-7097",
    "Location": "33.800467, -84.376151",
    "Phone": "404-655-2936",
    "CountryCode": "1",
    "DOB": "December 31, 1982",
    "Email": "KatherineGMoore@teleworm.us",
    "UserName": "Andreas82",
    "Website": "samedaychiro.com",
    "Company": "Audio Aid",
    "Occupation": "Welder",
    "HeightCM": "174",
    "WeightKG": "57.2",
    "BloodType": "A+",
    "Vehicle": "2012 Citroen Berlingo",
    "Color": "Blue"
  },
  {
    "Id": "5ac02ebd-2df4-4098-908f-39e07375ce05",
    "Name": "Irving G. Calkins",
    "Address": "3302 Fowler Avenue",
    "City": "Norcross",
    "State": "GA",
    "Zip": "30071",
    "SSN": "254-84-2486",
    "Location": "33.996023, -84.120315",
    "Phone": "770-245-4199",
    "CountryCode": "1",
    "DOB": "February 28, 1968",
    "Email": "IrvingGCalkins@rhyta.com",
    "UserName": "Ditach",
    "Website": "ligoband.com",
    "Company": "Johnson's General Stores",
    "Occupation": "Compensation, benefits, and job analysis specialist",
    "HeightCM": "187",
    "WeightKG": "107.0",
    "BloodType": "A+",
    "Vehicle": "2011 Suzuki Alto",
    "Color": "Black"
  },
  {
    "Id": "262968f5-e0a7-4926-82ba-0769a471f022",
    "Name": "Susie J. Greenspan",
    "Address": "3732 Midway Road",
    "City": "Little Rock",
    "State": "AR",
    "Zip": "72212",
    "SSN": "432-33-7909",
    "Location": "34.834243, -92.405151",
    "Phone": "479-699-4192",
    "CountryCode": "1",
    "DOB": "April 11, 1976",
    "Email": "SusieJGreenspan@rhyta.com",
    "UserName": "Granding1976",
    "Website": "minervacultura.com",
    "Company": "Silo",
    "Occupation": "Milling and planing machine tender",
    "HeightCM": "162",
    "WeightKG": "102.1",
    "BloodType": "O+",
    "Vehicle": "1995 Volkswagen Golf",
    "Color": "Purple"
  },
  {
    "Id": "5506551b-0a72-4c91-b7eb-79c0ff6a7526",
    "Name": "Larry B. Smith",
    "Address": "2019 Buffalo Creek Road",
    "City": "Nashville",
    "State": "TN",
    "Zip": "37207",
    "SSN": "757-01-2953",
    "Location": "36.263225, -86.80196",
    "Phone": "615-943-2427",
    "CountryCode": "1",
    "DOB": "October 6, 1934",
    "Email": "LarryBSmith@dayrep.com",
    "UserName": "Exther",
    "Website": "uqepbxe.com",
    "Company": "Sofa Express",
    "Occupation": "Nursing aide",
    "HeightCM": "179",
    "WeightKG": "90.1",
    "BloodType": "AB-",
    "Vehicle": "1995 Saturn SC",
    "Color": "Blue"
  },
  {
    "Id": "391e0460-378c-4e3f-870a-c61f56bc7536",
    "Name": "Karla J. Hall",
    "Address": "1605 Jones Avenue",
    "City": "Winston Salem",
    "State": "NC",
    "Zip": "27104",
    "SSN": "246-85-9778",
    "Location": "36.03452, -80.388071",
    "Phone": "336-765-6401",
    "CountryCode": "1",
    "DOB": "June 19, 1987",
    "Email": "KarlaJHall@rhyta.com",
    "UserName": "Thowenty",
    "Website": "gyhvft.com",
    "Company": "Larry's Markets",
    "Occupation": "Environmental engineer",
    "HeightCM": "169",
    "WeightKG": "73.2",
    "BloodType": "O-",
    "Vehicle": "2003 Volkswagen Touareg",
    "Color": "Blue"
  },
  {
    "Id": "899456cf-6cbf-4c0b-9795-b24b38601545",
    "Name": "Amy J. Haun",
    "Address": "38 Black Oak Hollow Road",
    "City": "Monterey",
    "State": "CA",
    "Zip": "95940",
    "SSN": "570-93-6863",
    "Location": "36.33005, -121.916049",
    "Phone": "408-803-5739",
    "CountryCode": "1",
    "DOB": "June 8, 1997",
    "Email": "AmyJHaun@armyspy.com",
    "UserName": "Unfue1997",
    "Website": "naderpage.com",
    "Company": "Adaptas",
    "Occupation": "Blaster",
    "HeightCM": "174",
    "WeightKG": "85.2",
    "BloodType": "O+",
    "Vehicle": "2015 Chrysler 300",
    "Color": "Green"
  },
  {
    "Id": "ee3228f6-f76f-4cb6-b055-1e164745781e",
    "Name": "Edwin M. Fultz",
    "Address": "4661 Matthews Street",
    "City": "Loves Park",
    "State": "IL",
    "Zip": "61111",
    "SSN": "333-70-1473",
    "Location": "42.318682, -89.071489",
    "Phone": "815-633-3617",
    "CountryCode": "1",
    "DOB": "July 4, 1968",
    "Email": "EdwinMFultz@rhyta.com",
    "UserName": "Whount",
    "Website": "flpwers.com",
    "Company": "Record Bar",
    "Occupation": "Technical education teacher",
    "HeightCM": "170",
    "WeightKG": "98.8",
    "BloodType": "B+",
    "Vehicle": "2002 Audi S4",
    "Color": "Blue"
  },
  {
    "Id": "66f12f65-1fb2-45a7-8e63-5dd6ada3f44c",
    "Name": "Edna W. Askew",
    "Address": "1794 Sussex Court",
    "City": "Clifton",
    "State": "TX",
    "Zip": "76634",
    "SSN": "456-84-9904",
    "Location": "31.768534, -97.508749",
    "Phone": "254-381-6599",
    "CountryCode": "1",
    "DOB": "August 7, 1972",
    "Email": "EdnaWAskew@dayrep.com",
    "UserName": "Lactly",
    "Website": "busitrader.com",
    "Company": "Matrix Interior Design",
    "Occupation": "Transportation, storage, and distribution manager",
    "HeightCM": "165",
    "WeightKG": "105.5",
    "BloodType": "O-",
    "Vehicle": "2006 Opel Speedster",
    "Color": "Black"
  },
  {
    "Id": "9812a48c-db7e-4773-afec-bf85986b97aa",
    "Name": "Ricky C. Napier",
    "Address": "2270 Hidden Valley Road",
    "City": "Dover",
    "State": "PA",
    "Zip": "17315",
    "SSN": "180-30-6096",
    "Location": "40.113228, -76.947735",
    "Phone": "717-292-9467",
    "CountryCode": "1",
    "DOB": "November 16, 1939",
    "Email": "RickyCNapier@dayrep.com",
    "UserName": "Derapt",
    "Website": "slottedbrewery.com",
    "Company": "Big Bear Stores",
    "Occupation": "Financial planner",
    "HeightCM": "172",
    "WeightKG": "71.5",
    "BloodType": "A+",
    "Vehicle": "2008 Mercedes-Benz G",
    "Color": "Blue"
  },
  {
    "Id": "4a612e59-eb23-4fdf-a61e-63379dc07c28",
    "Name": "Margaret J. Clinard",
    "Address": "2995 Arbor Court",
    "City": "Casper",
    "State": "WY",
    "Zip": "82601",
    "SSN": "520-19-9769",
    "Location": "43.165056, -106.308563",
    "Phone": "307-261-7015",
    "CountryCode": "1",
    "DOB": "March 11, 1943",
    "Email": "MargaretJClinard@teleworm.us",
    "UserName": "Holecon43",
    "Website": "dfyleadsystems.com",
    "Company": "Superior Interior Design",
    "Occupation": "Chief financial officer",
    "HeightCM": "154",
    "WeightKG": "75.2",
    "BloodType": "O+",
    "Vehicle": "2004 Toyota Camry",
    "Color": "Blue"
  },
  {
    "Id": "20f002fc-069d-4927-ab37-075c35fcfb25",
    "Name": "Kristina T. Jackson",
    "Address": "3876 Cabell Avenue",
    "City": "Washington",
    "State": "VA",
    "Zip": "20005",
    "SSN": "225-11-1790",
    "Location": "38.895512, -77.088776",
    "Phone": "703-579-5918",
    "CountryCode": "1",
    "DOB": "November 24, 1982",
    "Email": "KristinaTJackson@armyspy.com",
    "UserName": "Haper1982",
    "Website": "mikdreploki.com",
    "Company": "Lafayette Radio",
    "Occupation": "First responder",
    "HeightCM": "160",
    "WeightKG": "57.5",
    "BloodType": "O+",
    "Vehicle": "2001 Chevrolet Cavalier",
    "Color": "Black"
  }
]
