[
  {
    "Id": "0bfedb2f-0e55-4b3c-9875-04ef85b769f5",
    "Name": "Rachelle Pomerleau",
    "Address": null,
    "City": "Nashville",
    "State": "TN",
    "Zip": "37201",
    "SSN": "762-01-3515",
    "Location": "36.24216, -86.81976",
    "Phone": "615-843-5225",
    "CountryCode": "1",
    "DOB": "March 14, 1943",
    "Email": "BriceINevarez@dayrep.com",
    "UserName": "Hosittles",
    "Website": "allbelief.com",
    "Company": "A Plus Lawn Care",
    "Occupation": "Preschool teacher",
    "HeightCM": "173",
    "WeightKG": "75.0",
    "BloodType": "B+",
    "Vehicle": null,
    "Color": "Blue"
  },
  {
    "Id": "1fe25f4f-e5cb-444a-a313-65e36e8b9528",
    "Name": "Dielle Masson",
    "Address": "3040 Saint Marys Avenue",
    "City": "West Winfield",
    "State": "NY",
    "Zip": "13491",
    "SSN": null,
    "Location": "42.790506, -75.212517",
    "Phone": null,
    "CountryCode": "1",
    "DOB": "August 29, 1969",
    "Email": "JohnRSanders@armyspy.com",
    "UserName": "Fromin69",
    "Website": "askchuckhow.com",
    "Company": "Netobill",
    "Occupation": "Top executive",
    "HeightCM": "176",
    "WeightKG": "113.2",
    "BloodType": "O+",
    "Vehicle": "2001 Vauxhall Corsa",
    "Color": "Blue"
  },
  {
    "Id": "c532004c-eefe-401d-b11c-4b56e5be3b89",
    "Name": "สุนกแก้ว ท. จันทร์วิลัย",
    "Address": "3658 Turkey Pen Road",
    "City": null,
    "State": "NY",
    "Zip": "10019",
    "SSN": "107-92-8197",
    "Location": "40.839689, -74.03795",
    "Phone": "917-286-2063",
    "CountryCode": "1",
    "DOB": "April 15, 1992",
    "Email": "RichardLRobison@jourrapide.com",
    "UserName": "Orne1992",
    "Website": "vslimqp.com",
    "Company": "Friendly Interior Design",
    "Occupation": "Sketch artist",
    "HeightCM": "184",
    "WeightKG": "83.8",
    "BloodType": "O+",
    "Vehicle": "2002 Citroen C-Airdream",
    "Color": "White"
  },
  {
    "Id": "09093e0f-d2c7-4a8c-a245-c7960f78811b",
    "Name": "Yong Hsiung",
    "Address": "1941 Pin Oak Drive",
    "City": "Davenport",
    "State": "IA",
    "Zip": null,
    "SSN": "484-70-4050",
    "Location": null,
    "Phone": "563-333-3230",
    "CountryCode": "1",
    "DOB": "February 16, 1992",
    "Email": "JosephMYounkin@teleworm.us",
    "UserName": "Endind",
    "Website": "sikaban.com",
    "Company": "Flagg Bros. Shoes",
    "Occupation": "Image designer",
    "HeightCM": null,
    "WeightKG": "104.0",
    "BloodType": "O+",
    "Vehicle": "2001 Toyota Verossa",
    "Color": null
  },
  {
    "Id": "391e0460-378c-4e3f-870a-c61f56bc7536",
    "Name": "Kang S. Ho",
    "Address": "1605 Jones Avenue",
    "City": "Winston Salem",
    "State": "NC",
    "Zip": "27104",
    "SSN": null,
    "Location": "36.03452, -80.388071",
    "Phone": "336-765-6401",
    "CountryCode": "1",
    "DOB": "June 19, 1987",
    "Email": "KarlaJHall@rhyta.com",
    "UserName": "Thowenty",
    "Website": "gyhvft.com",
    "Company": "Larry's Markets",
    "Occupation": "Environmental engineer",
    "HeightCM": "169",
    "WeightKG": "73.2",
    "BloodType": "O-",
    "Vehicle": "2003 Volkswagen Touareg",
    "Color": "Blue"
  },
  {
    "Id": "5ac02ebd-2df4-4098-908f-39e07375ce05",
    "Name": "Amanda R. Souza",
    "Address": "3302 Fowler Avenue",
    "City": "Norcross",
    "State": "GA",
    "Zip": "30071",
    "SSN": "254-84-2486",
    "Location": "33.996023, -84.120315",
    "Phone": "770-245-4199",
    "CountryCode": "1",
    "DOB": "February 28, 1968",
    "Email": "IrvingGCalkins@rhyta.com",
    "UserName": "Ditach",
    "Website": "ligoband.com",
    "Company": "Johnson's General Stores",
    "Occupation": "Compensation, benefits, and job analysis specialist",
    "HeightCM": "187",
    "WeightKG": "107.0",
    "BloodType": "A+",
    "Vehicle": "2011 Suzuki Alto",
    "Color": "Black"
  },
  {
    "Id": "3f66fd8c-c312-4095-a206-92ca9e4f6e06",
    "Name": "ดนุพล เกิดน้อย",
    "Address": "2723 Ashcraft Court",
    "City": "San Diego",
    "State": "CA",
    "Zip": "92117",
    "SSN": "568-49-1207",
    "Location": "32.857914, -117.110661",
    "Phone": "619-341-5313",
    "CountryCode": "1",
    "DOB": "February 13, 1962",
    "Email": "HerlindaRHardy@rhyta.com",
    "UserName": "Eank1962",
    "Website": null,
    "Company": "Present Company",
    "Occupation": "Manufacturers",
    "HeightCM": "167",
    "WeightKG": "65.8",
    "BloodType": "B+",
    "Vehicle": "2003 Nissan 350Z",
    "Color": "Red"
  },
  {
    "Id": "8f51797d-26da-42c1-8558-ccaa612c2d7e",
    "Name": "Gustavo C. Araujo",
    "Address": "282 Brookview Drive",
    "City": "San Jose",
    "State": "CA",
    "Zip": "95129",
    "SSN": null,
    "Location": null,
    "Phone": "408-996-0403",
    "CountryCode": "1",
    "DOB": "July 10, 1982",
    "Email": null,
    "UserName": "Beasto",
    "Website": "cfprojects.com",
    "Company": "Best Products",
    "Occupation": "Graphic artist",
    "HeightCM": "179",
    "WeightKG": null,
    "BloodType": "B+",
    "Vehicle": "2003 Proton Juara",
    "Color": "Blue"
  },
  {
    "Id": "e9d54ff0-48c2-4049-91c0-7ecd3c43eec6",
    "Name": "De P. Yu",
    "Address": "2736 Hurry Street",
    "City": "Fredericksburg",
    "State": "VA",
    "Zip": "22408",
    "SSN": "228-11-3760",
    "Location": "38.310119, -77.319763",
    "Phone": "540-336-4537",
    "CountryCode": null,
    "DOB": "March 29, 1984",
    "Email": "CarlDLopez@dayrep.com",
    "UserName": "Heregoom",
    "Website": "photosynthesize.com",
    "Company": "Sounds Great, Inc",
    "Occupation": null,
    "HeightCM": "177",
    "WeightKG": "83.1",
    "BloodType": "A+",
    "Vehicle": "2003 Ford GT",
    "Color": "Green"
  },
  {
    "Id": "3a99330e-9ee8-4f35-bf2c-8568c8767e3a",
    "Name": "จุลนัน วิรุฬห์ผล",
    "Address": "4356 West Drive",
    "City": "Chicago",
    "State": "IL",
    "Zip": "60606",
    "SSN": null,
    "Location": "41.80356, -87.583488",
    "Phone": "312-443-4036",
    "CountryCode": "1",
    "DOB": "July 5, 1936",
    "Email": "LauraPGill@jourrapide.com",
    "UserName": "Dwass1936",
    "Website": "myjetspizza.com",
    "Company": "Thompson",
    "Occupation": "Chemical equipment operator",
    "HeightCM": "170",
    "WeightKG": "53.0",
    "BloodType": "AB+",
    "Vehicle": null,
    "Color": "Blue"
  },
  {
    "Id": "4a612e59-eb23-4fdf-a61e-63379dc07c28",
    "Name": "Marianne S. Artemieva",
    "Address": "2995 Arbor Court",
    "City": "Casper",
    "State": null,
    "Zip": "82601",
    "SSN": "520-19-9769",
    "Location": "43.165056, -106.308563",
    "Phone": "307-261-7015",
    "CountryCode": "1",
    "DOB": "March 11, 1943",
    "Email": "MargaretJClinard@teleworm.us",
    "UserName": "Holecon43",
    "Website": "dfyleadsystems.com",
    "Company": "Superior Interior Design",
    "Occupation": null,
    "HeightCM": "154",
    "WeightKG": "75.2",
    "BloodType": "O+",
    "Vehicle": "2004 Toyota Camry",
    "Color": "Blue"
  },
  {
    "Id": "7d1f043b-e5fa-4ade-a139-9ad892b8c60f",
    "Name": "Neville F. Charpie",
    "Address": "3080 Polk Street",
    "City": "Sacramento",
    "State": null,
    "Zip": "95814",
    "SSN": "624-28-2847",
    "Location": "38.624431, -121.400069",
    "Phone": "530-206-3737",
    "CountryCode": "1",
    "DOB": "February 10, 1949",
    "Email": "WilliamMEchols@dayrep.com",
    "UserName": "Whispiever",
    "Website": "gamaguppy.com",
    "Company": "Nobil",
    "Occupation": "Managing editor",
    "HeightCM": "180",
    "WeightKG": "108.3",
    "BloodType": "O-",
    "Vehicle": "2002 Nissan Pathfinder",
    "Color": "Blue"
  },
  {
    "Id": "0bfedb2f-0e55-4b3c-9875-04ef85b769f5",
    "Name": "Rachelle Pomerleau",
    "Address": "2831 Buffalo Creek Road",
    "City": "Nashville",
    "State": "TN",
    "Zip": "37201",
    "SSN": "762-01-3515",
    "Location": "36.24216, -86.81976",
    "Phone": "615-843-5225",
    "CountryCode": "1",
    "DOB": "March 14, 1943",
    "Email": "BriceINevarez@dayrep.com",
    "UserName": "Hosittles",
    "Website": "allbelief.com",
    "Company": "A Plus Lawn Care",
    "Occupation": "Preschool teacher",
    "HeightCM": "173",
    "WeightKG": "75.0",
    "BloodType": "B+",
    "Vehicle": "2011 Zenvo ST1",
    "Color": "Blue"
  },
  {
    "Id": "36725657-47a8-4eb3-a2c4-d778bd69874e",
    "Name": "Qing Yuan D. Kê",
    "Address": "2102 Retreat Avenue",
    "City": "Birmingham",
    "State": null,
    "Zip": "35203",
    "SSN": "424-96-2682",
    "Location": "33.425454, -86.810906",
    "Phone": "205-286-9521",
    "CountryCode": "1",
    "DOB": "August 9, 1956",
    "Email": "HeidiRMartin@armyspy.com",
    "UserName": "Fighthe1956",
    "Website": "terevelada.com",
    "Company": "Quality Realty Service",
    "Occupation": "Licensed vocational nurse",
    "HeightCM": "160",
    "WeightKG": "84.9",
    "BloodType": "O+",
    "Vehicle": "1994 GMC Typhoon",
    "Color": "Red"
  },
  {
    "Id": "e72975a3-f690-463a-9c2d-fbe1ea15d92a",
    "Name": "ทนน ส. ทึกทา",
    "Address": "3890 Perine Street",
    "City": "Herndon",
    "State": "VA",
    "Zip": "22070",
    "SSN": "694-03-1227",
    "Location": "38.980316, -77.343266",
    "Phone": "703-766-7841",
    "CountryCode": null,
    "DOB": "January 30, 1942",
    "Email": "RaymondDDickerson@armyspy.com",
    "UserName": "Purs1942",
    "Website": "collectabitz.com",
    "Company": "Standard Brands Paint Company",
    "Occupation": null,
    "HeightCM": "179",
    "WeightKG": "88.1",
    "BloodType": "B+",
    "Vehicle": "1998 Subaru Justy",
    "Color": "Green"
  },
  {
    "Id": "20f002fc-069d-4927-ab37-075c35fcfb25",
    "Name": "สุชนกเนตร สาโค",
    "Address": "3876 Cabell Avenue",
    "City": "Washington",
    "State": "VA",
    "Zip": "20005",
    "SSN": "225-11-1790",
    "Location": "38.895512, -77.088776",
    "Phone": "703-579-5918",
    "CountryCode": "1",
    "DOB": "November 24, 1982",
    "Email": "KristinaTJackson@armyspy.com",
    "UserName": "Haper1982",
    "Website": "mikdreploki.com",
    "Company": "Lafayette Radio",
    "Occupation": "First responder",
    "HeightCM": "160",
    "WeightKG": "57.5",
    "BloodType": "O+",
    "Vehicle": "2001 Chevrolet Cavalier",
    "Color": "Black"
  },
  {
    "Id": "69d1be3c-4f97-4262-ba69-6ebf9dd720b4",
    "Name": "Gabriel Fernandes",
    "Address": "1081 Brown Street",
    "City": "Oakland",
    "State": "CA",
    "Zip": "94612",
    "SSN": "555-42-6660",
    "Location": "37.874362, -122.362251",
    "Phone": "925-965-9726",
    "CountryCode": "1",
    "DOB": null,
    "Email": "AndrewYAtkinson@dayrep.com",
    "UserName": null,
    "Website": "sfcomedynight.com",
    "Company": "Life Plan Counselling",
    "Occupation": "Systems analyst",
    "HeightCM": "190",
    "WeightKG": "102.7",
    "BloodType": "O+",
    "Vehicle": "2007 Mercedes-Benz S",
    "Color": null
  },
  {
    "Id": "1d05ab68-dc40-420f-8a1e-df0e1f66a3c0",
    "Name": "Stephan A. Gärtner",
    "Address": null,
    "City": "Elmhurst",
    "State": "NY",
    "Zip": "11373",
    "SSN": null,
    "Location": "40.824743, -73.859676",
    "Phone": "718-335-6369",
    "CountryCode": "1",
    "DOB": "January 26, 1996",
    "Email": "ArleenTQuinn@teleworm.us",
    "UserName": "Cohned",
    "Website": "bankadamscoop.com",
    "Company": null,
    "Occupation": "Public accountant",
    "HeightCM": "175",
    "WeightKG": "58.6",
    "BloodType": "B+",
    "Vehicle": "2005 Morgan 44",
    "Color": "Blue"
  },
  {
    "Id": "ea42fbde-f34b-4487-9f31-5a8789fd7445",
    "Name": "Ia S. Gorbunova",
    "Address": "4666 Wildwood Street",
    "City": "Medina",
    "State": "OH",
    "Zip": "44256",
    "SSN": "290-88-5594",
    "Location": "41.178747, -81.812834",
    "Phone": "330-741-3689",
    "CountryCode": "1",
    "DOB": "December 23, 1971",
    "Email": "AnnaPEmmerich@dayrep.com",
    "UserName": "Blikerchims",
    "Website": "angelspaparties.com",
    "Company": "Morrie Mages",
    "Occupation": "Power plant mechanic",
    "HeightCM": "166",
    "WeightKG": "85.3",
    "BloodType": "O-",
    "Vehicle": null,
    "Color": "Blue"
  },
  {
    "Id": "ab2b5c50-e006-43b3-8ffd-87d3d8fa58ed",
    "Name": "Valerie Andreyev",
    "Address": "1144 Mesa Drive",
    "City": "Las Vegas",
    "State": "NV",
    "Zip": "89101",
    "SSN": "680-32-4621",
    "Location": "36.255918, -115.111066",
    "Phone": "702-384-6706",
    "CountryCode": null,
    "DOB": "December 21, 1970",
    "Email": "DennisMCrisler@armyspy.com",
    "UserName": "Frincong",
    "Website": "carbayers.com",
    "Company": "Ole's",
    "Occupation": "Security officer",
    "HeightCM": "168",
    "WeightKG": "98.9",
    "BloodType": "B+",
    "Vehicle": "2008 Maybach 62",
    "Color": null
  },
  {
    "Id": "899456cf-6cbf-4c0b-9795-b24b38601545",
    "Name": "Douglas G. Ferreira",
    "Address": "38 Black Oak Hollow Road",
    "City": null,
    "State": "CA",
    "Zip": "95940",
    "SSN": "570-93-6863",
    "Location": "36.33005, -121.916049",
    "Phone": "408-803-5739",
    "CountryCode": "1",
    "DOB": "June 8, 1997",
    "Email": "AmyJHaun@armyspy.com",
    "UserName": null,
    "Website": "naderpage.com",
    "Company": "Adaptas",
    "Occupation": "Blaster",
    "HeightCM": "174",
    "WeightKG": null,
    "BloodType": "O+",
    "Vehicle": null,
    "Color": "Green"
  },
  {
    "Id": "6288086d-8e8c-49f3-a4a9-c97595c9f715",
    "Name": "Tim G. Busch",
    "Address": "1868 Evergreen Lane",
    "City": "Los Angeles",
    "State": "CA",
    "Zip": "90029",
    "SSN": "548-05-5450",
    "Location": "34.083042, -118.294234",
    "Phone": "323-644-9363",
    "CountryCode": "1",
    "DOB": "April 6, 1982",
    "Email": "KimberlyDReich@jourrapide.com",
    "UserName": "Hiseently1982",
    "Website": "redcafemusic.com",
    "Company": "Brendle's",
    "Occupation": "Scanner operator",
    "HeightCM": "166",
    "WeightKG": "80.7",
    "BloodType": "O+",
    "Vehicle": "2005 Subaru Outback Sport",
    "Color": "Blue"
  },
  {
    "Id": "3f66fd8c-c312-4095-a206-92ca9e4f6e06",
    "Name": "ดนุพล เกิดน้อย",
    "Address": "2723 Ashcraft Court",
    "City": null,
    "State": "CA",
    "Zip": "92117",
    "SSN": "568-49-1207",
    "Location": "32.857914, -117.110661",
    "Phone": null,
    "CountryCode": "1",
    "DOB": "February 13, 1962",
    "Email": "HerlindaRHardy@rhyta.com",
    "UserName": "Eank1962",
    "Website": "ilovefleshlight.com",
    "Company": "Present Company",
    "Occupation": "Manufacturers",
    "HeightCM": "167",
    "WeightKG": "65.8",
    "BloodType": "B+",
    "Vehicle": "2003 Nissan 350Z",
    "Color": "Red"
  },
  {
    "Id": "0bfedb2f-0e55-4b3c-9875-04ef85b769f5",
    "Name": "Rachelle Pomerleau",
    "Address": "2831 Buffalo Creek Road",
    "City": "Nashville",
    "State": "TN",
    "Zip": null,
    "SSN": "762-01-3515",
    "Location": "36.24216, -86.81976",
    "Phone": null,
    "CountryCode": "1",
    "DOB": "March 14, 1943",
    "Email": "BriceINevarez@dayrep.com",
    "UserName": "Hosittles",
    "Website": "allbelief.com",
    "Company": "A Plus Lawn Care",
    "Occupation": "Preschool teacher",
    "HeightCM": "173",
    "WeightKG": "75.0",
    "BloodType": null,
    "Vehicle": "2011 Zenvo ST1",
    "Color": "Blue"
  },
  {
    "Id": "0bfedb2f-0e55-4b3c-9875-04ef85b769f5",
    "Name": "Rachelle Pomerleau",
    "Address": "2831 Buffalo Creek Road",
    "City": "Nashville",
    "State": "TN",
    "Zip": "37201",
    "SSN": "762-01-3515",
    "Location": "36.24216, -86.81976",
    "Phone": "615-843-5225",
    "CountryCode": null,
    "DOB": "March 14, 1943",
    "Email": "BriceINevarez@dayrep.com",
    "UserName": "Hosittles",
    "Website": "allbelief.com",
    "Company": null,
    "Occupation": "Preschool teacher",
    "HeightCM": "173",
    "WeightKG": "75.0",
    "BloodType": "B+",
    "Vehicle": "2011 Zenvo ST1",
    "Color": "Blue"
  },
  {
    "Id": "a09aa54e-a74a-4f25-bba5-d7d5cea20cf4",
    "Name": "Brier Fortier",
    "Address": "2622 Argonne Street",
    "City": "New Castle",
    "State": "DE",
    "Zip": "19720",
    "SSN": "221-78-1296",
    "Location": "39.603426, -75.528075",
    "Phone": null,
    "CountryCode": "1",
    "DOB": null,
    "Email": "LoriGSanchez@armyspy.com",
    "UserName": "Nisquity70",
    "Website": "teflthailandusa.com",
    "Company": "National Shirt Shop",
    "Occupation": null,
    "HeightCM": "174",
    "WeightKG": "54.6",
    "BloodType": "O+",
    "Vehicle": "2014 GMC Terrain",
    "Color": "Purple"
  },
  {
    "Id": "172bf637-dd3e-48e8-9bb0-a9d312ad1baf",
    "Name": "ขุนทึง ร. ศิริศักดิ์เกษม",
    "Address": "4734 Glen Falls Road",
    "City": null,
    "State": "PA",
    "Zip": "19146",
    "SSN": "159-14-5751",
    "Location": "39.972284, -75.098926",
    "Phone": "215-904-1712",
    "CountryCode": "1",
    "DOB": "October 26, 1955",
    "Email": "TonyaSBruns@dayrep.com",
    "UserName": "Waspupperen1955",
    "Website": "mymusicjones.com",
    "Company": "Lechters Housewares",
    "Occupation": "Eligibility interviewer",
    "HeightCM": "169",
    "WeightKG": "90.5",
    "BloodType": null,
    "Vehicle": "1995 Toyota Celica",
    "Color": "Purple"
  },
  {
    "Id": "8f51797d-26da-42c1-8558-ccaa612c2d7e",
    "Name": "Gustavo C. Araujo",
    "Address": "282 Brookview Drive",
    "City": "San Jose",
    "State": null,
    "Zip": "95129",
    "SSN": "546-07-3081",
    "Location": "37.232329, -122.063897",
    "Phone": "408-996-0403",
    "CountryCode": "1",
    "DOB": "July 10, 1982",
    "Email": "DerekCMartin@jourrapide.com",
    "UserName": "Beasto",
    "Website": "cfprojects.com",
    "Company": "Best Products",
    "Occupation": "Graphic artist",
    "HeightCM": "179",
    "WeightKG": "109.1",
    "BloodType": "B+",
    "Vehicle": "2003 Proton Juara",
    "Color": null
  },
  {
    "Id": "262968f5-e0a7-4926-82ba-0769a471f022",
    "Name": "Mariette Corbeil",
    "Address": "3732 Midway Road",
    "City": "Little Rock",
    "State": "AR",
    "Zip": "72212",
    "SSN": null,
    "Location": "34.834243, -92.405151",
    "Phone": null,
    "CountryCode": "1",
    "DOB": "April 11, 1976",
    "Email": "SusieJGreenspan@rhyta.com",
    "UserName": "Granding1976",
    "Website": "minervacultura.com",
    "Company": "Silo",
    "Occupation": "Milling and planing machine tender",
    "HeightCM": "162",
    "WeightKG": "102.1",
    "BloodType": null,
    "Vehicle": "1995 Volkswagen Golf",
    "Color": "Purple"
  },
  {
    "Id": "20f002fc-069d-4927-ab37-075c35fcfb25",
    "Name": "สุชนกเนตร สาโค",
    "Address": "3876 Cabell Avenue",
    "City": "Washington",
    "State": "VA",
    "Zip": "20005",
    "SSN": "225-11-1790",
    "Location": "38.895512, -77.088776",
    "Phone": "703-579-5918",
    "CountryCode": "1",
    "DOB": "November 24, 1982",
    "Email": null,
    "UserName": "Haper1982",
    "Website": "mikdreploki.com",
    "Company": "Lafayette Radio",
    "Occupation": "First responder",
    "HeightCM": "160",
    "WeightKG": null,
    "BloodType": null,
    "Vehicle": "2001 Chevrolet Cavalier",
    "Color": "Black"
  },
  {
    "Id": "69d1be3c-4f97-4262-ba69-6ebf9dd720b4",
    "Name": "Gabriel Fernandes",
    "Address": "1081 Brown Street",
    "City": "Oakland",
    "State": "CA",
    "Zip": "94612",
    "SSN": "555-42-6660",
    "Location": "37.874362, -122.362251",
    "Phone": "925-965-9726",
    "CountryCode": "1",
    "DOB": "July 10, 1983",
    "Email": "AndrewYAtkinson@dayrep.com",
    "UserName": "Butedinefs83",
    "Website": "sfcomedynight.com",
    "Company": "Life Plan Counselling",
    "Occupation": "Systems analyst",
    "HeightCM": "190",
    "WeightKG": null,
    "BloodType": "O+",
    "Vehicle": "2007 Mercedes-Benz S",
    "Color": "Blue"
  },
  {
    "Id": "b7fe4e9d-7a03-4365-903d-00505cce60d3",
    "Name": "Jonas Gottschalk",
    "Address": "4158 Penn Street",
    "City": "Saint Louis",
    "State": null,
    "Zip": "63101",
    "SSN": "493-06-4239",
    "Location": "38.559054, -90.138533",
    "Phone": "573-287-9813",
    "CountryCode": "1",
    "DOB": "September 12, 1964",
    "Email": "MargaretVMayer@rhyta.com",
    "UserName": "Aftyrand64",
    "Website": "samspools.com",
    "Company": "Luskin's",
    "Occupation": "Human resources representative",
    "HeightCM": "159",
    "WeightKG": "100.3",
    "BloodType": "O+",
    "Vehicle": "1996 BMW 325",
    "Color": "Orange"
  },
  {
    "Id": "e9d54ff0-48c2-4049-91c0-7ecd3c43eec6",
    "Name": "De P. Yu",
    "Address": "2736 Hurry Street",
    "City": "Fredericksburg",
    "State": "VA",
    "Zip": "22408",
    "SSN": "228-11-3760",
    "Location": null,
    "Phone": "540-336-4537",
    "CountryCode": null,
    "DOB": "March 29, 1984",
    "Email": "CarlDLopez@dayrep.com",
    "UserName": "Heregoom",
    "Website": "photosynthesize.com",
    "Company": "Sounds Great, Inc",
    "Occupation": "Student affairs administrator",
    "HeightCM": "177",
    "WeightKG": "83.1",
    "BloodType": null,
    "Vehicle": "2003 Ford GT",
    "Color": "Green"
  },
  {
    "Id": "2797349c-8db5-4c23-9aef-38aca35a44ed",
    "Name": "Rafael M. Cavalcanti",
    "Address": "454 Nelm Street",
    "City": "Mclean",
    "State": "VA",
    "Zip": "22102",
    "SSN": "229-27-3853",
    "Location": "38.860191, -77.142935",
    "Phone": "571-437-5586",
    "CountryCode": null,
    "DOB": "April 28, 1937",
    "Email": "RicardoPImhoff@armyspy.com",
    "UserName": "Claidecon",
    "Website": "akcakestudio.com",
    "Company": "Giant",
    "Occupation": null,
    "HeightCM": "175",
    "WeightKG": "96.3",
    "BloodType": "A+",
    "Vehicle": "2007 Lincoln MKX",
    "Color": "Blue"
  },
  {
    "Id": "3d0010e5-53b2-4b48-a837-81a9539d319c",
    "Name": "Fai Sung",
    "Address": "3293 Duff Avenue",
    "City": "Middlebury",
    "State": "VT",
    "Zip": "05753",
    "SSN": "009-70-6424",
    "Location": "43.903676, -73.117641",
    "Phone": "802-443-3453",
    "CountryCode": "1",
    "DOB": "October 4, 1997",
    "Email": "CarlosVFrench@rhyta.com",
    "UserName": "Defarnefor",
    "Website": "workwithroberto.com",
    "Company": "Young @ Heart",
    "Occupation": null,
    "HeightCM": "173",
    "WeightKG": null,
    "BloodType": "O+",
    "Vehicle": "2005 Vauxhall VX220",
    "Color": "Blue"
  },
  {
    "Id": "3f66fd8c-c312-4095-a206-92ca9e4f6e06",
    "Name": "ดนุพล เกิดน้อย",
    "Address": "2723 Ashcraft Court",
    "City": "San Diego",
    "State": "CA",
    "Zip": null,
    "SSN": "568-49-1207",
    "Location": "32.857914, -117.110661",
    "Phone": null,
    "CountryCode": "1",
    "DOB": "February 13, 1962",
    "Email": "HerlindaRHardy@rhyta.com",
    "UserName": null,
    "Website": "ilovefleshlight.com",
    "Company": "Present Company",
    "Occupation": "Manufacturers",
    "HeightCM": "167",
    "WeightKG": "65.8",
    "BloodType": "B+",
    "Vehicle": "2003 Nissan 350Z",
    "Color": "Red"
  },
  {
    "Id": "4655e2d1-031a-4eb9-b40f-58c338bfe564",
    "Name": "恵美 浜尾",
    "Address": "502 Providence Lane",
    "City": "La Puente",
    "State": "CA",
    "Zip": "91744",
    "SSN": "558-01-1341",
    "Location": "34.001073, -117.963792",
    "Phone": null,
    "CountryCode": "1",
    "DOB": "April 22, 1990",
    "Email": "DavidAWilkinson@armyspy.com",
    "UserName": "Mysit1990",
    "Website": "limudo.com",
    "Company": "Auto Works",
    "Occupation": "Textile, apparel, and furnishings occupation",
    "HeightCM": "179",
    "WeightKG": "106.5",
    "BloodType": "O+",
    "Vehicle": "1994 Ford Scorpio",
    "Color": "Black"
  },
  {
    "Id": "2797349c-8db5-4c23-9aef-38aca35a44ed",
    "Name": "Rafael M. Cavalcanti",
    "Address": "454 Nelm Street",
    "City": "Mclean",
    "State": "VA",
    "Zip": null,
    "SSN": "229-27-3853",
    "Location": "38.860191, -77.142935",
    "Phone": "571-437-5586",
    "CountryCode": null,
    "DOB": "April 28, 1937",
    "Email": "RicardoPImhoff@armyspy.com",
    "UserName": "Claidecon",
    "Website": "akcakestudio.com",
    "Company": null,
    "Occupation": "Automotive body repairer",
    "HeightCM": "175",
    "WeightKG": "96.3",
    "BloodType": "A+",
    "Vehicle": "2007 Lincoln MKX",
    "Color": "Blue"
  },
  {
    "Id": "0ba967c4-bb90-475e-a1fe-29f9e062f80f",
    "Name": "Ray Mousseau",
    "Address": "4648 Heliport Loop",
    "City": "Bloomington",
    "State": "IN",
    "Zip": "47404",
    "SSN": "306-08-4433",
    "Location": "39.300466, -86.487291",
    "Phone": "812-731-2267",
    "CountryCode": "1",
    "DOB": "July 27, 1973",
    "Email": "StephenCSummerlin@teleworm.us",
    "UserName": "Timans73",
    "Website": "informemexico.com",
    "Company": "Today's Man",
    "Occupation": "Therapeutic recreation specialist",
    "HeightCM": "181",
    "WeightKG": "95.6",
    "BloodType": "O+",
    "Vehicle": null,
    "Color": "Blue"
  },
  {
    "Id": "5ac02ebd-2df4-4098-908f-39e07375ce05",
    "Name": "Amanda R. Souza",
    "Address": "3302 Fowler Avenue",
    "City": "Norcross",
    "State": "GA",
    "Zip": "30071",
    "SSN": null,
    "Location": "33.996023, -84.120315",
    "Phone": "770-245-4199",
    "CountryCode": null,
    "DOB": "February 28, 1968",
    "Email": "IrvingGCalkins@rhyta.com",
    "UserName": "Ditach",
    "Website": "ligoband.com",
    "Company": "Johnson's General Stores",
    "Occupation": "Compensation, benefits, and job analysis specialist",
    "HeightCM": "187",
    "WeightKG": "107.0",
    "BloodType": "A+",
    "Vehicle": "2011 Suzuki Alto",
    "Color": "Black"
  },
  {
    "Id": "a6fa1af3-5742-4712-ab29-66676b5f7196",
    "Name": "Shen Chou",
    "Address": "333 Lakewood Drive",
    "City": "Rutherford",
    "State": "NJ",
    "Zip": "07070",
    "SSN": "137-90-1362",
    "Location": "40.730286, -74.098975",
    "Phone": "201-842-3527",
    "CountryCode": "1",
    "DOB": "December 18, 1979",
    "Email": "PrestonSClarke@jourrapide.com",
    "UserName": "Shopean1979",
    "Website": "ifixboats.com",
    "Company": "Formula Grey",
    "Occupation": "Media specialist",
    "HeightCM": "185",
    "WeightKG": "112.9",
    "BloodType": "O+",
    "Vehicle": "1999 Ford Expedition",
    "Color": "Green"
  },
  {
    "Id": "9812a48c-db7e-4773-afec-bf85986b97aa",
    "Name": "節子 武川",
    "Address": null,
    "City": "Dover",
    "State": "PA",
    "Zip": "17315",
    "SSN": "180-30-6096",
    "Location": "40.113228, -76.947735",
    "Phone": null,
    "CountryCode": null,
    "DOB": "November 16, 1939",
    "Email": "RickyCNapier@dayrep.com",
    "UserName": "Derapt",
    "Website": null,
    "Company": "Big Bear Stores",
    "Occupation": null,
    "HeightCM": "172",
    "WeightKG": "71.5",
    "BloodType": "A+",
    "Vehicle": "2008 Mercedes-Benz G",
    "Color": null
  },
  {
    "Id": "7c96493c-ef55-481d-8f01-d1ade75f1939",
    "Name": "Sabine Rothschild",
    "Address": "3533 Broadcast Drive",
    "City": "Monroe",
    "State": "NC",
    "Zip": "28112",
    "SSN": "244-30-8051",
    "Location": "34.882965, -80.572816",
    "Phone": "704-238-0797",
    "CountryCode": "1",
    "DOB": "December 1, 1936",
    "Email": "ValerieWGilham@dayrep.com",
    "UserName": "Ationvin",
    "Website": "jberryshop.com",
    "Company": "Mode O'Day",
    "Occupation": "Power dispatcher",
    "HeightCM": "165",
    "WeightKG": null,
    "BloodType": "O+",
    "Vehicle": "2005 Cadillac CTS",
    "Color": "Blue"
  },
  {
    "Id": "a6fa1af3-5742-4712-ab29-66676b5f7196",
    "Name": "Shen Chou",
    "Address": "333 Lakewood Drive",
    "City": "Rutherford",
    "State": "NJ",
    "Zip": "07070",
    "SSN": "137-90-1362",
    "Location": "40.730286, -74.098975",
    "Phone": "201-842-3527",
    "CountryCode": "1",
    "DOB": "December 18, 1979",
    "Email": "PrestonSClarke@jourrapide.com",
    "UserName": "Shopean1979",
    "Website": "ifixboats.com",
    "Company": "Formula Grey",
    "Occupation": "Media specialist",
    "HeightCM": "185",
    "WeightKG": "112.9",
    "BloodType": "O+",
    "Vehicle": "1999 Ford Expedition",
    "Color": "Green"
  },
  {
    "Id": "172bf637-dd3e-48e8-9bb0-a9d312ad1baf",
    "Name": "ขุนทึง ร. ศิริศักดิ์เกษม",
    "Address": "4734 Glen Falls Road",
    "City": "Philadelphia",
    "State": "PA",
    "Zip": "19146",
    "SSN": "159-14-5751",
    "Location": "39.972284, -75.098926",
    "Phone": "215-904-1712",
    "CountryCode": "1",
    "DOB": "October 26, 1955",
    "Email": "TonyaSBruns@dayrep.com",
    "UserName": "Waspupperen1955",
    "Website": "mymusicjones.com",
    "Company": "Lechters Housewares",
    "Occupation": "Eligibility interviewer",
    "HeightCM": "169",
    "WeightKG": "90.5",
    "BloodType": "B+",
    "Vehicle": "1995 Toyota Celica",
    "Color": "Purple"
  },
  {
    "Id": "391e0460-378c-4e3f-870a-c61f56bc7536",
    "Name": "Kang S. Ho",
    "Address": "1605 Jones Avenue",
    "City": null,
    "State": "NC",
    "Zip": "27104",
    "SSN": "246-85-9778",
    "Location": "36.03452, -80.388071",
    "Phone": null,
    "CountryCode": "1",
    "DOB": "June 19, 1987",
    "Email": null,
    "UserName": "Thowenty",
    "Website": "gyhvft.com",
    "Company": "Larry's Markets",
    "Occupation": "Environmental engineer",
    "HeightCM": "169",
    "WeightKG": "73.2",
    "BloodType": "O-",
    "Vehicle": "2003 Volkswagen Touareg",
    "Color": "Blue"
  },
  {
    "Id": "0bfedb2f-0e55-4b3c-9875-04ef85b769f5",
    "Name": "Rachelle Pomerleau",
    "Address": "2831 Buffalo Creek Road",
    "City": "Nashville",
    "State": "TN",
    "Zip": "37201",
    "SSN": "762-01-3515",
    "Location": "36.24216, -86.81976",
    "Phone": "615-843-5225",
    "CountryCode": null,
    "DOB": "March 14, 1943",
    "Email": "BriceINevarez@dayrep.com",
    "UserName": "Hosittles",
    "Website": "allbelief.com",
    "Company": null,
    "Occupation": "Preschool teacher",
    "HeightCM": "173",
    "WeightKG": "75.0",
    "BloodType": "B+",
    "Vehicle": "2011 Zenvo ST1",
    "Color": "Blue"
  },
  {
    "Id": "172bf637-dd3e-48e8-9bb0-a9d312ad1baf",
    "Name": "ขุนทึง ร. ศิริศักดิ์เกษม",
    "Address": null,
    "City": "Philadelphia",
    "State": "PA",
    "Zip": "19146",
    "SSN": "159-14-5751",
    "Location": "39.972284, -75.098926",
    "Phone": "215-904-1712",
    "CountryCode": "1",
    "DOB": "October 26, 1955",
    "Email": null,
    "UserName": null,
    "Website": "mymusicjones.com",
    "Company": "Lechters Housewares",
    "Occupation": null,
    "HeightCM": "169",
    "WeightKG": "90.5",
    "BloodType": "B+",
    "Vehicle": "1995 Toyota Celica",
    "Color": null
  },
  {
    "Id": "ab2b5c50-e006-43b3-8ffd-87d3d8fa58ed",
    "Name": "Valerie Andreyev",
    "Address": "1144 Mesa Drive",
    "City": "Las Vegas",
    "State": null,
    "Zip": "89101",
    "SSN": "680-32-4621",
    "Location": "36.255918, -115.111066",
    "Phone": "702-384-6706",
    "CountryCode": "1",
    "DOB": "December 21, 1970",
    "Email": "DennisMCrisler@armyspy.com",
    "UserName": "Frincong",
    "Website": "carbayers.com",
    "Company": "Ole's",
    "Occupation": "Security officer",
    "HeightCM": "168",
    "WeightKG": "98.9",
    "BloodType": "B+",
    "Vehicle": "2008 Maybach 62",
    "Color": "Blue"
  },
  {
    "Id": "7d1f043b-e5fa-4ade-a139-9ad892b8c60f",
    "Name": "Neville F. Charpie",
    "Address": "3080 Polk Street",
    "City": "Sacramento",
    "State": null,
    "Zip": "95814",
    "SSN": null,
    "Location": "38.624431, -121.400069",
    "Phone": "530-206-3737",
    "CountryCode": null,
    "DOB": "February 10, 1949",
    "Email": null,
    "UserName": "Whispiever",
    "Website": "gamaguppy.com",
    "Company": "Nobil",
    "Occupation": "Managing editor",
    "HeightCM": "180",
    "WeightKG": "108.3",
    "BloodType": "O-",
    "Vehicle": "2002 Nissan Pathfinder",
    "Color": "Blue"
  }
]