[
  {
    "Id": "ccb7a3e2-cdf5-4893-acd6-03b91be5cbe6",
    "Name": "Galina I. Kalinina",
    "Address": "2646 Woodhill Avenue",
    "City": "Fork",
    "State": "MD",
    "Zip": null,
    "SSN": "220-71-2483",
    "Location": null,
    "Phone": "410-817-8815",
    "CountryCode": "1",
    "DOB": "September 30, 1972",
    "Email": "BettyWBradley@armyspy.com",
    "UserName": "Forrout",
    "Website": "countofdays.com",
    "Company": "Henry's Hamburgers",
    "Occupation": "Commission clerk",
    "HeightCM": "172",
    "WeightKG": "97.6",
    "BloodType": null,
    "Vehicle": "2003 Xedos 9",
    "Color": "Blue"
  },
  {
    "Id": "953256f4-3a77-4ea9-9c90-3e53a5c33fca",
    "Name": "Manon Poirier",
    "Address": "2919 Gerald L. Bates Drive",
    "City": "Waltham",
    "State": "MA",
    "Zip": "02154",
    "SSN": "022-44-4653",
    "Location": "42.361281, -71.224175",
    "Phone": "617-838-4658",
    "CountryCode": "1",
    "DOB": null,
    "Email": "MildredWRoss@teleworm.us",
    "UserName": "Wereaujubmis",
    "Website": "ativasoftwares.com",
    "Company": "Crandall's Fine Furniture",
    "Occupation": "Landscape contractor",
    "HeightCM": "156",
    "WeightKG": "75.0",
    "BloodType": null,
    "Vehicle": "2002 Dodge Neon",
    "Color": "Blue"
  },
  {
    "Id": "8dddd639-78d4-4b83-9067-a992f8abc1d0",
    "Name": "Emilly Alves",
    "Address": "2085 Emma Street",
    "City": "Texhoma",
    "State": null,
    "Zip": null,
    "SSN": "643-18-7595",
    "Location": "36.563135, -101.915858",
    "Phone": null,
    "CountryCode": null,
    "DOB": null,
    "Email": "TerryCPeterson@armyspy.com",
    "UserName": null,
    "Website": "mekimeki.com",
    "Company": "John M. Smyth's Homemakers",
    "Occupation": "Painting, coating, and decorating worker",
    "HeightCM": "179",
    "WeightKG": "98.9",
    "BloodType": "AB-",
    "Vehicle": "2002 Lancia Lybra",
    "Color": "Blue"
  },
  {
    "Id": "15a18285-bc6c-4511-a426-e22fcc6cbf52",
    "Name": "Qian Niu",
    "Address": "2703 Bernardo Street",
    "City": "Polk City",
    "State": "FL",
    "Zip": "33868",
    "SSN": null,
    "Location": null,
    "Phone": "813-220-8185",
    "CountryCode": "1",
    "DOB": "October 16, 1962",
    "Email": "LenoreSShort@armyspy.com",
    "UserName": "Hoce1962",
    "Website": "ddysh.com",
    "Company": "Stratacard",
    "Occupation": "Real estate agent",
    "HeightCM": null,
    "WeightKG": "104.1",
    "BloodType": "A+",
    "Vehicle": "2002 Italdesign Buron",
    "Color": null
  },
  {
    "Id": "3ea30916-7441-458e-80de-44aa3ba5c49a",
    "Name": "Laura Barbosa",
    "Address": "203 Oakdale Avenue",
    "City": "Polk City",
    "State": "FL",
    "Zip": "33868",
    "SSN": "261-56-5879",
    "Location": "28.275559, -81.818312",
    "Phone": "863-602-3427",
    "CountryCode": "1",
    "DOB": "February 22, 1979",
    "Email": null,
    "UserName": "Entse1979",
    "Website": "happyvscrappy.com",
    "Company": null,
    "Occupation": "Genetics nurse",
    "HeightCM": "157",
    "WeightKG": "74.6",
    "BloodType": "B+",
    "Vehicle": "1994 Citroen C 15",
    "Color": "Blue"
  },
  {
    "Id": "7a3483e6-2d38-4305-8bba-9dc8467e2922",
    "Name": "Breno Ribeiro",
    "Address": null,
    "City": "Tucson",
    "State": "AZ",
    "Zip": "85712",
    "SSN": "601-15-3612",
    "Location": "32.202926, -110.874383",
    "Phone": "520-404-7644",
    "CountryCode": "1",
    "DOB": "April 22, 1960",
    "Email": "WilliamVJackson@jourrapide.com",
    "UserName": "Sistookeed",
    "Website": "tvwsftj.com",
    "Company": "Pro-Care Garden Maintenance",
    "Occupation": "Freight agent",
    "HeightCM": "169",
    "WeightKG": "104.5",
    "BloodType": "AB+",
    "Vehicle": "1992 Volvo 460",
    "Color": "Blue"
  },
  {
    "Id": "30ddeaf9-d9b2-4ef6-9210-2226305593a7",
    "Name": "Lena M. Beich",
    "Address": "3581 Radford Street",
    "City": "Louisville",
    "State": "KY",
    "Zip": "40202",
    "SSN": "407-19-7577",
    "Location": "38.318243, -85.738723",
    "Phone": "502-257-6266",
    "CountryCode": "1",
    "DOB": "March 26, 1983",
    "Email": "RolandMHeath@rhyta.com",
    "UserName": "Marm1983",
    "Website": "addsavvysave.com",
    "Company": "Mostow Co.",
    "Occupation": "Environmental chemist",
    "HeightCM": "176",
    "WeightKG": "91.1",
    "BloodType": "A+",
    "Vehicle": "2012 SsangYong Rodius",
    "Color": null
  },
  {
    "Id": "dcd6b001-0bc6-4129-9e67-1a33e9c45af0",
    "Name": "Hardouin A. Labrosse",
    "Address": "3800 Clearview Drive",
    "City": null,
    "State": "CO",
    "Zip": "80202",
    "SSN": "650-34-5913",
    "Location": null,
    "Phone": "303-653-1181",
    "CountryCode": "1",
    "DOB": "May 1, 1970",
    "Email": "MarioMLoveday@armyspy.com",
    "UserName": "Stoge1970",
    "Website": "delaneyplamp.com",
    "Company": "Price Savers",
    "Occupation": "Obstetrician",
    "HeightCM": "168",
    "WeightKG": "103.8",
    "BloodType": "A+",
    "Vehicle": "1996 Nissan Gloria",
    "Color": "Blue"
  },
  {
    "Id": "5854a5a1-aca6-4f79-85d2-30c001d1ac1f",
    "Name": "Beltane B. Huppé",
    "Address": "1845 Oak Lane",
    "City": "Elmo",
    "State": "MO",
    "Zip": "64445",
    "SSN": null,
    "Location": "40.435364, -95.175598",
    "Phone": "660-742-0439",
    "CountryCode": "1",
    "DOB": "March 30, 1975",
    "Email": null,
    "UserName": "Showelve1975",
    "Website": "ltdkix.com",
    "Company": "House Of Denmark",
    "Occupation": "Office machine and cash register technician",
    "HeightCM": "181",
    "WeightKG": "108.9",
    "BloodType": "O+",
    "Vehicle": "1993 Saab 900",
    "Color": "Black"
  },
  {
    "Id": "9563ed89-3985-40f2-baf2-8e9abfb80209",
    "Name": "翼 千. 本宮",
    "Address": "4107 Stratford Park",
    "City": "Owensburg",
    "State": "IN",
    "Zip": "47453",
    "SSN": "304-07-7289",
    "Location": "38.843158, -86.677822",
    "Phone": "812-863-6866",
    "CountryCode": "1",
    "DOB": "March 24, 1941",
    "Email": null,
    "UserName": "Trepen",
    "Website": "babescenes.com",
    "Company": "Block Distributors",
    "Occupation": "Support service manager",
    "HeightCM": "156",
    "WeightKG": "92.9",
    "BloodType": "O+",
    "Vehicle": null,
    "Color": "Blue"
  },
  {
    "Id": "8a51caf7-7cdb-4f59-b0f5-2a6ec8834672",
    "Name": "Stephanie Moeller",
    "Address": "2534 McVaney Road",
    "City": "Asheville",
    "State": "NC",
    "Zip": "28801",
    "SSN": "239-26-6280",
    "Location": null,
    "Phone": null,
    "CountryCode": "1",
    "DOB": "January 15, 1957",
    "Email": "AlfredoMMathis@teleworm.us",
    "UserName": "Dusted",
    "Website": null,
    "Company": "Sholl's Colonial Cafeteria",
    "Occupation": "Geographer",
    "HeightCM": "167",
    "WeightKG": "75.3",
    "BloodType": null,
    "Vehicle": "2005 Nissan Xterra",
    "Color": "Blue"
  },
  {
    "Id": "9ee46be2-9ff0-4e1c-a55c-a464c42afa6c",
    "Name": "千代子 大. 沼野",
    "Address": null,
    "City": "Saint Joseph",
    "State": "MO",
    "Zip": "64501",
    "SSN": null,
    "Location": "39.733273, -94.822682",
    "Phone": "816-233-1986",
    "CountryCode": null,
    "DOB": "April 14, 1971",
    "Email": "DianeJScoville@armyspy.com",
    "UserName": "Butch1971",
    "Website": "teamtankersley.com",
    "Company": null,
    "Occupation": "Electric line worker",
    "HeightCM": "154",
    "WeightKG": "67.9",
    "BloodType": "B+",
    "Vehicle": "2006 Chevrolet Lacetti",
    "Color": "Blue"
  },
  {
    "Id": "26d40f5f-b0f0-4d51-bc85-b1b462056c0a",
    "Name": "Meng Lei",
    "Address": "3512 Tyler Avenue",
    "City": "Ft Lauderdale",
    "State": "FL",
    "Zip": "33311",
    "SSN": "265-93-9806",
    "Location": "26.098031, -80.103059",
    "Phone": "305-318-0152",
    "CountryCode": "1",
    "DOB": "March 3, 1954",
    "Email": "EvaMHardin@dayrep.com",
    "UserName": "Peding1954",
    "Website": "adgobble.com",
    "Company": null,
    "Occupation": "Milling and planing machine setter",
    "HeightCM": "167",
    "WeightKG": "88.3",
    "BloodType": "O+",
    "Vehicle": "1993 Beijing BJ 2020",
    "Color": "Blue"
  },
  {
    "Id": "aa059c14-c21a-4074-b1a6-c9a3fb465c02",
    "Name": "Benjamin Fenstermacher",
    "Address": "1359 Barfield Lane",
    "City": "Indianapolis",
    "State": "IN",
    "Zip": "46278",
    "SSN": "312-88-4838",
    "Location": "39.89365, -86.400054",
    "Phone": null,
    "CountryCode": "1",
    "DOB": "January 12, 1937",
    "Email": "TerryKMayer@armyspy.com",
    "UserName": "Acese1937",
    "Website": "diggityweb.com",
    "Company": "House 2 Home",
    "Occupation": null,
    "HeightCM": null,
    "WeightKG": "72.7",
    "BloodType": "B+",
    "Vehicle": null,
    "Color": "Purple"
  },
  {
    "Id": "9563ed89-3985-40f2-baf2-8e9abfb80209",
    "Name": "翼 千. 本宮",
    "Address": "4107 Stratford Park",
    "City": "Owensburg",
    "State": "IN",
    "Zip": "47453",
    "SSN": "304-07-7289",
    "Location": "38.843158, -86.677822",
    "Phone": "812-863-6866",
    "CountryCode": "1",
    "DOB": null,
    "Email": "ReginaRHampton@jourrapide.com",
    "UserName": "Trepen",
    "Website": "babescenes.com",
    "Company": "Block Distributors",
    "Occupation": null,
    "HeightCM": "156",
    "WeightKG": "92.9",
    "BloodType": "O+",
    "Vehicle": "1996 Nissan Patrol",
    "Color": "Blue"
  },
  {
    "Id": "4aec48e1-ae1d-4019-8dc8-da76363b10b4",
    "Name": "Jie Hao",
    "Address": "1318 Five Points",
    "City": "Baltimore",
    "State": "MD",
    "Zip": "21201",
    "SSN": "218-57-2773",
    "Location": "39.297609, -76.655353",
    "Phone": "443-317-6792",
    "CountryCode": "1",
    "DOB": "January 3, 1991",
    "Email": null,
    "UserName": "Luctaps",
    "Website": "thermobioinc.com",
    "Company": "Laneco",
    "Occupation": "Photographic retoucher",
    "HeightCM": "159",
    "WeightKG": "72.0",
    "BloodType": "B+",
    "Vehicle": null,
    "Color": "Blue"
  },
  {
    "Id": "0bea74cf-ed51-41a8-bc52-bb4c952e7186",
    "Name": "Marisa O. Cunha",
    "Address": "1305 Meadow View Drive",
    "City": "Hartford",
    "State": "CT",
    "Zip": "06103",
    "SSN": "049-46-3275",
    "Location": "41.679598, -72.683252",
    "Phone": "860-473-0045",
    "CountryCode": null,
    "DOB": "February 8, 1946",
    "Email": "LouellaJSoto@jourrapide.com",
    "UserName": "Stateen",
    "Website": "objectigee.com",
    "Company": "Gemco",
    "Occupation": "Counselor",
    "HeightCM": "151",
    "WeightKG": "79.7",
    "BloodType": "B+",
    "Vehicle": "2014 Toyota RAV4",
    "Color": "Yellow"
  },
  {
    "Id": "036bd1db-60ce-4e58-8bd8-1f24b281c35e",
    "Name": "Miroslav O. Abramovich",
    "Address": "3570 Duck Creek Road",
    "City": "Redwood City",
    "State": "CA",
    "Zip": "94063",
    "SSN": null,
    "Location": null,
    "Phone": "650-817-2173",
    "CountryCode": "1",
    "DOB": "February 11, 1950",
    "Email": null,
    "UserName": "Scure1950",
    "Website": "pleaseenroll.com",
    "Company": "Fit Tonic",
    "Occupation": "Emergency physician",
    "HeightCM": "153",
    "WeightKG": null,
    "BloodType": "B+",
    "Vehicle": "2001 Aston Martin Vanquish",
    "Color": "Purple"
  },
  {
    "Id": "9563ed89-3985-40f2-baf2-8e9abfb80209",
    "Name": "翼 千. 本宮",
    "Address": "4107 Stratford Park",
    "City": null,
    "State": "IN",
    "Zip": "47453",
    "SSN": "304-07-7289",
    "Location": "38.843158, -86.677822",
    "Phone": "812-863-6866",
    "CountryCode": "1",
    "DOB": null,
    "Email": "ReginaRHampton@jourrapide.com",
    "UserName": "Trepen",
    "Website": "babescenes.com",
    "Company": "Block Distributors",
    "Occupation": "Support service manager",
    "HeightCM": "156",
    "WeightKG": "92.9",
    "BloodType": null,
    "Vehicle": "1996 Nissan Patrol",
    "Color": null
  },
  {
    "Id": "4f6c5cb3-4a18-47b1-a7e6-385e2c4f25aa",
    "Name": "Guan-yin Ma",
    "Address": "3795 Nixon Avenue",
    "City": null,
    "State": "OH",
    "Zip": "44825",
    "SSN": "269-12-6736",
    "Location": "40.957466, -83.022335",
    "Phone": "419-988-0131",
    "CountryCode": "1",
    "DOB": "October 9, 1961",
    "Email": "BillMRoth@teleworm.us",
    "UserName": "Heavow",
    "Website": "lupystrikesurf.com",
    "Company": "Delchamps",
    "Occupation": "Game warden",
    "HeightCM": "186",
    "WeightKG": "66.9",
    "BloodType": "B+",
    "Vehicle": "2000 Suzuki Swift",
    "Color": "Blue"
  },
  {
    "Id": "89997bfd-c834-42e9-a61f-1f7b72b09ce9",
    "Name": "Carolina Barros",
    "Address": "4410 Wildrose Lane",
    "City": null,
    "State": "MI",
    "Zip": "48219",
    "SSN": "372-60-7598",
    "Location": "42.505339, -83.313117",
    "Phone": "313-808-0688",
    "CountryCode": "1",
    "DOB": "June 24, 1939",
    "Email": "EugeneLHorrocks@teleworm.us",
    "UserName": null,
    "Website": "erictonline.com",
    "Company": "Chief Auto Parts",
    "Occupation": "Administrative director",
    "HeightCM": "174",
    "WeightKG": "102.2",
    "BloodType": "AB+",
    "Vehicle": "2002 Honda Torneo",
    "Color": "Blue"
  },
  {
    "Id": "0ea5fd7c-3e1c-494a-a518-ac137a8aaf94",
    "Name": "Panteleimon Yudin",
    "Address": "3892 Woodstock Drive",
    "City": "Pasadena",
    "State": "CA",
    "Zip": "91101",
    "SSN": "569-35-7560",
    "Location": "34.14532, -118.051826",
    "Phone": "626-564-5170",
    "CountryCode": null,
    "DOB": "September 27, 1992",
    "Email": "DeniseCRuby@armyspy.com",
    "UserName": "Counnoted",
    "Website": "aobbrazilltd.com",
    "Company": "Afforda",
    "Occupation": "Adjudicator",
    "HeightCM": null,
    "WeightKG": "80.2",
    "BloodType": "O+",
    "Vehicle": null,
    "Color": "Blue"
  },
  {
    "Id": "036bd1db-60ce-4e58-8bd8-1f24b281c35e",
    "Name": "Miroslav O. Abramovich",
    "Address": "3570 Duck Creek Road",
    "City": "Redwood City",
    "State": null,
    "Zip": "94063",
    "SSN": "547-82-6691",
    "Location": "37.477439, -122.148569",
    "Phone": null,
    "CountryCode": "1",
    "DOB": null,
    "Email": "NancyRRosado@armyspy.com",
    "UserName": "Scure1950",
    "Website": "pleaseenroll.com",
    "Company": "Fit Tonic",
    "Occupation": "Emergency physician",
    "HeightCM": "153",
    "WeightKG": null,
    "BloodType": "B+",
    "Vehicle": "2001 Aston Martin Vanquish",
    "Color": "Purple"
  },
  {
    "Id": "fea13fa0-8d46-4b6f-9782-95c9f21adbec",
    "Name": "ประดับศรี ก. โพธิ์บูลย์",
    "Address": "979 Paradise Lane",
    "City": "Pomona",
    "State": "CA",
    "Zip": "91766",
    "SSN": "570-77-3094",
    "Location": "33.959873, -117.72652",
    "Phone": "909-629-9720",
    "CountryCode": "1",
    "DOB": "April 29, 1993",
    "Email": "MarloKEverett@teleworm.us",
    "UserName": "Greggelf93",
    "Website": "emaildisc.com",
    "Company": "Strategic Profit",
    "Occupation": "LAN administrator",
    "HeightCM": "156",
    "WeightKG": "58.1",
    "BloodType": "A+",
    "Vehicle": null,
    "Color": "Purple"
  },
  {
    "Id": "0de0e810-7570-491c-a16d-63627ee9a3d5",
    "Name": "翼 竹尾",
    "Address": "3959 Henry Ford Avenue",
    "City": "New York",
    "State": null,
    "Zip": "10007",
    "SSN": "062-07-5034",
    "Location": "40.647191, -74.048011",
    "Phone": "917-969-1706",
    "CountryCode": "1",
    "DOB": "July 26, 1989",
    "Email": "LauraTThomas@armyspy.com",
    "UserName": "Wasuroded",
    "Website": "CollectorTickets.com",
    "Company": "Specific Appraisals",
    "Occupation": null,
    "HeightCM": "170",
    "WeightKG": "88.9",
    "BloodType": "B+",
    "Vehicle": "1994 Lincoln Continental",
    "Color": null
  },
  {
    "Id": "492c4f31-ea7a-4295-9874-5c39529b9ea1",
    "Name": "Thaddeus A. Kirillov",
    "Address": null,
    "City": null,
    "State": "FL",
    "Zip": "33487",
    "SSN": null,
    "Location": "26.394124, -80.068737",
    "Phone": "561-988-3619",
    "CountryCode": "1",
    "DOB": "January 5, 1979",
    "Email": null,
    "UserName": "Theremings",
    "Website": "xiaotuhe.com",
    "Company": "Megatronic",
    "Occupation": null,
    "HeightCM": null,
    "WeightKG": "72.8",
    "BloodType": "A+",
    "Vehicle": "1996 Fiat Tempra",
    "Color": "Purple"
  },
  {
    "Id": "26d40f5f-b0f0-4d51-bc85-b1b462056c0a",
    "Name": "Meng Lei",
    "Address": "3512 Tyler Avenue",
    "City": "Ft Lauderdale",
    "State": "FL",
    "Zip": "33311",
    "SSN": "265-93-9806",
    "Location": "26.098031, -80.103059",
    "Phone": "305-318-0152",
    "CountryCode": "1",
    "DOB": "March 3, 1954",
    "Email": "EvaMHardin@dayrep.com",
    "UserName": null,
    "Website": "adgobble.com",
    "Company": "Micro Design",
    "Occupation": "Milling and planing machine setter",
    "HeightCM": "167",
    "WeightKG": "88.3",
    "BloodType": "O+",
    "Vehicle": "1993 Beijing BJ 2020",
    "Color": "Blue"
  },
  {
    "Id": "3ea30916-7441-458e-80de-44aa3ba5c49a",
    "Name": "Laura Barbosa",
    "Address": null,
    "City": "Polk City",
    "State": "FL",
    "Zip": "33868",
    "SSN": "261-56-5879",
    "Location": "28.275559, -81.818312",
    "Phone": "863-602-3427",
    "CountryCode": "1",
    "DOB": null,
    "Email": null,
    "UserName": null,
    "Website": "happyvscrappy.com",
    "Company": "Weatherill's",
    "Occupation": "Genetics nurse",
    "HeightCM": "157",
    "WeightKG": "74.6",
    "BloodType": "B+",
    "Vehicle": null,
    "Color": "Blue"
  },
  {
    "Id": "cc3c8b2f-ac7f-499d-85ae-63eeb74d48e5",
    "Name": "Pryor Garreau",
    "Address": "2481 Lake Forest Drive",
    "City": "Kansas City",
    "State": "KS",
    "Zip": "66210",
    "SSN": null,
    "Location": "39.133396, -94.78778",
    "Phone": "913-915-8926",
    "CountryCode": "1",
    "DOB": "May 31, 1992",
    "Email": "JoseEFrances@jourrapide.com",
    "UserName": null,
    "Website": "barmecidea.com",
    "Company": "Pro Garden Management",
    "Occupation": "Lift truck operator",
    "HeightCM": "189",
    "WeightKG": "97.9",
    "BloodType": "A+",
    "Vehicle": "2005 Porsche GT2",
    "Color": "Blue"
  },
  {
    "Id": "fea13fa0-8d46-4b6f-9782-95c9f21adbec",
    "Name": "ประดับศรี ก. โพธิ์บูลย์",
    "Address": "979 Paradise Lane",
    "City": "Pomona",
    "State": "CA",
    "Zip": "91766",
    "SSN": "570-77-3094",
    "Location": "33.959873, -117.72652",
    "Phone": "909-629-9720",
    "CountryCode": "1",
    "DOB": "April 29, 1993",
    "Email": null,
    "UserName": "Greggelf93",
    "Website": "emaildisc.com",
    "Company": "Strategic Profit",
    "Occupation": "LAN administrator",
    "HeightCM": "156",
    "WeightKG": null,
    "BloodType": null,
    "Vehicle": "2000 Buick Park Avenue",
    "Color": "Purple"
  },
  {
    "Id": "a75fe56a-4d8f-4712-8f13-267c035c540b",
    "Name": "Alexis Bler",
    "Address": "1044 Haven Lane",
    "City": "Lansing",
    "State": "MI",
    "Zip": "48933",
    "SSN": "374-11-2815",
    "Location": "42.670085, -84.584981",
    "Phone": "517-621-3647",
    "CountryCode": "1",
    "DOB": "June 25, 1966",
    "Email": "LeroyMBooth@rhyta.com",
    "UserName": "Quichaved",
    "Website": "armadamanpower.com",
    "Company": "Mr. Good Buys",
    "Occupation": "Cardiac and vascular nurse",
    "HeightCM": "182",
    "WeightKG": "102.8",
    "BloodType": "O+",
    "Vehicle": null,
    "Color": null
  },
  {
    "Id": "dcd6b001-0bc6-4129-9e67-1a33e9c45af0",
    "Name": "Hardouin A. Labrosse",
    "Address": "3800 Clearview Drive",
    "City": "Denver",
    "State": "CO",
    "Zip": "80202",
    "SSN": "650-34-5913",
    "Location": "39.775911, -104.961161",
    "Phone": "303-653-1181",
    "CountryCode": null,
    "DOB": "May 1, 1970",
    "Email": "MarioMLoveday@armyspy.com",
    "UserName": "Stoge1970",
    "Website": "delaneyplamp.com",
    "Company": "Price Savers",
    "Occupation": null,
    "HeightCM": "168",
    "WeightKG": "103.8",
    "BloodType": null,
    "Vehicle": "1996 Nissan Gloria",
    "Color": "Blue"
  },
  {
    "Id": "edbfa284-5532-416b-96e5-17f0b12f1cf6",
    "Name": "Tao J. Tsui",
    "Address": null,
    "City": "Elkin",
    "State": "NC",
    "Zip": "28621",
    "SSN": "681-10-8903",
    "Location": "36.386626, -80.704647",
    "Phone": null,
    "CountryCode": "1",
    "DOB": "December 15, 1958",
    "Email": "JosephineGChapman@teleworm.us",
    "UserName": "Diater",
    "Website": "ecfloral.com",
    "Company": "Kragen Auto Parts",
    "Occupation": null,
    "HeightCM": "162",
    "WeightKG": "75.2",
    "BloodType": "O+",
    "Vehicle": null,
    "Color": "Red"
  },
  {
    "Id": "06eb0a57-7ea1-4584-ae3a-53a75f88eaec",
    "Name": "Joseph Thivierge",
    "Address": "2238 Maud Street",
    "City": "Philadelphia",
    "State": "DE",
    "Zip": null,
    "SSN": "221-04-8573",
    "Location": "39.921293, -75.128598",
    "Phone": "302-725-0927",
    "CountryCode": "1",
    "DOB": "February 23, 1970",
    "Email": "EllaJHolloway@armyspy.com",
    "UserName": "Wrecertrecan1970",
    "Website": "ladyashtea.com",
    "Company": "Food Giant",
    "Occupation": "Psychiatric nursing assistant",
    "HeightCM": "167",
    "WeightKG": "94.7",
    "BloodType": "B+",
    "Vehicle": "2002 Skoda Octavia",
    "Color": null
  },
  {
    "Id": "09c05f08-6aae-405f-816e-2d6f14b4dfd0",
    "Name": "Mulan C. Hou",
    "Address": "1152 Joseph Street",
    "City": "New Berlin",
    "State": "WI",
    "Zip": "53151",
    "SSN": "395-96-6087",
    "Location": "43.007083, -88.049935",
    "Phone": "262-751-8111",
    "CountryCode": "1",
    "DOB": "March 3, 1953",
    "Email": "WalterJDurrett@teleworm.us",
    "UserName": "Whountlence",
    "Website": "penangcitizen.com",
    "Company": null,
    "Occupation": null,
    "HeightCM": "167",
    "WeightKG": "81.1",
    "BloodType": "O+",
    "Vehicle": "1994 Jeep Grand Cherokee",
    "Color": "Blue"
  },
  {
    "Id": "cc3c8b2f-ac7f-499d-85ae-63eeb74d48e5",
    "Name": "Pryor Garreau",
    "Address": null,
    "City": "Kansas City",
    "State": "KS",
    "Zip": "66210",
    "SSN": null,
    "Location": null,
    "Phone": "913-915-8926",
    "CountryCode": "1",
    "DOB": "May 31, 1992",
    "Email": "JoseEFrances@jourrapide.com",
    "UserName": "Moseloway",
    "Website": "barmecidea.com",
    "Company": "Pro Garden Management",
    "Occupation": "Lift truck operator",
    "HeightCM": "189",
    "WeightKG": "97.9",
    "BloodType": "A+",
    "Vehicle": "2005 Porsche GT2",
    "Color": "Blue"
  },
  {
    "Id": "9563ed89-3985-40f2-baf2-8e9abfb80209",
    "Name": "翼 千. 本宮",
    "Address": "4107 Stratford Park",
    "City": "Owensburg",
    "State": "IN",
    "Zip": "47453",
    "SSN": "304-07-7289",
    "Location": "38.843158, -86.677822",
    "Phone": "812-863-6866",
    "CountryCode": "1",
    "DOB": "March 24, 1941",
    "Email": "ReginaRHampton@jourrapide.com",
    "UserName": "Trepen",
    "Website": "babescenes.com",
    "Company": "Block Distributors",
    "Occupation": "Support service manager",
    "HeightCM": "156",
    "WeightKG": "92.9",
    "BloodType": null,
    "Vehicle": "1996 Nissan Patrol",
    "Color": "Blue"
  },
  {
    "Id": "a576d5f9-fa2c-4f31-9b26-db335550fd82",
    "Name": "รำพรรณ ท. แซ่อึ้ง",
    "Address": "2456 Morgan Street",
    "City": "Panama City",
    "State": "FL",
    "Zip": "32401",
    "SSN": null,
    "Location": "30.235513, -85.593196",
    "Phone": null,
    "CountryCode": "1",
    "DOB": "April 2, 1958",
    "Email": "HelenJJohnson@rhyta.com",
    "UserName": "Stakinan",
    "Website": "prestamoporsms.com",
    "Company": "Sound Advice",
    "Occupation": "Reservation and transportation ticket agent",
    "HeightCM": "155",
    "WeightKG": "57.5",
    "BloodType": "O+",
    "Vehicle": "2005 Mazda 5",
    "Color": "Green"
  },
  {
    "Id": "c27cd1d9-125c-48fc-a07e-bcc44a146728",
    "Name": "学 桐. 小畑",
    "Address": null,
    "City": "Gardena",
    "State": "CA",
    "Zip": "90248",
    "SSN": "607-18-9022",
    "Location": "33.825178, -118.304961",
    "Phone": "310-990-8953",
    "CountryCode": "1",
    "DOB": "December 3, 1998",
    "Email": null,
    "UserName": "Thempailoved",
    "Website": "jjreventures.com",
    "Company": "The Jolly Farmer",
    "Occupation": "Interior decorator",
    "HeightCM": "186",
    "WeightKG": "80.0",
    "BloodType": "A+",
    "Vehicle": "2004 Opel Corsa",
    "Color": null
  },
  {
    "Id": "06af7f3b-1e2a-4660-9684-88c7357a3cbd",
    "Name": "Esperanza S. Bérard",
    "Address": "1241 Green Street",
    "City": null,
    "State": "TN",
    "Zip": "37211",
    "SSN": "762-01-3567",
    "Location": "36.002273, -86.64318",
    "Phone": null,
    "CountryCode": "1",
    "DOB": "September 6, 1950",
    "Email": "WilliamMCorns@rhyta.com",
    "UserName": "Debtled",
    "Website": "ironturkey.com",
    "Company": "Poore Simon's",
    "Occupation": "Administrative law judge",
    "HeightCM": "171",
    "WeightKG": "81.4",
    "BloodType": "B+",
    "Vehicle": "2005 Holden Statesman",
    "Color": "Blue"
  },
  {
    "Id": "4549f903-0af1-4264-92dc-f2b83ce2f155",
    "Name": "Felix Vinogradoff",
    "Address": null,
    "City": "Tupelo",
    "State": "MS",
    "Zip": "38801",
    "SSN": "587-01-1449",
    "Location": "34.284117, -88.696389",
    "Phone": "662-821-4968",
    "CountryCode": "1",
    "DOB": null,
    "Email": "LisaJBrown@jourrapide.com",
    "UserName": null,
    "Website": "golfwikki.com",
    "Company": "Our Own Hardware",
    "Occupation": null,
    "HeightCM": "151",
    "WeightKG": null,
    "BloodType": "A+",
    "Vehicle": "1999 Honda City",
    "Color": "Yellow"
  },
  {
    "Id": "7a3483e6-2d38-4305-8bba-9dc8467e2922",
    "Name": "Breno Ribeiro",
    "Address": "961 Parkway Drive",
    "City": "Tucson",
    "State": "AZ",
    "Zip": "85712",
    "SSN": "601-15-3612",
    "Location": "32.202926, -110.874383",
    "Phone": "520-404-7644",
    "CountryCode": "1",
    "DOB": "April 22, 1960",
    "Email": "WilliamVJackson@jourrapide.com",
    "UserName": "Sistookeed",
    "Website": "tvwsftj.com",
    "Company": "Pro-Care Garden Maintenance",
    "Occupation": "Freight agent",
    "HeightCM": null,
    "WeightKG": "104.5",
    "BloodType": "AB+",
    "Vehicle": "1992 Volvo 460",
    "Color": "Blue"
  },
  {
    "Id": "48b7a227-d8a1-4903-a922-4d7180dcb671",
    "Name": "Irakli Kryukov",
    "Address": "3711 Devils Hill Road",
    "City": "Jackson",
    "State": "MS",
    "Zip": "39201",
    "SSN": "427-62-6548",
    "Location": "32.335105, -90.119477",
    "Phone": "601-861-8871",
    "CountryCode": "1",
    "DOB": null,
    "Email": "BarbaraMAstudillo@teleworm.us",
    "UserName": "Hagerre",
    "Website": "downloadidea.com",
    "Company": "National Record Mart",
    "Occupation": null,
    "HeightCM": "160",
    "WeightKG": "74.7",
    "BloodType": "O+",
    "Vehicle": "1999 BMW 323",
    "Color": null
  },
  {
    "Id": "2089550b-033a-4738-a27a-e4d761fcda7d",
    "Name": "Akulina Grigoryeva",
    "Address": null,
    "City": "Albany",
    "State": "NY",
    "Zip": "12206",
    "SSN": "092-66-8462",
    "Location": "42.765103, -73.863602",
    "Phone": "518-438-8713",
    "CountryCode": "1",
    "DOB": null,
    "Email": "LisaRWinston@dayrep.com",
    "UserName": "Accandon",
    "Website": "cruisinmamas.com",
    "Company": "Castro Convertibles",
    "Occupation": "Labor relations director",
    "HeightCM": "172",
    "WeightKG": "94.1",
    "BloodType": "O+",
    "Vehicle": "1992 Seat Marbella",
    "Color": "Red"
  },
  {
    "Id": "e6321c57-aa5e-479c-852b-7d57a04def02",
    "Name": "Jan M. Schröder",
    "Address": "2695 Buck Drive",
    "City": "South Burlington",
    "State": "VT",
    "Zip": "05403",
    "SSN": "009-58-8903",
    "Location": "44.472715, -73.171402",
    "Phone": "802-231-8769",
    "CountryCode": "1",
    "DOB": "August 1, 1992",
    "Email": "HattieJRamos@armyspy.com",
    "UserName": "Pardisturn",
    "Website": "HoneymoonBooking.com",
    "Company": "Naugles",
    "Occupation": null,
    "HeightCM": "171",
    "WeightKG": null,
    "BloodType": "A+",
    "Vehicle": null,
    "Color": "Blue"
  },
  {
    "Id": "78e6e62b-7f0b-4348-85e9-99fdf8a94ade",
    "Name": "Ralph G. Meyer",
    "Address": "3698 Boundary Street",
    "City": "Jacksonville",
    "State": "FL",
    "Zip": "32218",
    "SSN": "768-30-1542",
    "Location": "30.495696, -81.659548",
    "Phone": null,
    "CountryCode": "1",
    "DOB": "January 22, 1960",
    "Email": "MaritzaRHawks@armyspy.com",
    "UserName": "Ottelf",
    "Website": "tanjaktiara.com",
    "Company": "Rhodes Furniture",
    "Occupation": "Meteorologist",
    "HeightCM": "167",
    "WeightKG": "53.8",
    "BloodType": "O+",
    "Vehicle": "2002 Mitsubishi Space Liner",
    "Color": "Green"
  },
  {
    "Id": "0bea74cf-ed51-41a8-bc52-bb4c952e7186",
    "Name": "Marisa O. Cunha",
    "Address": "1305 Meadow View Drive",
    "City": "Hartford",
    "State": "CT",
    "Zip": "06103",
    "SSN": "049-46-3275",
    "Location": "41.679598, -72.683252",
    "Phone": "860-473-0045",
    "CountryCode": "1",
    "DOB": "February 8, 1946",
    "Email": "LouellaJSoto@jourrapide.com",
    "UserName": "Stateen",
    "Website": "objectigee.com",
    "Company": "Gemco",
    "Occupation": "Counselor",
    "HeightCM": null,
    "WeightKG": "79.7",
    "BloodType": "B+",
    "Vehicle": "2014 Toyota RAV4",
    "Color": "Yellow"
  },
  {
    "Id": "51480d25-c6ec-476a-98c6-573b519c46e4",
    "Name": "Galina E. Zubareva",
    "Address": "1983 Harrison Street",
    "City": "Oakland",
    "State": "CA",
    "Zip": "94612",
    "SSN": "603-10-1913",
    "Location": "37.84702, -122.175704",
    "Phone": "415-573-7258",
    "CountryCode": "1",
    "DOB": "May 18, 1960",
    "Email": "AliceKWhiten@dayrep.com",
    "UserName": "Stakinan",
    "Website": "littlemommybaby.com",
    "Company": "Network Air",
    "Occupation": null,
    "HeightCM": "157",
    "WeightKG": "86.4",
    "BloodType": "B+",
    "Vehicle": null,
    "Color": "Orange"
  },
  {
    "Id": "584c256a-dbed-434b-acac-058f3641b392",
    "Name": "Verney C. Laprise",
    "Address": "1694 Layman Court",
    "City": "Norcross",
    "State": "GA",
    "Zip": "30071",
    "SSN": "675-07-9952",
    "Location": "33.924102, -84.238898",
    "Phone": "678-299-2156",
    "CountryCode": "1",
    "DOB": "October 12, 1959",
    "Email": "WillieLShropshire@dayrep.com",
    "UserName": "Forelut",
    "Website": "woodfeilduni.com",
    "Company": "Life Map",
    "Occupation": "Wound, ostomy, and continence nurse",
    "HeightCM": "169",
    "WeightKG": "81.9",
    "BloodType": "O+",
    "Vehicle": "1997 Daihatsu Gran Move",
    "Color": null
  },
  {
    "Id": "645654aa-6b13-47ed-9c13-be5d3095631c",
    "Name": "สุนงศ์ลักษ์ ค. คิดประเสริฐ",
    "Address": null,
    "City": "Belleville",
    "State": "PA",
    "Zip": "17004",
    "SSN": "201-48-7653",
    "Location": null,
    "Phone": "717-935-9696",
    "CountryCode": "1",
    "DOB": "June 24, 1957",
    "Email": "TommieRCantu@rhyta.com",
    "UserName": "Netur1957",
    "Website": "agepros.com",
    "Company": "Multi Tech Development",
    "Occupation": "Electronic equipment repairer",
    "HeightCM": "165",
    "WeightKG": null,
    "BloodType": "B+",
    "Vehicle": "2012 Lincoln Navigator",
    "Color": "Green"
  },
  {
    "Id": "0bea74cf-ed51-41a8-bc52-bb4c952e7186",
    "Name": "Marisa O. Cunha",
    "Address": "1305 Meadow View Drive",
    "City": "Hartford",
    "State": "CT",
    "Zip": "06103",
    "SSN": "049-46-3275",
    "Location": "41.679598, -72.683252",
    "Phone": "860-473-0045",
    "CountryCode": "1",
    "DOB": null,
    "Email": null,
    "UserName": "Stateen",
    "Website": "objectigee.com",
    "Company": null,
    "Occupation": "Counselor",
    "HeightCM": "151",
    "WeightKG": "79.7",
    "BloodType": "B+",
    "Vehicle": "2014 Toyota RAV4",
    "Color": "Yellow"
  },
  {
    "Id": "2df61a4c-2f10-4fa3-81aa-3ffd2f9b424f",
    "Name": "Clara Dias",
    "Address": "2315 Buffalo Creek Road",
    "City": "Nashville",
    "State": null,
    "Zip": "37207",
    "SSN": "757-01-5848",
    "Location": "36.331343, -86.820976",
    "Phone": "615-945-8833",
    "CountryCode": "1",
    "DOB": "April 23, 1941",
    "Email": "SusanGBrowning@dayrep.com",
    "UserName": "Usen1941",
    "Website": "dcastleman.com",
    "Company": "Food Barn",
    "Occupation": "Airport terminal controller",
    "HeightCM": "156",
    "WeightKG": null,
    "BloodType": "A+",
    "Vehicle": "2007 Honda Accord",
    "Color": "Purple"
  },
  {
    "Id": "585879c1-f01a-4cc0-8b18-f5b3d07fa4af",
    "Name": "David F. Lang",
    "Address": "1523 Pallet Street",
    "City": "Middletown",
    "State": "NY",
    "Zip": "10940",
    "SSN": "132-60-7411",
    "Location": "41.522815, -74.521671",
    "Phone": "914-443-0083",
    "CountryCode": "1",
    "DOB": "February 28, 1989",
    "Email": "ArturoELong@armyspy.com",
    "UserName": "Eastring",
    "Website": null,
    "Company": "Fretter",
    "Occupation": "Loading machine operator",
    "HeightCM": "185",
    "WeightKG": "95.4",
    "BloodType": "A-",
    "Vehicle": "2004 Pagani Zonda",
    "Color": "Red"
  },
  {
    "Id": "aa059c14-c21a-4074-b1a6-c9a3fb465c02",
    "Name": "Benjamin Fenstermacher",
    "Address": null,
    "City": "Indianapolis",
    "State": "IN",
    "Zip": "46278",
    "SSN": "312-88-4838",
    "Location": "39.89365, -86.400054",
    "Phone": "317-523-5792",
    "CountryCode": "1",
    "DOB": "January 12, 1937",
    "Email": "TerryKMayer@armyspy.com",
    "UserName": "Acese1937",
    "Website": "diggityweb.com",
    "Company": "House 2 Home",
    "Occupation": "Newsletter writer",
    "HeightCM": "161",
    "WeightKG": "72.7",
    "BloodType": "B+",
    "Vehicle": "1998 Ford Escort",
    "Color": "Purple"
  },
  {
    "Id": "53745795-006f-4471-b771-420dd260fa34",
    "Name": "Johanna Saenger",
    "Address": "4546 Timberbrook Lane",
    "City": "Durango",
    "State": "CO",
    "Zip": "81301",
    "SSN": "653-18-1118",
    "Location": "37.383824, -107.800059",
    "Phone": null,
    "CountryCode": "1",
    "DOB": null,
    "Email": "KellyMSanchez@rhyta.com",
    "UserName": "Monellead",
    "Website": "antromoda.com",
    "Company": "Afterthoughts",
    "Occupation": "Midshipman",
    "HeightCM": "165",
    "WeightKG": "98.9",
    "BloodType": null,
    "Vehicle": null,
    "Color": "Orange"
  },
  {
    "Id": "26d40f5f-b0f0-4d51-bc85-b1b462056c0a",
    "Name": "Meng Lei",
    "Address": "3512 Tyler Avenue",
    "City": "Ft Lauderdale",
    "State": "FL",
    "Zip": null,
    "SSN": null,
    "Location": null,
    "Phone": "305-318-0152",
    "CountryCode": "1",
    "DOB": "March 3, 1954",
    "Email": "EvaMHardin@dayrep.com",
    "UserName": null,
    "Website": null,
    "Company": "Micro Design",
    "Occupation": "Milling and planing machine setter",
    "HeightCM": "167",
    "WeightKG": "88.3",
    "BloodType": "O+",
    "Vehicle": "1993 Beijing BJ 2020",
    "Color": "Blue"
  },
  {
    "Id": "492c4f31-ea7a-4295-9874-5c39529b9ea1",
    "Name": "Thaddeus A. Kirillov",
    "Address": "3286 Pleasant Hill Road",
    "City": "Boca Raton",
    "State": "FL",
    "Zip": "33487",
    "SSN": null,
    "Location": "26.394124, -80.068737",
    "Phone": "561-988-3619",
    "CountryCode": "1",
    "DOB": "January 5, 1979",
    "Email": "DorothySWeedman@rhyta.com",
    "UserName": "Theremings",
    "Website": "xiaotuhe.com",
    "Company": "Megatronic",
    "Occupation": "Longshoremen",
    "HeightCM": "167",
    "WeightKG": "72.8",
    "BloodType": "A+",
    "Vehicle": "1996 Fiat Tempra",
    "Color": "Purple"
  },
  {
    "Id": "ba4e020f-c692-4552-b0f4-07e41d0c68be",
    "Name": "和也 麗. 尾嶋",
    "Address": "2230 Dog Hill Lane",
    "City": "Almena",
    "State": "KS",
    "Zip": "67622",
    "SSN": "514-44-7148",
    "Location": "39.793734, -99.744008",
    "Phone": "785-669-9392",
    "CountryCode": null,
    "DOB": null,
    "Email": "GuadalupeTPugh@dayrep.com",
    "UserName": "Drocaulta",
    "Website": "shadowoblivion.com",
    "Company": "The Wall",
    "Occupation": "Translator",
    "HeightCM": "158",
    "WeightKG": "76.6",
    "BloodType": "A+",
    "Vehicle": "2007 Opel Vivaro",
    "Color": null
  },
  {
    "Id": "e6321c57-aa5e-479c-852b-7d57a04def02",
    "Name": "Jan M. Schröder",
    "Address": "2695 Buck Drive",
    "City": null,
    "State": "VT",
    "Zip": "05403",
    "SSN": "009-58-8903",
    "Location": "44.472715, -73.171402",
    "Phone": "802-231-8769",
    "CountryCode": "1",
    "DOB": "August 1, 1992",
    "Email": "HattieJRamos@armyspy.com",
    "UserName": "Pardisturn",
    "Website": "HoneymoonBooking.com",
    "Company": null,
    "Occupation": "Optical goods worker",
    "HeightCM": "171",
    "WeightKG": "70.0",
    "BloodType": "A+",
    "Vehicle": "2005 Suzuki Aerio",
    "Color": "Blue"
  },
  {
    "Id": "2089550b-033a-4738-a27a-e4d761fcda7d",
    "Name": "Akulina Grigoryeva",
    "Address": "4753 Hardesty Street",
    "City": "Albany",
    "State": "NY",
    "Zip": "12206",
    "SSN": "092-66-8462",
    "Location": "42.765103, -73.863602",
    "Phone": "518-438-8713",
    "CountryCode": "1",
    "DOB": "January 4, 1966",
    "Email": "LisaRWinston@dayrep.com",
    "UserName": "Accandon",
    "Website": "cruisinmamas.com",
    "Company": "Castro Convertibles",
    "Occupation": null,
    "HeightCM": "172",
    "WeightKG": "94.1",
    "BloodType": "O+",
    "Vehicle": null,
    "Color": "Red"
  },
  {
    "Id": "31c21001-ef54-428c-b7eb-ea105acfa7a6",
    "Name": "Paien N. Turcotte",
    "Address": "4780 Robinson Court",
    "City": "Bay City",
    "State": "MI",
    "Zip": "48706",
    "SSN": "378-74-7541",
    "Location": "43.638175, -84.012519",
    "Phone": "989-513-2111",
    "CountryCode": "1",
    "DOB": "October 11, 1981",
    "Email": "MariaVWhittington@armyspy.com",
    "UserName": "Chaddive",
    "Website": "matthewlchin.com",
    "Company": "Hugh M. Woods",
    "Occupation": "Hunter",
    "HeightCM": "167",
    "WeightKG": "82.5",
    "BloodType": "AB+",
    "Vehicle": "2003 Pagani Zonda",
    "Color": "Orange"
  },
  {
    "Id": "8c59f35c-0146-4946-8b50-9ac185935171",
    "Name": "Marcos Rocha",
    "Address": "3326 Half and Half Drive",
    "City": "Laton",
    "State": "CA",
    "Zip": "93242",
    "SSN": "623-33-3862",
    "Location": null,
    "Phone": "559-923-6456",
    "CountryCode": "1",
    "DOB": "July 6, 1935",
    "Email": "NathanLFreeman@rhyta.com",
    "UserName": "Coveregs",
    "Website": "underparenting.com",
    "Company": "Strategy Consulting",
    "Occupation": "Claims adjuster",
    "HeightCM": "170",
    "WeightKG": "92.3",
    "BloodType": "A-",
    "Vehicle": "2001 GMC Sonoma",
    "Color": "Blue"
  },
  {
    "Id": "b0c4c411-36b0-432f-955c-08b9ff35c8c2",
    "Name": "Afrodille O. Maheu",
    "Address": "1886 Fincham Road",
    "City": "Carlsbad",
    "State": "CA",
    "Zip": "92009",
    "SSN": "546-64-7549",
    "Location": "33.166764, -117.313037",
    "Phone": "760-458-6351",
    "CountryCode": null,
    "DOB": "June 3, 1950",
    "Email": null,
    "UserName": "Froce1950",
    "Website": "bivolucion.com",
    "Company": "Wetson's",
    "Occupation": null,
    "HeightCM": "169",
    "WeightKG": "70.2",
    "BloodType": "O+",
    "Vehicle": "1996 Hyundai Lantra",
    "Color": "Red"
  },
  {
    "Id": "492c4f31-ea7a-4295-9874-5c39529b9ea1",
    "Name": "Thaddeus A. Kirillov",
    "Address": "3286 Pleasant Hill Road",
    "City": "Boca Raton",
    "State": null,
    "Zip": "33487",
    "SSN": "771-36-4697",
    "Location": "26.394124, -80.068737",
    "Phone": null,
    "CountryCode": null,
    "DOB": "January 5, 1979",
    "Email": "DorothySWeedman@rhyta.com",
    "UserName": "Theremings",
    "Website": "xiaotuhe.com",
    "Company": "Megatronic",
    "Occupation": "Longshoremen",
    "HeightCM": "167",
    "WeightKG": null,
    "BloodType": "A+",
    "Vehicle": "1996 Fiat Tempra",
    "Color": "Purple"
  },
  {
    "Id": "89997bfd-c834-42e9-a61f-1f7b72b09ce9",
    "Name": "Carolina Barros",
    "Address": "4410 Wildrose Lane",
    "City": "Detroit",
    "State": null,
    "Zip": "48219",
    "SSN": "372-60-7598",
    "Location": null,
    "Phone": "313-808-0688",
    "CountryCode": "1",
    "DOB": "June 24, 1939",
    "Email": "EugeneLHorrocks@teleworm.us",
    "UserName": "Lacial",
    "Website": "erictonline.com",
    "Company": "Chief Auto Parts",
    "Occupation": "Administrative director",
    "HeightCM": "174",
    "WeightKG": "102.2",
    "BloodType": "AB+",
    "Vehicle": "2002 Honda Torneo",
    "Color": "Blue"
  },
  {
    "Id": "26d40f5f-b0f0-4d51-bc85-b1b462056c0a",
    "Name": "Meng Lei",
    "Address": "3512 Tyler Avenue",
    "City": "Ft Lauderdale",
    "State": "FL",
    "Zip": "33311",
    "SSN": "265-93-9806",
    "Location": null,
    "Phone": "305-318-0152",
    "CountryCode": "1",
    "DOB": "March 3, 1954",
    "Email": null,
    "UserName": null,
    "Website": "adgobble.com",
    "Company": "Micro Design",
    "Occupation": "Milling and planing machine setter",
    "HeightCM": "167",
    "WeightKG": null,
    "BloodType": "O+",
    "Vehicle": "1993 Beijing BJ 2020",
    "Color": null
  },
  {
    "Id": "aad923e3-bf5c-4554-a7bb-76ca81be931c",
    "Name": "恵 篠川",
    "Address": "859 Marcus Street",
    "City": "Huntsville",
    "State": "AL",
    "Zip": "35802",
    "SSN": "423-94-8797",
    "Location": "34.594392, -86.551097",
    "Phone": "256-642-1558",
    "CountryCode": "1",
    "DOB": "September 27, 1967",
    "Email": "TimothyLSweeney@teleworm.us",
    "UserName": "Inack1967",
    "Website": "ryumark.com",
    "Company": "Strongbod",
    "Occupation": "Word processor",
    "HeightCM": null,
    "WeightKG": "101.3",
    "BloodType": null,
    "Vehicle": "2007 Saab 9-7X",
    "Color": "Red"
  },
  {
    "Id": "56b63ee9-54a6-486a-b83a-f623f41728ba",
    "Name": "進 神澤",
    "Address": "52 Creekside Lane",
    "City": "Sherman Oaks",
    "State": "CA",
    "Zip": "91403",
    "SSN": "546-63-7809",
    "Location": null,
    "Phone": null,
    "CountryCode": "1",
    "DOB": "June 26, 1984",
    "Email": null,
    "UserName": null,
    "Website": "crossroadsvapor.com",
    "Company": "Coconut's",
    "Occupation": "Tumbling barrel painter",
    "HeightCM": null,
    "WeightKG": null,
    "BloodType": null,
    "Vehicle": "2006 Ford Freestyle",
    "Color": "Green"
  },
  {
    "Id": "861fefdc-d4f5-4b51-b206-d42479a65fb2",
    "Name": "Igor C. Ferreira",
    "Address": null,
    "City": "Shreveport",
    "State": "LA",
    "Zip": "71101",
    "SSN": "433-58-7876",
    "Location": "32.574289, -93.697349",
    "Phone": "318-902-7894",
    "CountryCode": "1",
    "DOB": "November 15, 1955",
    "Email": "MichaelDLockett@armyspy.com",
    "UserName": null,
    "Website": null,
    "Company": "Planet Profit",
    "Occupation": "Data entry clerk",
    "HeightCM": "181",
    "WeightKG": "79.3",
    "BloodType": "B+",
    "Vehicle": "2008 Volvo S60",
    "Color": "Black"
  },
  {
    "Id": "1bffffbb-e2e2-4092-8cc5-5621e941ed73",
    "Name": "Thierry Y. Courtois",
    "Address": "4792 Raver Croft Drive",
    "City": null,
    "State": "TN",
    "Zip": "37403",
    "SSN": "756-01-7130",
    "Location": "34.960261, -85.370451",
    "Phone": "423-650-5002",
    "CountryCode": "1",
    "DOB": "December 17, 1937",
    "Email": "EllaCPatton@armyspy.com",
    "UserName": "Froned",
    "Website": "contacttect.com",
    "Company": "Piece Goods Fabric",
    "Occupation": "Choreographer",
    "HeightCM": "157",
    "WeightKG": "52.0",
    "BloodType": null,
    "Vehicle": null,
    "Color": "Green"
  },
  {
    "Id": "02d14761-450a-4636-91d9-a867c4adbf9c",
    "Name": "Anatoly Belov",
    "Address": "1688 Hamilton Drive",
    "City": null,
    "State": "TX",
    "Zip": null,
    "SSN": "645-98-1745",
    "Location": null,
    "Phone": "409-978-4311",
    "CountryCode": "1",
    "DOB": "May 14, 1988",
    "Email": "LisaJEctor@dayrep.com",
    "UserName": "Whapin",
    "Website": "allialimousines.com",
    "Company": "Sandy's",
    "Occupation": "Marine electronics technician",
    "HeightCM": "170",
    "WeightKG": null,
    "BloodType": "A+",
    "Vehicle": "1999 Mercedes-Benz ML",
    "Color": "Purple"
  },
  {
    "Id": "1bffffbb-e2e2-4092-8cc5-5621e941ed73",
    "Name": "Thierry Y. Courtois",
    "Address": "4792 Raver Croft Drive",
    "City": "Chattanooga",
    "State": "TN",
    "Zip": "37403",
    "SSN": "756-01-7130",
    "Location": "34.960261, -85.370451",
    "Phone": "423-650-5002",
    "CountryCode": "1",
    "DOB": "December 17, 1937",
    "Email": "EllaCPatton@armyspy.com",
    "UserName": "Froned",
    "Website": "contacttect.com",
    "Company": "Piece Goods Fabric",
    "Occupation": "Choreographer",
    "HeightCM": "157",
    "WeightKG": "52.0",
    "BloodType": null,
    "Vehicle": "2001 Nissan Avenir",
    "Color": "Green"
  },
  {
    "Id": "b8fe9a92-b983-4ce2-8bc4-b14aa70b7d08",
    "Name": "Alexandre Gaillou",
    "Address": "2993 Cherry Camp Road",
    "City": "Lombard",
    "State": "IL",
    "Zip": "60148",
    "SSN": "345-36-3549",
    "Location": "41.871827, -87.962089",
    "Phone": "773-443-2745",
    "CountryCode": "1",
    "DOB": "May 27, 1990",
    "Email": "JohnBPetterson@teleworm.us",
    "UserName": "Conot1990",
    "Website": "efixus.com",
    "Company": "First Choice Yard Help",
    "Occupation": null,
    "HeightCM": "183",
    "WeightKG": "108.1",
    "BloodType": "A+",
    "Vehicle": null,
    "Color": "Black"
  },
  {
    "Id": "645654aa-6b13-47ed-9c13-be5d3095631c",
    "Name": "สุนงศ์ลักษ์ ค. คิดประเสริฐ",
    "Address": "1538 Simpson Avenue",
    "City": "Belleville",
    "State": "PA",
    "Zip": "17004",
    "SSN": "201-48-7653",
    "Location": "40.486286, -77.677439",
    "Phone": "717-935-9696",
    "CountryCode": "1",
    "DOB": "June 24, 1957",
    "Email": "TommieRCantu@rhyta.com",
    "UserName": "Netur1957",
    "Website": "agepros.com",
    "Company": "Multi Tech Development",
    "Occupation": "Electronic equipment repairer",
    "HeightCM": "165",
    "WeightKG": "94.5",
    "BloodType": "B+",
    "Vehicle": null,
    "Color": "Green"
  },
  {
    "Id": "28c14934-aabb-4aab-99e7-64df90650b0a",
    "Name": "昭夫 螢. 鳥取",
    "Address": "3419 Nixon Avenue",
    "City": null,
    "State": "OH",
    "Zip": "44907",
    "SSN": "283-20-3200",
    "Location": "40.796256, -82.538878",
    "Phone": "419-989-6066",
    "CountryCode": "1",
    "DOB": "March 20, 1960",
    "Email": "MikeMSantoro@armyspy.com",
    "UserName": "Aniused",
    "Website": null,
    "Company": null,
    "Occupation": "Songwriter",
    "HeightCM": "183",
    "WeightKG": "67.7",
    "BloodType": "B+",
    "Vehicle": "1993 Honda Civic Del Sol",
    "Color": "Green"
  },
  {
    "Id": "1bffffbb-e2e2-4092-8cc5-5621e941ed73",
    "Name": "Thierry Y. Courtois",
    "Address": "4792 Raver Croft Drive",
    "City": "Chattanooga",
    "State": "TN",
    "Zip": "37403",
    "SSN": "756-01-7130",
    "Location": "34.960261, -85.370451",
    "Phone": "423-650-5002",
    "CountryCode": "1",
    "DOB": "December 17, 1937",
    "Email": "EllaCPatton@armyspy.com",
    "UserName": "Froned",
    "Website": "contacttect.com",
    "Company": "Piece Goods Fabric",
    "Occupation": null,
    "HeightCM": "157",
    "WeightKG": "52.0",
    "BloodType": "B+",
    "Vehicle": "2001 Nissan Avenir",
    "Color": "Green"
  },
  {
    "Id": "a576d5f9-fa2c-4f31-9b26-db335550fd82",
    "Name": "รำพรรณ ท. แซ่อึ้ง",
    "Address": null,
    "City": null,
    "State": "FL",
    "Zip": null,
    "SSN": "589-99-2422",
    "Location": "30.235513, -85.593196",
    "Phone": "850-441-4798",
    "CountryCode": "1",
    "DOB": "April 2, 1958",
    "Email": "HelenJJohnson@rhyta.com",
    "UserName": "Stakinan",
    "Website": "prestamoporsms.com",
    "Company": "Sound Advice",
    "Occupation": "Reservation and transportation ticket agent",
    "HeightCM": "155",
    "WeightKG": "57.5",
    "BloodType": "O+",
    "Vehicle": "2005 Mazda 5",
    "Color": "Green"
  },
  {
    "Id": "492c4f31-ea7a-4295-9874-5c39529b9ea1",
    "Name": "Thaddeus A. Kirillov",
    "Address": "3286 Pleasant Hill Road",
    "City": "Boca Raton",
    "State": "FL",
    "Zip": "33487",
    "SSN": null,
    "Location": "26.394124, -80.068737",
    "Phone": "561-988-3619",
    "CountryCode": "1",
    "DOB": "January 5, 1979",
    "Email": "DorothySWeedman@rhyta.com",
    "UserName": "Theremings",
    "Website": "xiaotuhe.com",
    "Company": "Megatronic",
    "Occupation": "Longshoremen",
    "HeightCM": "167",
    "WeightKG": "72.8",
    "BloodType": "A+",
    "Vehicle": "1996 Fiat Tempra",
    "Color": "Purple"
  },
  {
    "Id": "b8fe9a92-b983-4ce2-8bc4-b14aa70b7d08",
    "Name": "Alexandre Gaillou",
    "Address": "2993 Cherry Camp Road",
    "City": "Lombard",
    "State": "IL",
    "Zip": "60148",
    "SSN": null,
    "Location": "41.871827, -87.962089",
    "Phone": "773-443-2745",
    "CountryCode": null,
    "DOB": "May 27, 1990",
    "Email": "JohnBPetterson@teleworm.us",
    "UserName": "Conot1990",
    "Website": "efixus.com",
    "Company": "First Choice Yard Help",
    "Occupation": "Game warden",
    "HeightCM": "183",
    "WeightKG": "108.1",
    "BloodType": "A+",
    "Vehicle": "2002 Peugeot 406",
    "Color": null
  },
  {
    "Id": "a1491d0d-6f5e-4447-bc48-b169f32d1c72",
    "Name": "Terence S. Fomin",
    "Address": "3113 Nuzum Court",
    "City": "Buffalo",
    "State": "NY",
    "Zip": "14202",
    "SSN": "099-82-1816",
    "Location": "42.860713, -78.840724",
    "Phone": "716-541-9530",
    "CountryCode": "1",
    "DOB": "March 16, 1983",
    "Email": "WilmaMEstes@rhyta.com",
    "UserName": "Shouratied",
    "Website": "emojicp.com",
    "Company": null,
    "Occupation": "Product designer",
    "HeightCM": "167",
    "WeightKG": null,
    "BloodType": "B+",
    "Vehicle": "2001 Ford Ranger",
    "Color": "Blue"
  },
  {
    "Id": "182f10d5-63c5-4102-9714-96415dfe0236",
    "Name": "Hui Fan",
    "Address": "837 Cottrill Lane",
    "City": "Saint Louis",
    "State": "MO",
    "Zip": "63146",
    "SSN": "495-90-3479",
    "Location": "38.668898, -90.550004",
    "Phone": "314-430-8734",
    "CountryCode": "1",
    "DOB": "December 14, 1962",
    "Email": null,
    "UserName": "Wateram",
    "Website": "pmezgvz.com",
    "Company": "Sistemos",
    "Occupation": null,
    "HeightCM": "162",
    "WeightKG": "79.4",
    "BloodType": "A+",
    "Vehicle": "1995 Mazda 121",
    "Color": "Red"
  },
  {
    "Id": "3ea30916-7441-458e-80de-44aa3ba5c49a",
    "Name": "Laura Barbosa",
    "Address": "203 Oakdale Avenue",
    "City": "Polk City",
    "State": "FL",
    "Zip": "33868",
    "SSN": "261-56-5879",
    "Location": "28.275559, -81.818312",
    "Phone": "863-602-3427",
    "CountryCode": "1",
    "DOB": "February 22, 1979",
    "Email": "DanaDWilliams@armyspy.com",
    "UserName": "Entse1979",
    "Website": "happyvscrappy.com",
    "Company": null,
    "Occupation": "Genetics nurse",
    "HeightCM": "157",
    "WeightKG": "74.6",
    "BloodType": "B+",
    "Vehicle": null,
    "Color": "Blue"
  },
  {
    "Id": "daaa7738-2b48-4bff-854e-eb4ebd93413a",
    "Name": "ทวีสุข ส. หนูพ่วง",
    "Address": "3970 Nelm Street",
    "City": "Beltsville",
    "State": "VA",
    "Zip": "20705",
    "SSN": "227-17-9617",
    "Location": "39.122957, -76.898167",
    "Phone": null,
    "CountryCode": null,
    "DOB": "May 6, 1946",
    "Email": "RebeccaRHerrera@dayrep.com",
    "UserName": "Nobosen",
    "Website": null,
    "Company": "Pak and Save",
    "Occupation": "Cable line installer",
    "HeightCM": "158",
    "WeightKG": "94.7",
    "BloodType": "O+",
    "Vehicle": "2010 BMW 650",
    "Color": "Blue"
  },
  {
    "Id": "2090bfd1-a9d1-4317-a014-feba55fbe315",
    "Name": "ทองเสาร์ คำมะวัน",
    "Address": "3929 Ritter Avenue",
    "City": "Detroit",
    "State": "MI",
    "Zip": null,
    "SSN": null,
    "Location": "42.383213, -82.972969",
    "Phone": "586-675-3134",
    "CountryCode": "1",
    "DOB": "May 15, 1962",
    "Email": "JohnJSummers@rhyta.com",
    "UserName": "Onsid1962",
    "Website": "spreadtheglo.com",
    "Company": "Sherman's",
    "Occupation": "Excavating operator",
    "HeightCM": "188",
    "WeightKG": "111.3",
    "BloodType": null,
    "Vehicle": "1995 Oldsmobile Cutlass",
    "Color": "Blue"
  },
  {
    "Id": "09c05f08-6aae-405f-816e-2d6f14b4dfd0",
    "Name": "Mulan C. Hou",
    "Address": "1152 Joseph Street",
    "City": "New Berlin",
    "State": "WI",
    "Zip": "53151",
    "SSN": "395-96-6087",
    "Location": "43.007083, -88.049935",
    "Phone": null,
    "CountryCode": "1",
    "DOB": "March 3, 1953",
    "Email": "WalterJDurrett@teleworm.us",
    "UserName": "Whountlence",
    "Website": "penangcitizen.com",
    "Company": "Signa Air",
    "Occupation": "Management assistant",
    "HeightCM": "167",
    "WeightKG": "81.1",
    "BloodType": "O+",
    "Vehicle": "1994 Jeep Grand Cherokee",
    "Color": "Blue"
  },
  {
    "Id": "645654aa-6b13-47ed-9c13-be5d3095631c",
    "Name": "สุนงศ์ลักษ์ ค. คิดประเสริฐ",
    "Address": "1538 Simpson Avenue",
    "City": "Belleville",
    "State": "PA",
    "Zip": "17004",
    "SSN": "201-48-7653",
    "Location": null,
    "Phone": null,
    "CountryCode": "1",
    "DOB": null,
    "Email": "TommieRCantu@rhyta.com",
    "UserName": "Netur1957",
    "Website": "agepros.com",
    "Company": "Multi Tech Development",
    "Occupation": "Electronic equipment repairer",
    "HeightCM": "165",
    "WeightKG": null,
    "BloodType": "B+",
    "Vehicle": "2012 Lincoln Navigator",
    "Color": "Green"
  },
  {
    "Id": "09c05f08-6aae-405f-816e-2d6f14b4dfd0",
    "Name": "Mulan C. Hou",
    "Address": "1152 Joseph Street",
    "City": "New Berlin",
    "State": "WI",
    "Zip": "53151",
    "SSN": "395-96-6087",
    "Location": "43.007083, -88.049935",
    "Phone": "262-751-8111",
    "CountryCode": null,
    "DOB": null,
    "Email": "WalterJDurrett@teleworm.us",
    "UserName": "Whountlence",
    "Website": "penangcitizen.com",
    "Company": "Signa Air",
    "Occupation": "Management assistant",
    "HeightCM": "167",
    "WeightKG": "81.1",
    "BloodType": "O+",
    "Vehicle": "1994 Jeep Grand Cherokee",
    "Color": null
  },
  {
    "Id": "3f4249ac-a8c7-4f4b-b0bb-61e8b4924a73",
    "Name": "Cauã Pereira",
    "Address": "1085 Arthur Avenue",
    "City": "Dekalb",
    "State": null,
    "Zip": "60115",
    "SSN": "356-12-7424",
    "Location": "41.815905, -88.781388",
    "Phone": "815-862-7744",
    "CountryCode": "1",
    "DOB": "July 15, 1969",
    "Email": "RosaJMcConnell@rhyta.com",
    "UserName": "Intecanothe",
    "Website": "ensamblewinebar.com",
    "Company": "Simply Appraisals",
    "Occupation": "Athletic trainer",
    "HeightCM": "170",
    "WeightKG": "84.7",
    "BloodType": "A-",
    "Vehicle": null,
    "Color": "Black"
  },
  {
    "Id": "a60b9d2a-c366-4c61-8c0f-b52fc8cb5190",
    "Name": "Laura A. Araujo",
    "Address": "4056 Goff Avenue",
    "City": null,
    "State": "MI",
    "Zip": "49503",
    "SSN": "374-62-1007",
    "Location": "42.85949, -85.628643",
    "Phone": "269-615-2881",
    "CountryCode": "1",
    "DOB": "March 21, 1962",
    "Email": "TimothyJParker@rhyta.com",
    "UserName": null,
    "Website": null,
    "Company": "Dun Rite Lawn Maintenance",
    "Occupation": "Community health educator",
    "HeightCM": "176",
    "WeightKG": "77.1",
    "BloodType": "O-",
    "Vehicle": null,
    "Color": "Blue"
  },
  {
    "Id": "67e83f06-ffc5-48fd-b670-741ae309c6d9",
    "Name": "Mario Jaeger",
    "Address": "2359 Gregory Lane",
    "City": "Louisville",
    "State": "KY",
    "Zip": "40299",
    "SSN": "401-50-3123",
    "Location": "38.214393, -85.446639",
    "Phone": "502-551-1012",
    "CountryCode": "1",
    "DOB": "January 9, 1983",
    "Email": null,
    "UserName": "Chember1983",
    "Website": "adornedmural.com",
    "Company": "Red Baron Electronics",
    "Occupation": "Auditing clerk",
    "HeightCM": "172",
    "WeightKG": "95.3",
    "BloodType": "AB+",
    "Vehicle": "2010 Audi S5",
    "Color": "Blue"
  },
  {
    "Id": "00c2e5e4-6e75-47de-bb39-8713cf49c241",
    "Name": "Magnolia Couture",
    "Address": "4484 Corpening Drive",
    "City": "Pontiac",
    "State": "MI",
    "Zip": "48342",
    "SSN": "372-58-4673",
    "Location": "42.680248, -83.268702",
    "Phone": "248-454-8366",
    "CountryCode": "1",
    "DOB": "May 2, 1978",
    "Email": null,
    "UserName": "Floo1978",
    "Website": "carinajapan.com",
    "Company": "Thriftway Food Mart",
    "Occupation": "Diagnostic medical sonographer",
    "HeightCM": "179",
    "WeightKG": "65.9",
    "BloodType": "B-",
    "Vehicle": "2000 Holden Commodore",
    "Color": "Blue"
  },
  {
    "Id": "5854a5a1-aca6-4f79-85d2-30c001d1ac1f",
    "Name": "Beltane B. Huppé",
    "Address": null,
    "City": "Elmo",
    "State": "MO",
    "Zip": "64445",
    "SSN": "492-12-8122",
    "Location": "40.435364, -95.175598",
    "Phone": "660-742-0439",
    "CountryCode": "1",
    "DOB": "March 30, 1975",
    "Email": "RobertRAman@armyspy.com",
    "UserName": "Showelve1975",
    "Website": "ltdkix.com",
    "Company": "House Of Denmark",
    "Occupation": "Office machine and cash register technician",
    "HeightCM": "181",
    "WeightKG": "108.9",
    "BloodType": "O+",
    "Vehicle": "1993 Saab 900",
    "Color": "Black"
  },
  {
    "Id": "8cd4e142-d3f7-4539-9c24-ccd7f7247ccd",
    "Name": "Ming Kê",
    "Address": "360 Bridge Avenue",
    "City": "Jennings",
    "State": "LA",
    "Zip": "70546",
    "SSN": "665-09-2634",
    "Location": "30.287249, -92.698604",
    "Phone": "337-824-1876",
    "CountryCode": "1",
    "DOB": null,
    "Email": "WilliamMLewis@armyspy.com",
    "UserName": "Vibody1965",
    "Website": "freedompulse.com",
    "Company": "Harmony House",
    "Occupation": "Administrative director",
    "HeightCM": "178",
    "WeightKG": "110.8",
    "BloodType": null,
    "Vehicle": "2000 Bristol Blenheim",
    "Color": "Blue"
  },
  {
    "Id": "fea13fa0-8d46-4b6f-9782-95c9f21adbec",
    "Name": "ประดับศรี ก. โพธิ์บูลย์",
    "Address": "979 Paradise Lane",
    "City": null,
    "State": "CA",
    "Zip": "91766",
    "SSN": "570-77-3094",
    "Location": "33.959873, -117.72652",
    "Phone": "909-629-9720",
    "CountryCode": null,
    "DOB": "April 29, 1993",
    "Email": "MarloKEverett@teleworm.us",
    "UserName": "Greggelf93",
    "Website": "emaildisc.com",
    "Company": "Strategic Profit",
    "Occupation": "LAN administrator",
    "HeightCM": null,
    "WeightKG": "58.1",
    "BloodType": "A+",
    "Vehicle": "2000 Buick Park Avenue",
    "Color": "Purple"
  },
  {
    "Id": "036bd1db-60ce-4e58-8bd8-1f24b281c35e",
    "Name": "Miroslav O. Abramovich",
    "Address": null,
    "City": "Redwood City",
    "State": "CA",
    "Zip": null,
    "SSN": "547-82-6691",
    "Location": "37.477439, -122.148569",
    "Phone": "650-817-2173",
    "CountryCode": "1",
    "DOB": "February 11, 1950",
    "Email": "NancyRRosado@armyspy.com",
    "UserName": "Scure1950",
    "Website": "pleaseenroll.com",
    "Company": "Fit Tonic",
    "Occupation": "Emergency physician",
    "HeightCM": "153",
    "WeightKG": "79.0",
    "BloodType": "B+",
    "Vehicle": "2001 Aston Martin Vanquish",
    "Color": "Purple"
  },
  {
    "Id": "5a1b177d-8388-4770-8fb9-e3e6ece4c7c8",
    "Name": "Anastasie Landry",
    "Address": "217 Par Drive",
    "City": null,
    "State": "CA",
    "Zip": "93101",
    "SSN": null,
    "Location": null,
    "Phone": "805-863-7984",
    "CountryCode": "1",
    "DOB": "July 29, 1940",
    "Email": null,
    "UserName": "Tharang",
    "Website": "moneyonthegame.com",
    "Company": "Practi-Plan",
    "Occupation": null,
    "HeightCM": "152",
    "WeightKG": null,
    "BloodType": "A+",
    "Vehicle": "1995 BMW M3",
    "Color": "Green"
  },
  {
    "Id": "09c05f08-6aae-405f-816e-2d6f14b4dfd0",
    "Name": "Mulan C. Hou",
    "Address": "1152 Joseph Street",
    "City": null,
    "State": "WI",
    "Zip": "53151",
    "SSN": "395-96-6087",
    "Location": "43.007083, -88.049935",
    "Phone": null,
    "CountryCode": "1",
    "DOB": "March 3, 1953",
    "Email": "WalterJDurrett@teleworm.us",
    "UserName": "Whountlence",
    "Website": "penangcitizen.com",
    "Company": null,
    "Occupation": "Management assistant",
    "HeightCM": null,
    "WeightKG": "81.1",
    "BloodType": "O+",
    "Vehicle": "1994 Jeep Grand Cherokee",
    "Color": null
  },
  {
    "Id": "4f6c5cb3-4a18-47b1-a7e6-385e2c4f25aa",
    "Name": "Guan-yin Ma",
    "Address": "3795 Nixon Avenue",
    "City": "Chatfield",
    "State": "OH",
    "Zip": "44825",
    "SSN": "269-12-6736",
    "Location": "40.957466, -83.022335",
    "Phone": null,
    "CountryCode": "1",
    "DOB": "October 9, 1961",
    "Email": "BillMRoth@teleworm.us",
    "UserName": "Heavow",
    "Website": "lupystrikesurf.com",
    "Company": "Delchamps",
    "Occupation": "Game warden",
    "HeightCM": "186",
    "WeightKG": "66.9",
    "BloodType": "B+",
    "Vehicle": "2000 Suzuki Swift",
    "Color": "Blue"
  },
  {
    "Id": "0bea74cf-ed51-41a8-bc52-bb4c952e7186",
    "Name": "Marisa O. Cunha",
    "Address": null,
    "City": "Hartford",
    "State": "CT",
    "Zip": "06103",
    "SSN": "049-46-3275",
    "Location": "41.679598, -72.683252",
    "Phone": "860-473-0045",
    "CountryCode": "1",
    "DOB": "February 8, 1946",
    "Email": "LouellaJSoto@jourrapide.com",
    "UserName": null,
    "Website": "objectigee.com",
    "Company": null,
    "Occupation": "Counselor",
    "HeightCM": "151",
    "WeightKG": "79.7",
    "BloodType": "B+",
    "Vehicle": "2014 Toyota RAV4",
    "Color": "Yellow"
  },
  {
    "Id": "2090bfd1-a9d1-4317-a014-feba55fbe315",
    "Name": "ทองเสาร์ คำมะวัน",
    "Address": "3929 Ritter Avenue",
    "City": "Detroit",
    "State": "MI",
    "Zip": "48226",
    "SSN": "383-72-3731",
    "Location": "42.383213, -82.972969",
    "Phone": "586-675-3134",
    "CountryCode": "1",
    "DOB": "May 15, 1962",
    "Email": "JohnJSummers@rhyta.com",
    "UserName": "Onsid1962",
    "Website": "spreadtheglo.com",
    "Company": null,
    "Occupation": "Excavating operator",
    "HeightCM": null,
    "WeightKG": "111.3",
    "BloodType": "O+",
    "Vehicle": "1995 Oldsmobile Cutlass",
    "Color": null
  }
]