[
  {
    "Id": "09093e0f-d2c7-4a8c-a245-c7960f78811b",
    "Name": "Joseph M. Younkin",
    "Address": "1941 Pin Oak Drive",
    "City": "Davenport",
    "State": "IA",
    "Zip": "52803",
    "SSN": "484-70-4050",
    "Location": "41.573415, -90.470042",
    "Phone": "563-333-3230",
    "CountryCode": "1",
    "DOB": "February 16, 1992",
    "Email": "JosephMYounkin@teleworm.us",
    "UserName": "Endind",
    "Website": "sikaban.com",
    "Company": "Flagg Bros. Shoes",
    "Occupation": "Image designer",
    "HeightCM": "168",
    "WeightKG": "104.0",
    "BloodType": "O+",
    "Vehicle": "2001 Toyota Verossa",
    "Color": "Blue"
  }
]
