﻿<?xml version="1.0" encoding="utf-8"?>
<Users>
  <object>
    <Id>09093e0f-d2c7-4a8c-a245-c7960f78811b</Id>
    <Name>Joseph M. Younkin</Name>
    <Address>1941 Pin Oak Drive</Address>
    <City>Davenport</City>
    <State>IA</State>
    <Zip>52803</Zip>
    <SSN>484-70-4050</SSN>
    <Location>41.573415, -90.470042</Location>
    <Phone>563-333-3230</Phone>
    <CountryCode>1</CountryCode>
    <DOB>February 16, 1992</DOB>
    <Email>JosephMYounkin@teleworm.us</Email>
    <UserName>Endind</UserName>
    <Website>sikaban.com</Website>
    <Company>Flagg Bros. Shoes</Company>
    <Occupation>Image designer</Occupation>
    <HeightCM>168</HeightCM>
    <WeightKG>104.0</WeightKG>
    <BloodType>O+</BloodType>
    <Vehicle>2001 Toyota Verossa</Vehicle>
    <Color>Blue</Color>
  </object>
  <object>
    <Id>172bf637-dd3e-48e8-9bb0-a9d312ad1baf</Id>
    <Name>Tonya S. Bruns</Name>
    <Address>4734 Glen Falls Road</Address>
    <City>Philadelphia</City>
    <State>PA</State>
    <Zip>19146</Zip>
    <SSN>159-14-5751</SSN>
    <Location>39.972284, -75.098926</Location>
    <Phone>215-904-1712</Phone>
    <CountryCode>1</CountryCode>
    <DOB>October 26, 1955</DOB>
    <Email>TonyaSBruns@dayrep.com</Email>
    <UserName>Waspupperen1955</UserName>
    <Website>mymusicjones.com</Website>
    <Company>Lechters Housewares</Company>
    <Occupation>Eligibility interviewer</Occupation>
    <HeightCM>169</HeightCM>
    <WeightKG>90.5</WeightKG>
    <BloodType>B+</BloodType>
    <Vehicle>1995 Toyota Celica</Vehicle>
    <Color>Purple</Color>
  </object>
  <object>
    <Id>c37d0aab-c38b-438b-81d6-e45b0fc5b7d6</Id>
    <Name>John L. Hansley</Name>
    <Address>2338 Sycamore Street</Address>
    <City>San Jose</City>
    <State>CA</State>
    <Zip>95129</Zip>
    <SSN>611-38-2634</SSN>
    <Location>37.314054, -121.983582</Location>
    <Phone>408-873-8523</Phone>
    <CountryCode>1</CountryCode>
    <DOB>December 28, 1980</DOB>
    <Email>JohnLHansley@armyspy.com</Email>
    <UserName>Storid1980</UserName>
    <Website>cgrcap.com</Website>
    <Company>StopGrey</Company>
    <Occupation>Lens grinder</Occupation>
    <HeightCM>173</HeightCM>
    <WeightKG>115.8</WeightKG>
    <BloodType>B+</BloodType>
    <Vehicle>2001 Acura CL</Vehicle>
    <Color>Blue</Color>
  </object>
  <object>
    <Id>6288086d-8e8c-49f3-a4a9-c97595c9f715</Id>
    <Name>Kimberly D. Reich</Name>
    <Address>1868 Evergreen Lane</Address>
    <City>Los Angeles</City>
    <State>CA</State>
    <Zip>90029</Zip>
    <SSN>548-05-5450</SSN>
    <Location>34.083042, -118.294234</Location>
    <Phone>323-644-9363</Phone>
    <CountryCode>1</CountryCode>
    <DOB>April 6, 1982</DOB>
    <Email>KimberlyDReich@jourrapide.com</Email>
    <UserName>Hiseently1982</UserName>
    <Website>redcafemusic.com</Website>
    <Company>Brendle's</Company>
    <Occupation>Scanner operator</Occupation>
    <HeightCM>166</HeightCM>
    <WeightKG>80.7</WeightKG>
    <BloodType>O+</BloodType>
    <Vehicle>2005 Subaru Outback Sport</Vehicle>
    <Color>Blue</Color>
  </object>
  <object>
    <Id>0bfedb2f-0e55-4b3c-9875-04ef85b769f5</Id>
    <Name>Brice I. Nevarez</Name>
    <Address>2831 Buffalo Creek Road</Address>
    <City>Nashville</City>
    <State>TN</State>
    <Zip>37201</Zip>
    <SSN>762-01-3515</SSN>
    <Location>36.24216, -86.81976</Location>
    <Phone>615-843-5225</Phone>
    <CountryCode>1</CountryCode>
    <DOB>March 14, 1943</DOB>
    <Email>BriceINevarez@dayrep.com</Email>
    <UserName>Hosittles</UserName>
    <Website>allbelief.com</Website>
    <Company>A Plus Lawn Care</Company>
    <Occupation>Preschool teacher</Occupation>
    <HeightCM>173</HeightCM>
    <WeightKG>75.0</WeightKG>
    <BloodType>B+</BloodType>
    <Vehicle>2011 Zenvo ST1</Vehicle>
    <Color>Blue</Color>
  </object>
  <object>
    <Id>b7fe4e9d-7a03-4365-903d-00505cce60d3</Id>
    <Name>Margaret V. Mayer</Name>
    <Address>4158 Penn Street</Address>
    <City>Saint Louis</City>
    <State>MO</State>
    <Zip>63101</Zip>
    <SSN>493-06-4239</SSN>
    <Location>38.559054, -90.138533</Location>
    <Phone>573-287-9813</Phone>
    <CountryCode>1</CountryCode>
    <DOB>September 12, 1964</DOB>
    <Email>MargaretVMayer@rhyta.com</Email>
    <UserName>Aftyrand64</UserName>
    <Website>samspools.com</Website>
    <Company>Luskin's</Company>
    <Occupation>Human resources representative</Occupation>
    <HeightCM>159</HeightCM>
    <WeightKG>100.3</WeightKG>
    <BloodType>O+</BloodType>
    <Vehicle>1996 BMW 325</Vehicle>
    <Color>Orange</Color>
  </object>
  <object>
    <Id>f97b5dff-73d5-498e-853b-39f7d0ba1466</Id>
    <Name>Ellis E. Forte</Name>
    <Address>137 Walnut Street</Address>
    <City>Brandon</City>
    <State>MS</State>
    <Zip>39042</Zip>
    <SSN>426-18-9269</SSN>
    <Location>32.186336, -89.822012</Location>
    <Phone>601-591-3825</Phone>
    <CountryCode>1</CountryCode>
    <DOB>April 21, 1974</DOB>
    <Email>EllisEForte@jourrapide.com</Email>
    <UserName>Covere</UserName>
    <Website>seanbeznicki.com</Website>
    <Company>Planet Profit</Company>
    <Occupation>Affirmative action coordinator</Occupation>
    <HeightCM>181</HeightCM>
    <WeightKG>100.9</WeightKG>
    <BloodType>O+</BloodType>
    <Vehicle>2000 Caterham C21</Vehicle>
    <Color>Blue</Color>
  </object>
  <object>
    <Id>265f432e-258b-4f94-b57a-97797bbeb78b</Id>
    <Name>Vicki A. Bohl</Name>
    <Address>4859 Don Jackson Lane</Address>
    <City>Southfield</City>
    <State>MI</State>
    <Zip>48075</Zip>
    <SSN>366-44-9987</SSN>
    <Location>42.465018, -83.218073</Location>
    <Phone>810-222-5509</Phone>
    <CountryCode>1</CountryCode>
    <DOB>September 24, 1954</DOB>
    <Email>VickiABohl@jourrapide.com</Email>
    <UserName>Hasters</UserName>
    <Website>dcmshopping.com</Website>
    <Company>Bennett Brothers</Company>
    <Occupation>Dental surgeon</Occupation>
    <HeightCM>168</HeightCM>
    <WeightKG>92.4</WeightKG>
    <BloodType>O+</BloodType>
    <Vehicle>2006 Honda FR-V</Vehicle>
    <Color>Black</Color>
  </object>
  <object>
    <Id>1fe25f4f-e5cb-444a-a313-65e36e8b9528</Id>
    <Name>John R. Sanders</Name>
    <Address>3040 Saint Marys Avenue</Address>
    <City>West Winfield</City>
    <State>NY</State>
    <Zip>13491</Zip>
    <SSN>055-32-3182</SSN>
    <Location>42.790506, -75.212517</Location>
    <Phone>315-822-6043</Phone>
    <CountryCode>1</CountryCode>
    <DOB>August 29, 1969</DOB>
    <Email>JohnRSanders@armyspy.com</Email>
    <UserName>Fromin69</UserName>
    <Website>askchuckhow.com</Website>
    <Company>Netobill</Company>
    <Occupation>Top executive</Occupation>
    <HeightCM>176</HeightCM>
    <WeightKG>113.2</WeightKG>
    <BloodType>O+</BloodType>
    <Vehicle>2001 Vauxhall Corsa</Vehicle>
    <Color>Blue</Color>
  </object>
  <object>
    <Id>ea42fbde-f34b-4487-9f31-5a8789fd7445</Id>
    <Name>Anna P. Emmerich</Name>
    <Address>4666 Wildwood Street</Address>
    <City>Medina</City>
    <State>OH</State>
    <Zip>44256</Zip>
    <SSN>290-88-5594</SSN>
    <Location>41.178747, -81.812834</Location>
    <Phone>330-741-3689</Phone>
    <CountryCode>1</CountryCode>
    <DOB>December 23, 1971</DOB>
    <Email>AnnaPEmmerich@dayrep.com</Email>
    <UserName>Blikerchims</UserName>
    <Website>angelspaparties.com</Website>
    <Company>Morrie Mages</Company>
    <Occupation>Power plant mechanic</Occupation>
    <HeightCM>166</HeightCM>
    <WeightKG>85.3</WeightKG>
    <BloodType>O-</BloodType>
    <Vehicle>2000 Acura TL</Vehicle>
    <Color>Blue</Color>
  </object>
  <object>
    <Id>a6fa1af3-5742-4712-ab29-66676b5f7196</Id>
    <Name>Preston S. Clarke</Name>
    <Address>333 Lakewood Drive</Address>
    <City>Rutherford</City>
    <State>NJ</State>
    <Zip>07070</Zip>
    <SSN>137-90-1362</SSN>
    <Location>40.730286, -74.098975</Location>
    <Phone>201-842-3527</Phone>
    <CountryCode>1</CountryCode>
    <DOB>December 18, 1979</DOB>
    <Email>PrestonSClarke@jourrapide.com</Email>
    <UserName>Shopean1979</UserName>
    <Website>ifixboats.com</Website>
    <Company>Formula Grey</Company>
    <Occupation>Media specialist</Occupation>
    <HeightCM>185</HeightCM>
    <WeightKG>112.9</WeightKG>
    <BloodType>O+</BloodType>
    <Vehicle>1999 Ford Expedition</Vehicle>
    <Color>Green</Color>
  </object>
  <object>
    <Id>8f51797d-26da-42c1-8558-ccaa612c2d7e</Id>
    <Name>Derek C. Martin</Name>
    <Address>282 Brookview Drive</Address>
    <City>San Jose</City>
    <State>CA</State>
    <Zip>95129</Zip>
    <SSN>546-07-3081</SSN>
    <Location>37.232329, -122.063897</Location>
    <Phone>408-996-0403</Phone>
    <CountryCode>1</CountryCode>
    <DOB>July 10, 1982</DOB>
    <Email>DerekCMartin@jourrapide.com</Email>
    <UserName>Beasto</UserName>
    <Website>cfprojects.com</Website>
    <Company>Best Products</Company>
    <Occupation>Graphic artist</Occupation>
    <HeightCM>179</HeightCM>
    <WeightKG>109.1</WeightKG>
    <BloodType>B+</BloodType>
    <Vehicle>2003 Proton Juara</Vehicle>
    <Color>Blue</Color>
  </object>
  <object>
    <Id>1d05ab68-dc40-420f-8a1e-df0e1f66a3c0</Id>
    <Name>Arleen T. Quinn</Name>
    <Address>330 Pride Avenue</Address>
    <City>Elmhurst</City>
    <State>NY</State>
    <Zip>11373</Zip>
    <SSN>084-92-5647</SSN>
    <Location>40.824743, -73.859676</Location>
    <Phone>718-335-6369</Phone>
    <CountryCode>1</CountryCode>
    <DOB>January 26, 1996</DOB>
    <Email>ArleenTQuinn@teleworm.us</Email>
    <UserName>Cohned</UserName>
    <Website>bankadamscoop.com</Website>
    <Company>Adaptas</Company>
    <Occupation>Public accountant</Occupation>
    <HeightCM>175</HeightCM>
    <WeightKG>58.6</WeightKG>
    <BloodType>B+</BloodType>
    <Vehicle>2005 Morgan 44</Vehicle>
    <Color>Blue</Color>
  </object>
  <object>
    <Id>e72975a3-f690-463a-9c2d-fbe1ea15d92a</Id>
    <Name>Raymond D. Dickerson</Name>
    <Address>3890 Perine Street</Address>
    <City>Herndon</City>
    <State>VA</State>
    <Zip>22070</Zip>
    <SSN>694-03-1227</SSN>
    <Location>38.980316, -77.343266</Location>
    <Phone>703-766-7841</Phone>
    <CountryCode>1</CountryCode>
    <DOB>January 30, 1942</DOB>
    <Email>RaymondDDickerson@armyspy.com</Email>
    <UserName>Purs1942</UserName>
    <Website>collectabitz.com</Website>
    <Company>Standard Brands Paint Company</Company>
    <Occupation>Physiologist</Occupation>
    <HeightCM>179</HeightCM>
    <WeightKG>88.1</WeightKG>
    <BloodType>B+</BloodType>
    <Vehicle>1998 Subaru Justy</Vehicle>
    <Color>Green</Color>
  </object>
  <object>
    <Id>ab2b5c50-e006-43b3-8ffd-87d3d8fa58ed</Id>
    <Name>Dennis M. Crisler</Name>
    <Address>1144 Mesa Drive</Address>
    <City>Las Vegas</City>
    <State>NV</State>
    <Zip>89101</Zip>
    <SSN>680-32-4621</SSN>
    <Location>36.255918, -115.111066</Location>
    <Phone>702-384-6706</Phone>
    <CountryCode>1</CountryCode>
    <DOB>December 21, 1970</DOB>
    <Email>DennisMCrisler@armyspy.com</Email>
    <UserName>Frincong</UserName>
    <Website>carbayers.com</Website>
    <Company>Ole's</Company>
    <Occupation>Security officer</Occupation>
    <HeightCM>168</HeightCM>
    <WeightKG>98.9</WeightKG>
    <BloodType>B+</BloodType>
    <Vehicle>2008 Maybach 62</Vehicle>
    <Color>Blue</Color>
  </object>
  <object>
    <Id>e9d54ff0-48c2-4049-91c0-7ecd3c43eec6</Id>
    <Name>Carl D. Lopez</Name>
    <Address>2736 Hurry Street</Address>
    <City>Fredericksburg</City>
    <State>VA</State>
    <Zip>22408</Zip>
    <SSN>228-11-3760</SSN>
    <Location>38.310119, -77.319763</Location>
    <Phone>540-336-4537</Phone>
    <CountryCode>1</CountryCode>
    <DOB>March 29, 1984</DOB>
    <Email>CarlDLopez@dayrep.com</Email>
    <UserName>Heregoom</UserName>
    <Website>photosynthesize.com</Website>
    <Company>Sounds Great, Inc</Company>
    <Occupation>Student affairs administrator</Occupation>
    <HeightCM>177</HeightCM>
    <WeightKG>83.1</WeightKG>
    <BloodType>A+</BloodType>
    <Vehicle>2003 Ford GT</Vehicle>
    <Color>Green</Color>
  </object>
  <object>
    <Id>f075ecb3-e083-4c5d-b8fb-b6e443af092d</Id>
    <Name>Harley D. Frias</Name>
    <Address>3069 Linden Avenue</Address>
    <City>Orlando</City>
    <State>FL</State>
    <Zip>32810</Zip>
    <SSN>771-22-2600</SSN>
    <Location>28.682929, -81.445198</Location>
    <Phone>407-574-3666</Phone>
    <CountryCode>1</CountryCode>
    <DOB>May 19, 1997</DOB>
    <Email>HarleyDFrias@dayrep.com</Email>
    <UserName>Rivinquister</UserName>
    <Website>luandalopes.com</Website>
    <Company>McDade's</Company>
    <Occupation>Payroll and benefits specialist</Occupation>
    <HeightCM>188</HeightCM>
    <WeightKG>83.9</WeightKG>
    <BloodType>B+</BloodType>
    <Vehicle>2011 Toyota RAV4</Vehicle>
    <Color>Orange</Color>
  </object>
  <object>
    <Id>4b531aa2-04e7-40b4-89b2-8899948be195</Id>
    <Name>Ramon M. Edgerton</Name>
    <Address>2738 Bee Street</Address>
    <City>Marion</City>
    <State>MI</State>
    <Zip>49665</Zip>
    <SSN>382-70-9276</SSN>
    <Location>44.16347, -85.162675</Location>
    <Phone>231-743-5031</Phone>
    <CountryCode>1</CountryCode>
    <DOB>April 5, 1950</DOB>
    <Email>RamonMEdgerton@dayrep.com</Email>
    <UserName>Givand</UserName>
    <Website>execuzenlimited.com</Website>
    <Company>Mr. Clark's Appliances</Company>
    <Occupation>Nursery worker</Occupation>
    <HeightCM>168</HeightCM>
    <WeightKG>107.9</WeightKG>
    <BloodType>AB+</BloodType>
    <Vehicle>2003 Alfa Romeo 166</Vehicle>
    <Color>Blue</Color>
  </object>
  <object>
    <Id>f6adcf92-83b4-4de3-90ba-c0e1cd9b1b2c</Id>
    <Name>Lisa J. Janis</Name>
    <Address>2611 Lady Bug Drive</Address>
    <City>Lamar</City>
    <State>CO</State>
    <Zip>81052</Zip>
    <SSN>524-20-9280</SSN>
    <Location>37.817881, -102.679416</Location>
    <Phone>719-223-4006</Phone>
    <CountryCode>1</CountryCode>
    <DOB>August 20, 1998</DOB>
    <Email>LisaJJanis@armyspy.com</Email>
    <UserName>Thriasself</UserName>
    <Website>youtalklike.com</Website>
    <Company>Stratabiz</Company>
    <Occupation>Placement specialist</Occupation>
    <HeightCM>153</HeightCM>
    <WeightKG>59.9</WeightKG>
    <BloodType>A+</BloodType>
    <Vehicle>1998 Mercedes-Benz SL</Vehicle>
    <Color>Blue</Color>
  </object>
  <object>
    <Id>3a99330e-9ee8-4f35-bf2c-8568c8767e3a</Id>
    <Name>Laura P. Gill</Name>
    <Address>4356 West Drive</Address>
    <City>Chicago</City>
    <State>IL</State>
    <Zip>60606</Zip>
    <SSN>361-10-5195</SSN>
    <Location>41.80356, -87.583488</Location>
    <Phone>312-443-4036</Phone>
    <CountryCode>1</CountryCode>
    <DOB>July 5, 1936</DOB>
    <Email>LauraPGill@jourrapide.com</Email>
    <UserName>Dwass1936</UserName>
    <Website>myjetspizza.com</Website>
    <Company>Thompson</Company>
    <Occupation>Chemical equipment operator</Occupation>
    <HeightCM>170</HeightCM>
    <WeightKG>53.0</WeightKG>
    <BloodType>AB+</BloodType>
    <Vehicle>1996 Volkswagen Gol</Vehicle>
    <Color>Blue</Color>
  </object>
  <object>
    <Id>2797349c-8db5-4c23-9aef-38aca35a44ed</Id>
    <Name>Ricardo P. Imhoff</Name>
    <Address>454 Nelm Street</Address>
    <City>Mclean</City>
    <State>VA</State>
    <Zip>22102</Zip>
    <SSN>229-27-3853</SSN>
    <Location>38.860191, -77.142935</Location>
    <Phone>571-437-5586</Phone>
    <CountryCode>1</CountryCode>
    <DOB>April 28, 1937</DOB>
    <Email>RicardoPImhoff@armyspy.com</Email>
    <UserName>Claidecon</UserName>
    <Website>akcakestudio.com</Website>
    <Company>Giant</Company>
    <Occupation>Automotive body repairer</Occupation>
    <HeightCM>175</HeightCM>
    <WeightKG>96.3</WeightKG>
    <BloodType>A+</BloodType>
    <Vehicle>2007 Lincoln MKX</Vehicle>
    <Color>Blue</Color>
  </object>
  <object>
    <Id>3f66fd8c-c312-4095-a206-92ca9e4f6e06</Id>
    <Name>Herlinda R. Hardy</Name>
    <Address>2723 Ashcraft Court</Address>
    <City>San Diego</City>
    <State>CA</State>
    <Zip>92117</Zip>
    <SSN>568-49-1207</SSN>
    <Location>32.857914, -117.110661</Location>
    <Phone>619-341-5313</Phone>
    <CountryCode>1</CountryCode>
    <DOB>February 13, 1962</DOB>
    <Email>HerlindaRHardy@rhyta.com</Email>
    <UserName>Eank1962</UserName>
    <Website>ilovefleshlight.com</Website>
    <Company>Present Company</Company>
    <Occupation>Manufacturers</Occupation>
    <HeightCM>167</HeightCM>
    <WeightKG>65.8</WeightKG>
    <BloodType>B+</BloodType>
    <Vehicle>2003 Nissan 350Z</Vehicle>
    <Color>Red</Color>
  </object>
  <object>
    <Id>bac2b2ec-d459-4331-98a6-5e22ec2f8524</Id>
    <Name>Katrina R. Larsen</Name>
    <Address>4453 Coal Street</Address>
    <City>State College</City>
    <State>PA</State>
    <Zip>16803</Zip>
    <SSN>166-76-4048</SSN>
    <Location>40.795947, -77.820028</Location>
    <Phone>814-283-1421</Phone>
    <CountryCode>1</CountryCode>
    <DOB>March 29, 1954</DOB>
    <Email>KatrinaRLarsen@rhyta.com</Email>
    <UserName>Fromen1954</UserName>
    <Website>digitalavenuebd.com</Website>
    <Company>Big Daddy's Restaurants</Company>
    <Occupation>General internist</Occupation>
    <HeightCM>156</HeightCM>
    <WeightKG>101.5</WeightKG>
    <BloodType>O+</BloodType>
    <Vehicle>2003 Dodge Ram</Vehicle>
    <Color>Green</Color>
  </object>
  <object>
    <Id>a4260e20-d604-4f56-91c3-654518130d7a</Id>
    <Name>Esther J. Wilson</Name>
    <Address>1743 Diamond Cove</Address>
    <City>West Warwick</City>
    <State>RI</State>
    <Zip>02893</Zip>
    <SSN>037-32-6317</SSN>
    <Location>41.781583, -71.566944</Location>
    <Phone>401-349-3512</Phone>
    <CountryCode>1</CountryCode>
    <DOB>December 7, 1974</DOB>
    <Email>EstherJWilson@rhyta.com</Email>
    <UserName>Beetting</UserName>
    <Website>moneysavinglive.com</Website>
    <Company>Waccamaw's Homeplace</Company>
    <Occupation>Vascular technologist</Occupation>
    <HeightCM>159</HeightCM>
    <WeightKG>60.5</WeightKG>
    <BloodType>O+</BloodType>
    <Vehicle>2010 Holden Epica</Vehicle>
    <Color>Brown</Color>
  </object>
  <object>
    <Id>69d1be3c-4f97-4262-ba69-6ebf9dd720b4</Id>
    <Name>Andrew Y. Atkinson</Name>
    <Address>1081 Brown Street</Address>
    <City>Oakland</City>
    <State>CA</State>
    <Zip>94612</Zip>
    <SSN>555-42-6660</SSN>
    <Location>37.874362, -122.362251</Location>
    <Phone>925-965-9726</Phone>
    <CountryCode>1</CountryCode>
    <DOB>July 10, 1983</DOB>
    <Email>AndrewYAtkinson@dayrep.com</Email>
    <UserName>Butedinefs83</UserName>
    <Website>sfcomedynight.com</Website>
    <Company>Life Plan Counselling</Company>
    <Occupation>Systems analyst</Occupation>
    <HeightCM>190</HeightCM>
    <WeightKG>102.7</WeightKG>
    <BloodType>O+</BloodType>
    <Vehicle>2007 Mercedes-Benz S</Vehicle>
    <Color>Blue</Color>
  </object>
  <object>
    <Id>4655e2d1-031a-4eb9-b40f-58c338bfe564</Id>
    <Name>David A. Wilkinson</Name>
    <Address>502 Providence Lane</Address>
    <City>La Puente</City>
    <State>CA</State>
    <Zip>91744</Zip>
    <SSN>558-01-1341</SSN>
    <Location>34.001073, -117.963792</Location>
    <Phone>626-931-1135</Phone>
    <CountryCode>1</CountryCode>
    <DOB>April 22, 1990</DOB>
    <Email>DavidAWilkinson@armyspy.com</Email>
    <UserName>Mysit1990</UserName>
    <Website>limudo.com</Website>
    <Company>Auto Works</Company>
    <Occupation>Textile, apparel, and furnishings occupation</Occupation>
    <HeightCM>179</HeightCM>
    <WeightKG>106.5</WeightKG>
    <BloodType>O+</BloodType>
    <Vehicle>1994 Ford Scorpio</Vehicle>
    <Color>Black</Color>
  </object>
  <object>
    <Id>3d0010e5-53b2-4b48-a837-81a9539d319c</Id>
    <Name>Carlos V. French</Name>
    <Address>3293 Duff Avenue</Address>
    <City>Middlebury</City>
    <State>VT</State>
    <Zip>05753</Zip>
    <SSN>009-70-6424</SSN>
    <Location>43.903676, -73.117641</Location>
    <Phone>802-443-3453</Phone>
    <CountryCode>1</CountryCode>
    <DOB>October 4, 1997</DOB>
    <Email>CarlosVFrench@rhyta.com</Email>
    <UserName>Defarnefor</UserName>
    <Website>workwithroberto.com</Website>
    <Company>Young @ Heart</Company>
    <Occupation>Licensed vocational nurse</Occupation>
    <HeightCM>173</HeightCM>
    <WeightKG>60.0</WeightKG>
    <BloodType>O+</BloodType>
    <Vehicle>2005 Vauxhall VX220</Vehicle>
    <Color>Blue</Color>
  </object>
  <object>
    <Id>36725657-47a8-4eb3-a2c4-d778bd69874e</Id>
    <Name>Heidi R. Martin</Name>
    <Address>2102 Retreat Avenue</Address>
    <City>Birmingham</City>
    <State>AL</State>
    <Zip>35203</Zip>
    <SSN>424-96-2682</SSN>
    <Location>33.425454, -86.810906</Location>
    <Phone>205-286-9521</Phone>
    <CountryCode>1</CountryCode>
    <DOB>August 9, 1956</DOB>
    <Email>HeidiRMartin@armyspy.com</Email>
    <UserName>Fighthe1956</UserName>
    <Website>terevelada.com</Website>
    <Company>Quality Realty Service</Company>
    <Occupation>Licensed vocational nurse</Occupation>
    <HeightCM>160</HeightCM>
    <WeightKG>84.9</WeightKG>
    <BloodType>O+</BloodType>
    <Vehicle>1994 GMC Typhoon</Vehicle>
    <Color>Red</Color>
  </object>
  <object>
    <Id>d92e9180-403b-4ad7-800f-a03fcb0b5e66</Id>
    <Name>Mark M. Brown</Name>
    <Address>2618 Twin House Lane</Address>
    <City>Monett</City>
    <State>MO</State>
    <Zip>65708</Zip>
    <SSN>489-23-5285</SSN>
    <Location>36.85079, -93.839643</Location>
    <Phone>417-354-4987</Phone>
    <CountryCode>1</CountryCode>
    <DOB>May 19, 1969</DOB>
    <Email>MarkMBrown@dayrep.com</Email>
    <UserName>Stroo1969</UserName>
    <Website>bathgasm.com</Website>
    <Company>Glicks Furniture</Company>
    <Occupation>Human service worker</Occupation>
    <HeightCM>170</HeightCM>
    <WeightKG>113.0</WeightKG>
    <BloodType>O+</BloodType>
    <Vehicle>1999 Suzuki Baleno</Vehicle>
    <Color>Blue</Color>
  </object>
  <object>
    <Id>a09aa54e-a74a-4f25-bba5-d7d5cea20cf4</Id>
    <Name>Lori G. Sanchez</Name>
    <Address>2622 Argonne Street</Address>
    <City>New Castle</City>
    <State>DE</State>
    <Zip>19720</Zip>
    <SSN>221-78-1296</SSN>
    <Location>39.603426, -75.528075</Location>
    <Phone>302-270-0837</Phone>
    <CountryCode>1</CountryCode>
    <DOB>November 15, 1970</DOB>
    <Email>LoriGSanchez@armyspy.com</Email>
    <UserName>Nisquity70</UserName>
    <Website>teflthailandusa.com</Website>
    <Company>National Shirt Shop</Company>
    <Occupation>Sales clerk</Occupation>
    <HeightCM>174</HeightCM>
    <WeightKG>54.6</WeightKG>
    <BloodType>O+</BloodType>
    <Vehicle>2014 GMC Terrain</Vehicle>
    <Color>Purple</Color>
  </object>
  <object>
    <Id>63bb90a4-3e89-418c-af89-c449aa06442c</Id>
    <Name>Delores T. Adams</Name>
    <Address>4737 Alexander Avenue</Address>
    <City>San Jose</City>
    <State>CA</State>
    <Zip>95131</Zip>
    <SSN>570-78-9828</SSN>
    <Location>37.350679, -121.858961</Location>
    <Phone>925-587-1055</Phone>
    <CountryCode>1</CountryCode>
    <DOB>November 13, 1987</DOB>
    <Email>DeloresTAdams@dayrep.com</Email>
    <UserName>Argift</UserName>
    <Website>magrelas.com</Website>
    <Company>Farrell's Ice Cream Parlour</Company>
    <Occupation>Small engine service technician</Occupation>
    <HeightCM>159</HeightCM>
    <WeightKG>97.4</WeightKG>
    <BloodType>O-</BloodType>
    <Vehicle>1992 Ford Explorer</Vehicle>
    <Color>Purple</Color>
  </object>
  <object>
    <Id>0f1febe4-a59d-48e5-b00a-d5841e182f2e</Id>
    <Name>William A. Sisk</Name>
    <Address>2484 Pheasant Ridge Road</Address>
    <City>Jenkintown</City>
    <State>PA</State>
    <Zip>19046</Zip>
    <SSN>176-58-1465</SSN>
    <Location>40.160901, -75.172845</Location>
    <Phone>215-517-4407</Phone>
    <CountryCode>1</CountryCode>
    <DOB>May 25, 1970</DOB>
    <Email>WilliamASisk@jourrapide.com</Email>
    <UserName>Musters</UserName>
    <Website>printertijuana.com</Website>
    <Company>System Star Solutions</Company>
    <Occupation>Geologist</Occupation>
    <HeightCM>179</HeightCM>
    <WeightKG>103.3</WeightKG>
    <BloodType>B+</BloodType>
    <Vehicle>2002 Lexus Minority Report</Vehicle>
    <Color>Yellow</Color>
  </object>
  <object>
    <Id>d4e4c9ba-976f-4af9-a4b7-bc1262f78fa3</Id>
    <Name>Joshua C. Mills</Name>
    <Address>967 Late Avenue</Address>
    <City>Oklahoma City</City>
    <State>OK</State>
    <Zip>73102</Zip>
    <SSN>440-01-8329</SSN>
    <Location>35.409064, -97.449405</Location>
    <Phone>580-750-3945</Phone>
    <CountryCode>1</CountryCode>
    <DOB>December 18, 1977</DOB>
    <Email>JoshuaCMills@dayrep.com</Email>
    <UserName>Illeffor1977</UserName>
    <Website>nxmovtl.com</Website>
    <Company>Multicerv</Company>
    <Occupation>Local transit bus driver</Occupation>
    <HeightCM>174</HeightCM>
    <WeightKG>113.4</WeightKG>
    <BloodType>B+</BloodType>
    <Vehicle>2008 Hyundai Matrix</Vehicle>
    <Color>Blue</Color>
  </object>
  <object>
    <Id>7d1f043b-e5fa-4ade-a139-9ad892b8c60f</Id>
    <Name>William M. Echols</Name>
    <Address>3080 Polk Street</Address>
    <City>Sacramento</City>
    <State>CA</State>
    <Zip>95814</Zip>
    <SSN>624-28-2847</SSN>
    <Location>38.624431, -121.400069</Location>
    <Phone>530-206-3737</Phone>
    <CountryCode>1</CountryCode>
    <DOB>February 10, 1949</DOB>
    <Email>WilliamMEchols@dayrep.com</Email>
    <UserName>Whispiever</UserName>
    <Website>gamaguppy.com</Website>
    <Company>Nobil</Company>
    <Occupation>Managing editor</Occupation>
    <HeightCM>180</HeightCM>
    <WeightKG>108.3</WeightKG>
    <BloodType>O-</BloodType>
    <Vehicle>2002 Nissan Pathfinder</Vehicle>
    <Color>Blue</Color>
  </object>
  <object>
    <Id>7c96493c-ef55-481d-8f01-d1ade75f1939</Id>
    <Name>Valerie W. Gilham</Name>
    <Address>3533 Broadcast Drive</Address>
    <City>Monroe</City>
    <State>NC</State>
    <Zip>28112</Zip>
    <SSN>244-30-8051</SSN>
    <Location>34.882965, -80.572816</Location>
    <Phone>704-238-0797</Phone>
    <CountryCode>1</CountryCode>
    <DOB>December 1, 1936</DOB>
    <Email>ValerieWGilham@dayrep.com</Email>
    <UserName>Ationvin</UserName>
    <Website>jberryshop.com</Website>
    <Company>Mode O'Day</Company>
    <Occupation>Power dispatcher</Occupation>
    <HeightCM>165</HeightCM>
    <WeightKG>94.0</WeightKG>
    <BloodType>O+</BloodType>
    <Vehicle>2005 Cadillac CTS</Vehicle>
    <Color>Blue</Color>
  </object>
  <object>
    <Id>0ba967c4-bb90-475e-a1fe-29f9e062f80f</Id>
    <Name>Stephen C. Summerlin</Name>
    <Address>4648 Heliport Loop</Address>
    <City>Bloomington</City>
    <State>IN</State>
    <Zip>47404</Zip>
    <SSN>306-08-4433</SSN>
    <Location>39.300466, -86.487291</Location>
    <Phone>812-731-2267</Phone>
    <CountryCode>1</CountryCode>
    <DOB>July 27, 1973</DOB>
    <Email>StephenCSummerlin@teleworm.us</Email>
    <UserName>Timans73</UserName>
    <Website>informemexico.com</Website>
    <Company>Today's Man</Company>
    <Occupation>Therapeutic recreation specialist</Occupation>
    <HeightCM>181</HeightCM>
    <WeightKG>95.6</WeightKG>
    <BloodType>O+</BloodType>
    <Vehicle>1994 Renault Clio</Vehicle>
    <Color>Blue</Color>
  </object>
  <object>
    <Id>c532004c-eefe-401d-b11c-4b56e5be3b89</Id>
    <Name>Richard L. Robison</Name>
    <Address>3658 Turkey Pen Road</Address>
    <City>New York</City>
    <State>NY</State>
    <Zip>10019</Zip>
    <SSN>107-92-8197</SSN>
    <Location>40.839689, -74.03795</Location>
    <Phone>917-286-2063</Phone>
    <CountryCode>1</CountryCode>
    <DOB>April 15, 1992</DOB>
    <Email>RichardLRobison@jourrapide.com</Email>
    <UserName>Orne1992</UserName>
    <Website>vslimqp.com</Website>
    <Company>Friendly Interior Design</Company>
    <Occupation>Sketch artist</Occupation>
    <HeightCM>184</HeightCM>
    <WeightKG>83.8</WeightKG>
    <BloodType>O+</BloodType>
    <Vehicle>2002 Citroen C-Airdream</Vehicle>
    <Color>White</Color>
  </object>
  <object>
    <Id>d83c3695-e3cd-410e-8629-f6d8ac741c9b</Id>
    <Name>Raquel M. Lewis</Name>
    <Address>4540 Stuart Street</Address>
    <City>Pittsburgh</City>
    <State>PA</State>
    <Zip>15212</Zip>
    <SSN>177-70-6455</SSN>
    <Location>40.399278, -79.940679</Location>
    <Phone>724-384-2458</Phone>
    <CountryCode>1</CountryCode>
    <DOB>November 16, 1971</DOB>
    <Email>RaquelMLewis@jourrapide.com</Email>
    <UserName>Obbenchill</UserName>
    <Website>arbalists.com</Website>
    <Company>Sistemos</Company>
    <Occupation>Woodworker</Occupation>
    <HeightCM>154</HeightCM>
    <WeightKG>65.3</WeightKG>
    <BloodType>A+</BloodType>
    <Vehicle>2005 Ford Five Hundred</Vehicle>
    <Color>Blue</Color>
  </object>
  <object>
    <Id>685f409b-f0b4-49b7-9259-e3f7262cf4f7</Id>
    <Name>Steven S. Butler</Name>
    <Address>2992 Terra Cotta Street</Address>
    <City>Cromwell</City>
    <State>MN</State>
    <Zip>55726</Zip>
    <SSN>471-21-1244</SSN>
    <Location>46.652433, -92.927509</Location>
    <Phone>218-644-8110</Phone>
    <CountryCode>1</CountryCode>
    <DOB>November 19, 1972</DOB>
    <Email>StevenSButler@jourrapide.com</Email>
    <UserName>Watme1972</UserName>
    <Website>bubblemovies.com</Website>
    <Company>Edge Yard Service</Company>
    <Occupation>Switchboard operator</Occupation>
    <HeightCM>169</HeightCM>
    <WeightKG>76.7</WeightKG>
    <BloodType>B+</BloodType>
    <Vehicle>1998 Citroen ZX</Vehicle>
    <Color>Blue</Color>
  </object>
  <object>
    <Id>01457f35-6b78-433c-a57c-32e307370b2d</Id>
    <Name>Katherine G. Moore</Name>
    <Address>2108 Junior Avenue</Address>
    <City>Atlanta</City>
    <State>GA</State>
    <Zip>30303</Zip>
    <SSN>673-16-7097</SSN>
    <Location>33.800467, -84.376151</Location>
    <Phone>404-655-2936</Phone>
    <CountryCode>1</CountryCode>
    <DOB>December 31, 1982</DOB>
    <Email>KatherineGMoore@teleworm.us</Email>
    <UserName>Andreas82</UserName>
    <Website>samedaychiro.com</Website>
    <Company>Audio Aid</Company>
    <Occupation>Welder</Occupation>
    <HeightCM>174</HeightCM>
    <WeightKG>57.2</WeightKG>
    <BloodType>A+</BloodType>
    <Vehicle>2012 Citroen Berlingo</Vehicle>
    <Color>Blue</Color>
  </object>
  <object>
    <Id>5ac02ebd-2df4-4098-908f-39e07375ce05</Id>
    <Name>Irving G. Calkins</Name>
    <Address>3302 Fowler Avenue</Address>
    <City>Norcross</City>
    <State>GA</State>
    <Zip>30071</Zip>
    <SSN>254-84-2486</SSN>
    <Location>33.996023, -84.120315</Location>
    <Phone>770-245-4199</Phone>
    <CountryCode>1</CountryCode>
    <DOB>February 28, 1968</DOB>
    <Email>IrvingGCalkins@rhyta.com</Email>
    <UserName>Ditach</UserName>
    <Website>ligoband.com</Website>
    <Company>Johnson's General Stores</Company>
    <Occupation>Compensation, benefits, and job analysis specialist</Occupation>
    <HeightCM>187</HeightCM>
    <WeightKG>107.0</WeightKG>
    <BloodType>A+</BloodType>
    <Vehicle>2011 Suzuki Alto</Vehicle>
    <Color>Black</Color>
  </object>
  <object>
    <Id>262968f5-e0a7-4926-82ba-0769a471f022</Id>
    <Name>Susie J. Greenspan</Name>
    <Address>3732 Midway Road</Address>
    <City>Little Rock</City>
    <State>AR</State>
    <Zip>72212</Zip>
    <SSN>432-33-7909</SSN>
    <Location>34.834243, -92.405151</Location>
    <Phone>479-699-4192</Phone>
    <CountryCode>1</CountryCode>
    <DOB>April 11, 1976</DOB>
    <Email>SusieJGreenspan@rhyta.com</Email>
    <UserName>Granding1976</UserName>
    <Website>minervacultura.com</Website>
    <Company>Silo</Company>
    <Occupation>Milling and planing machine tender</Occupation>
    <HeightCM>162</HeightCM>
    <WeightKG>102.1</WeightKG>
    <BloodType>O+</BloodType>
    <Vehicle>1995 Volkswagen Golf</Vehicle>
    <Color>Purple</Color>
  </object>
  <object>
    <Id>5506551b-0a72-4c91-b7eb-79c0ff6a7526</Id>
    <Name>Larry B. Smith</Name>
    <Address>2019 Buffalo Creek Road</Address>
    <City>Nashville</City>
    <State>TN</State>
    <Zip>37207</Zip>
    <SSN>757-01-2953</SSN>
    <Location>36.263225, -86.80196</Location>
    <Phone>615-943-2427</Phone>
    <CountryCode>1</CountryCode>
    <DOB>October 6, 1934</DOB>
    <Email>LarryBSmith@dayrep.com</Email>
    <UserName>Exther</UserName>
    <Website>uqepbxe.com</Website>
    <Company>Sofa Express</Company>
    <Occupation>Nursing aide</Occupation>
    <HeightCM>179</HeightCM>
    <WeightKG>90.1</WeightKG>
    <BloodType>AB-</BloodType>
    <Vehicle>1995 Saturn SC</Vehicle>
    <Color>Blue</Color>
  </object>
  <object>
    <Id>391e0460-378c-4e3f-870a-c61f56bc7536</Id>
    <Name>Karla J. Hall</Name>
    <Address>1605 Jones Avenue</Address>
    <City>Winston Salem</City>
    <State>NC</State>
    <Zip>27104</Zip>
    <SSN>246-85-9778</SSN>
    <Location>36.03452, -80.388071</Location>
    <Phone>336-765-6401</Phone>
    <CountryCode>1</CountryCode>
    <DOB>June 19, 1987</DOB>
    <Email>KarlaJHall@rhyta.com</Email>
    <UserName>Thowenty</UserName>
    <Website>gyhvft.com</Website>
    <Company>Larry's Markets</Company>
    <Occupation>Environmental engineer</Occupation>
    <HeightCM>169</HeightCM>
    <WeightKG>73.2</WeightKG>
    <BloodType>O-</BloodType>
    <Vehicle>2003 Volkswagen Touareg</Vehicle>
    <Color>Blue</Color>
  </object>
  <object>
    <Id>899456cf-6cbf-4c0b-9795-b24b38601545</Id>
    <Name>Amy J. Haun</Name>
    <Address>38 Black Oak Hollow Road</Address>
    <City>Monterey</City>
    <State>CA</State>
    <Zip>95940</Zip>
    <SSN>570-93-6863</SSN>
    <Location>36.33005, -121.916049</Location>
    <Phone>408-803-5739</Phone>
    <CountryCode>1</CountryCode>
    <DOB>June 8, 1997</DOB>
    <Email>AmyJHaun@armyspy.com</Email>
    <UserName>Unfue1997</UserName>
    <Website>naderpage.com</Website>
    <Company>Adaptas</Company>
    <Occupation>Blaster</Occupation>
    <HeightCM>174</HeightCM>
    <WeightKG>85.2</WeightKG>
    <BloodType>O+</BloodType>
    <Vehicle>2015 Chrysler 300</Vehicle>
    <Color>Green</Color>
  </object>
  <object>
    <Id>ee3228f6-f76f-4cb6-b055-1e164745781e</Id>
    <Name>Edwin M. Fultz</Name>
    <Address>4661 Matthews Street</Address>
    <City>Loves Park</City>
    <State>IL</State>
    <Zip>61111</Zip>
    <SSN>333-70-1473</SSN>
    <Location>42.318682, -89.071489</Location>
    <Phone>815-633-3617</Phone>
    <CountryCode>1</CountryCode>
    <DOB>July 4, 1968</DOB>
    <Email>EdwinMFultz@rhyta.com</Email>
    <UserName>Whount</UserName>
    <Website>flpwers.com</Website>
    <Company>Record Bar</Company>
    <Occupation>Technical education teacher</Occupation>
    <HeightCM>170</HeightCM>
    <WeightKG>98.8</WeightKG>
    <BloodType>B+</BloodType>
    <Vehicle>2002 Audi S4</Vehicle>
    <Color>Blue</Color>
  </object>
  <object>
    <Id>66f12f65-1fb2-45a7-8e63-5dd6ada3f44c</Id>
    <Name>Edna W. Askew</Name>
    <Address>1794 Sussex Court</Address>
    <City>Clifton</City>
    <State>TX</State>
    <Zip>76634</Zip>
    <SSN>456-84-9904</SSN>
    <Location>31.768534, -97.508749</Location>
    <Phone>254-381-6599</Phone>
    <CountryCode>1</CountryCode>
    <DOB>August 7, 1972</DOB>
    <Email>EdnaWAskew@dayrep.com</Email>
    <UserName>Lactly</UserName>
    <Website>busitrader.com</Website>
    <Company>Matrix Interior Design</Company>
    <Occupation>Transportation, storage, and distribution manager</Occupation>
    <HeightCM>165</HeightCM>
    <WeightKG>105.5</WeightKG>
    <BloodType>O-</BloodType>
    <Vehicle>2006 Opel Speedster</Vehicle>
    <Color>Black</Color>
  </object>
  <object>
    <Id>9812a48c-db7e-4773-afec-bf85986b97aa</Id>
    <Name>Ricky C. Napier</Name>
    <Address>2270 Hidden Valley Road</Address>
    <City>Dover</City>
    <State>PA</State>
    <Zip>17315</Zip>
    <SSN>180-30-6096</SSN>
    <Location>40.113228, -76.947735</Location>
    <Phone>717-292-9467</Phone>
    <CountryCode>1</CountryCode>
    <DOB>November 16, 1939</DOB>
    <Email>RickyCNapier@dayrep.com</Email>
    <UserName>Derapt</UserName>
    <Website>slottedbrewery.com</Website>
    <Company>Big Bear Stores</Company>
    <Occupation>Financial planner</Occupation>
    <HeightCM>172</HeightCM>
    <WeightKG>71.5</WeightKG>
    <BloodType>A+</BloodType>
    <Vehicle>2008 Mercedes-Benz G</Vehicle>
    <Color>Blue</Color>
  </object>
  <object>
    <Id>4a612e59-eb23-4fdf-a61e-63379dc07c28</Id>
    <Name>Margaret J. Clinard</Name>
    <Address>2995 Arbor Court</Address>
    <City>Casper</City>
    <State>WY</State>
    <Zip>82601</Zip>
    <SSN>520-19-9769</SSN>
    <Location>43.165056, -106.308563</Location>
    <Phone>307-261-7015</Phone>
    <CountryCode>1</CountryCode>
    <DOB>March 11, 1943</DOB>
    <Email>MargaretJClinard@teleworm.us</Email>
    <UserName>Holecon43</UserName>
    <Website>dfyleadsystems.com</Website>
    <Company>Superior Interior Design</Company>
    <Occupation>Chief financial officer</Occupation>
    <HeightCM>154</HeightCM>
    <WeightKG>75.2</WeightKG>
    <BloodType>O+</BloodType>
    <Vehicle>2004 Toyota Camry</Vehicle>
    <Color>Blue</Color>
  </object>
  <object>
    <Id>20f002fc-069d-4927-ab37-075c35fcfb25</Id>
    <Name>Kristina T. Jackson</Name>
    <Address>3876 Cabell Avenue</Address>
    <City>Washington</City>
    <State>VA</State>
    <Zip>20005</Zip>
    <SSN>225-11-1790</SSN>
    <Location>38.895512, -77.088776</Location>
    <Phone>703-579-5918</Phone>
    <CountryCode>1</CountryCode>
    <DOB>November 24, 1982</DOB>
    <Email>KristinaTJackson@armyspy.com</Email>
    <UserName>Haper1982</UserName>
    <Website>mikdreploki.com</Website>
    <Company>Lafayette Radio</Company>
    <Occupation>First responder</Occupation>
    <HeightCM>160</HeightCM>
    <WeightKG>57.5</WeightKG>
    <BloodType>O+</BloodType>
    <Vehicle>2001 Chevrolet Cavalier</Vehicle>
    <Color>Black</Color>
  </object>
</Users>