﻿<?xml version="1.0" encoding="utf-8"?>
<Users>
  <object>
    <Id>09093e0f-d2c7-4a8c-a245-c7960f78811b</Id>
    <Name>Yong Hsiung</Name>
    <Address>1941 Pin Oak Drive</Address>
    <City>Davenport</City>
    <State>IA</State>
    <Zip>52803</Zip>
    <SSN>484-70-4050</SSN>
    <Location>41.573415, -90.470042</Location>
    <Phone>563-333-3230</Phone>
    <CountryCode>1</CountryCode>
    <DOB>February 16, 1992</DOB>
    <Email>JosephMYounkin@teleworm.us</Email>
    <UserName>Endind</UserName>
    <Website>sikaban.com</Website>
    <Company>Flagg Bros. Shoes</Company>
    <Occupation>Image designer</Occupation>
    <HeightCM>168</HeightCM>
    <WeightKG />
    <BloodType>O+</BloodType>
    <Vehicle />
    <Color>Blue</Color>
  </object>
</Users>