﻿<?xml version="1.0" encoding="utf-8"?>
<Users>
  <object>
    <Id>ccb7a3e2-cdf5-4893-acd6-03b91be5cbe6</Id>
    <Name>Galina I. Kalinina</Name>
    <Address>2646 Woodhill Avenue</Address>
    <City>Fork</City>
    <State>MD</State>
    <Zip />
    <SSN>220-71-2483</SSN>
    <Location />
    <Phone>410-817-8815</Phone>
    <CountryCode>1</CountryCode>
    <DOB>September 30, 1972</DOB>
    <Email>BettyWBradley@armyspy.com</Email>
    <UserName>Forrout</UserName>
    <Website>countofdays.com</Website>
    <Company>Henry's Hamburgers</Company>
    <Occupation>Commission clerk</Occupation>
    <HeightCM>172</HeightCM>
    <WeightKG>97.6</WeightKG>
    <BloodType />
    <Vehicle>2003 Xedos 9</Vehicle>
    <Color>Blue</Color>
  </object>
  <object>
    <Id>953256f4-3a77-4ea9-9c90-3e53a5c33fca</Id>
    <Name>Manon Poirier</Name>
    <Address>2919 Gerald L. Bates Drive</Address>
    <City>Waltham</City>
    <State>MA</State>
    <Zip>02154</Zip>
    <SSN>022-44-4653</SSN>
    <Location>42.361281, -71.224175</Location>
    <Phone>617-838-4658</Phone>
    <CountryCode>1</CountryCode>
    <DOB />
    <Email>MildredWRoss@teleworm.us</Email>
    <UserName>Wereaujubmis</UserName>
    <Website>ativasoftwares.com</Website>
    <Company>Crandall's Fine Furniture</Company>
    <Occupation>Landscape contractor</Occupation>
    <HeightCM>156</HeightCM>
    <WeightKG>75.0</WeightKG>
    <BloodType />
    <Vehicle>2002 Dodge Neon</Vehicle>
    <Color>Blue</Color>
  </object>
  <object>
    <Id>8dddd639-78d4-4b83-9067-a992f8abc1d0</Id>
    <Name>Emilly Alves</Name>
    <Address>2085 Emma Street</Address>
    <City>Texhoma</City>
    <State />
    <Zip />
    <SSN>643-18-7595</SSN>
    <Location>36.563135, -101.915858</Location>
    <Phone />
    <CountryCode />
    <DOB />
    <Email>TerryCPeterson@armyspy.com</Email>
    <UserName />
    <Website>mekimeki.com</Website>
    <Company>John M. Smyth's Homemakers</Company>
    <Occupation>Painting, coating, and decorating worker</Occupation>
    <HeightCM>179</HeightCM>
    <WeightKG>98.9</WeightKG>
    <BloodType>AB-</BloodType>
    <Vehicle>2002 Lancia Lybra</Vehicle>
    <Color>Blue</Color>
  </object>
  <object>
    <Id>15a18285-bc6c-4511-a426-e22fcc6cbf52</Id>
    <Name>Qian Niu</Name>
    <Address>2703 Bernardo Street</Address>
    <City>Polk City</City>
    <State>FL</State>
    <Zip>33868</Zip>
    <SSN />
    <Location />
    <Phone>813-220-8185</Phone>
    <CountryCode>1</CountryCode>
    <DOB>October 16, 1962</DOB>
    <Email>LenoreSShort@armyspy.com</Email>
    <UserName>Hoce1962</UserName>
    <Website>ddysh.com</Website>
    <Company>Stratacard</Company>
    <Occupation>Real estate agent</Occupation>
    <HeightCM />
    <WeightKG>104.1</WeightKG>
    <BloodType>A+</BloodType>
    <Vehicle>2002 Italdesign Buron</Vehicle>
    <Color />
  </object>
  <object>
    <Id>3ea30916-7441-458e-80de-44aa3ba5c49a</Id>
    <Name>Laura Barbosa</Name>
    <Address>203 Oakdale Avenue</Address>
    <City>Polk City</City>
    <State>FL</State>
    <Zip>33868</Zip>
    <SSN>261-56-5879</SSN>
    <Location>28.275559, -81.818312</Location>
    <Phone>863-602-3427</Phone>
    <CountryCode>1</CountryCode>
    <DOB>February 22, 1979</DOB>
    <Email />
    <UserName>Entse1979</UserName>
    <Website>happyvscrappy.com</Website>
    <Company />
    <Occupation>Genetics nurse</Occupation>
    <HeightCM>157</HeightCM>
    <WeightKG>74.6</WeightKG>
    <BloodType>B+</BloodType>
    <Vehicle>1994 Citroen C 15</Vehicle>
    <Color>Blue</Color>
  </object>
  <object>
    <Id>7a3483e6-2d38-4305-8bba-9dc8467e2922</Id>
    <Name>Breno Ribeiro</Name>
    <Address />
    <City>Tucson</City>
    <State>AZ</State>
    <Zip>85712</Zip>
    <SSN>601-15-3612</SSN>
    <Location>32.202926, -110.874383</Location>
    <Phone>520-404-7644</Phone>
    <CountryCode>1</CountryCode>
    <DOB>April 22, 1960</DOB>
    <Email>WilliamVJackson@jourrapide.com</Email>
    <UserName>Sistookeed</UserName>
    <Website>tvwsftj.com</Website>
    <Company>Pro-Care Garden Maintenance</Company>
    <Occupation>Freight agent</Occupation>
    <HeightCM>169</HeightCM>
    <WeightKG>104.5</WeightKG>
    <BloodType>AB+</BloodType>
    <Vehicle>1992 Volvo 460</Vehicle>
    <Color>Blue</Color>
  </object>
  <object>
    <Id>30ddeaf9-d9b2-4ef6-9210-2226305593a7</Id>
    <Name>Lena M. Beich</Name>
    <Address>3581 Radford Street</Address>
    <City>Louisville</City>
    <State>KY</State>
    <Zip>40202</Zip>
    <SSN>407-19-7577</SSN>
    <Location>38.318243, -85.738723</Location>
    <Phone>502-257-6266</Phone>
    <CountryCode>1</CountryCode>
    <DOB>March 26, 1983</DOB>
    <Email>RolandMHeath@rhyta.com</Email>
    <UserName>Marm1983</UserName>
    <Website>addsavvysave.com</Website>
    <Company>Mostow Co.</Company>
    <Occupation>Environmental chemist</Occupation>
    <HeightCM>176</HeightCM>
    <WeightKG>91.1</WeightKG>
    <BloodType>A+</BloodType>
    <Vehicle>2012 SsangYong Rodius</Vehicle>
    <Color />
  </object>
  <object>
    <Id>dcd6b001-0bc6-4129-9e67-1a33e9c45af0</Id>
    <Name>Hardouin A. Labrosse</Name>
    <Address>3800 Clearview Drive</Address>
    <City />
    <State>CO</State>
    <Zip>80202</Zip>
    <SSN>650-34-5913</SSN>
    <Location />
    <Phone>303-653-1181</Phone>
    <CountryCode>1</CountryCode>
    <DOB>May 1, 1970</DOB>
    <Email>MarioMLoveday@armyspy.com</Email>
    <UserName>Stoge1970</UserName>
    <Website>delaneyplamp.com</Website>
    <Company>Price Savers</Company>
    <Occupation>Obstetrician</Occupation>
    <HeightCM>168</HeightCM>
    <WeightKG>103.8</WeightKG>
    <BloodType>A+</BloodType>
    <Vehicle>1996 Nissan Gloria</Vehicle>
    <Color>Blue</Color>
  </object>
  <object>
    <Id>5854a5a1-aca6-4f79-85d2-30c001d1ac1f</Id>
    <Name>Beltane B. Huppé</Name>
    <Address>1845 Oak Lane</Address>
    <City>Elmo</City>
    <State>MO</State>
    <Zip>64445</Zip>
    <SSN />
    <Location>40.435364, -95.175598</Location>
    <Phone>660-742-0439</Phone>
    <CountryCode>1</CountryCode>
    <DOB>March 30, 1975</DOB>
    <Email />
    <UserName>Showelve1975</UserName>
    <Website>ltdkix.com</Website>
    <Company>House Of Denmark</Company>
    <Occupation>Office machine and cash register technician</Occupation>
    <HeightCM>181</HeightCM>
    <WeightKG>108.9</WeightKG>
    <BloodType>O+</BloodType>
    <Vehicle>1993 Saab 900</Vehicle>
    <Color>Black</Color>
  </object>
  <object>
    <Id>9563ed89-3985-40f2-baf2-8e9abfb80209</Id>
    <Name>翼 千. 本宮</Name>
    <Address>4107 Stratford Park</Address>
    <City>Owensburg</City>
    <State>IN</State>
    <Zip>47453</Zip>
    <SSN>304-07-7289</SSN>
    <Location>38.843158, -86.677822</Location>
    <Phone>812-863-6866</Phone>
    <CountryCode>1</CountryCode>
    <DOB>March 24, 1941</DOB>
    <Email />
    <UserName>Trepen</UserName>
    <Website>babescenes.com</Website>
    <Company>Block Distributors</Company>
    <Occupation>Support service manager</Occupation>
    <HeightCM>156</HeightCM>
    <WeightKG>92.9</WeightKG>
    <BloodType>O+</BloodType>
    <Vehicle />
    <Color>Blue</Color>
  </object>
  <object>
    <Id>8a51caf7-7cdb-4f59-b0f5-2a6ec8834672</Id>
    <Name>Stephanie Moeller</Name>
    <Address>2534 McVaney Road</Address>
    <City>Asheville</City>
    <State>NC</State>
    <Zip>28801</Zip>
    <SSN>239-26-6280</SSN>
    <Location />
    <Phone />
    <CountryCode>1</CountryCode>
    <DOB>January 15, 1957</DOB>
    <Email>AlfredoMMathis@teleworm.us</Email>
    <UserName>Dusted</UserName>
    <Website />
    <Company>Sholl's Colonial Cafeteria</Company>
    <Occupation>Geographer</Occupation>
    <HeightCM>167</HeightCM>
    <WeightKG>75.3</WeightKG>
    <BloodType />
    <Vehicle>2005 Nissan Xterra</Vehicle>
    <Color>Blue</Color>
  </object>
  <object>
    <Id>9ee46be2-9ff0-4e1c-a55c-a464c42afa6c</Id>
    <Name>千代子 大. 沼野</Name>
    <Address />
    <City>Saint Joseph</City>
    <State>MO</State>
    <Zip>64501</Zip>
    <SSN />
    <Location>39.733273, -94.822682</Location>
    <Phone>816-233-1986</Phone>
    <CountryCode />
    <DOB>April 14, 1971</DOB>
    <Email>DianeJScoville@armyspy.com</Email>
    <UserName>Butch1971</UserName>
    <Website>teamtankersley.com</Website>
    <Company />
    <Occupation>Electric line worker</Occupation>
    <HeightCM>154</HeightCM>
    <WeightKG>67.9</WeightKG>
    <BloodType>B+</BloodType>
    <Vehicle>2006 Chevrolet Lacetti</Vehicle>
    <Color>Blue</Color>
  </object>
  <object>
    <Id>26d40f5f-b0f0-4d51-bc85-b1b462056c0a</Id>
    <Name>Meng Lei</Name>
    <Address>3512 Tyler Avenue</Address>
    <City>Ft Lauderdale</City>
    <State>FL</State>
    <Zip>33311</Zip>
    <SSN>265-93-9806</SSN>
    <Location>26.098031, -80.103059</Location>
    <Phone>305-318-0152</Phone>
    <CountryCode>1</CountryCode>
    <DOB>March 3, 1954</DOB>
    <Email>EvaMHardin@dayrep.com</Email>
    <UserName>Peding1954</UserName>
    <Website>adgobble.com</Website>
    <Company />
    <Occupation>Milling and planing machine setter</Occupation>
    <HeightCM>167</HeightCM>
    <WeightKG>88.3</WeightKG>
    <BloodType>O+</BloodType>
    <Vehicle>1993 Beijing BJ 2020</Vehicle>
    <Color>Blue</Color>
  </object>
  <object>
    <Id>aa059c14-c21a-4074-b1a6-c9a3fb465c02</Id>
    <Name>Benjamin Fenstermacher</Name>
    <Address>1359 Barfield Lane</Address>
    <City>Indianapolis</City>
    <State>IN</State>
    <Zip>46278</Zip>
    <SSN>312-88-4838</SSN>
    <Location>39.89365, -86.400054</Location>
    <Phone />
    <CountryCode>1</CountryCode>
    <DOB>January 12, 1937</DOB>
    <Email>TerryKMayer@armyspy.com</Email>
    <UserName>Acese1937</UserName>
    <Website>diggityweb.com</Website>
    <Company>House 2 Home</Company>
    <Occupation />
    <HeightCM />
    <WeightKG>72.7</WeightKG>
    <BloodType>B+</BloodType>
    <Vehicle />
    <Color>Purple</Color>
  </object>
  <object>
    <Id>9563ed89-3985-40f2-baf2-8e9abfb80209</Id>
    <Name>翼 千. 本宮</Name>
    <Address>4107 Stratford Park</Address>
    <City>Owensburg</City>
    <State>IN</State>
    <Zip>47453</Zip>
    <SSN>304-07-7289</SSN>
    <Location>38.843158, -86.677822</Location>
    <Phone>812-863-6866</Phone>
    <CountryCode>1</CountryCode>
    <DOB />
    <Email>ReginaRHampton@jourrapide.com</Email>
    <UserName>Trepen</UserName>
    <Website>babescenes.com</Website>
    <Company>Block Distributors</Company>
    <Occupation />
    <HeightCM>156</HeightCM>
    <WeightKG>92.9</WeightKG>
    <BloodType>O+</BloodType>
    <Vehicle>1996 Nissan Patrol</Vehicle>
    <Color>Blue</Color>
  </object>
  <object>
    <Id>4aec48e1-ae1d-4019-8dc8-da76363b10b4</Id>
    <Name>Jie Hao</Name>
    <Address>1318 Five Points</Address>
    <City>Baltimore</City>
    <State>MD</State>
    <Zip>21201</Zip>
    <SSN>218-57-2773</SSN>
    <Location>39.297609, -76.655353</Location>
    <Phone>443-317-6792</Phone>
    <CountryCode>1</CountryCode>
    <DOB>January 3, 1991</DOB>
    <Email />
    <UserName>Luctaps</UserName>
    <Website>thermobioinc.com</Website>
    <Company>Laneco</Company>
    <Occupation>Photographic retoucher</Occupation>
    <HeightCM>159</HeightCM>
    <WeightKG>72.0</WeightKG>
    <BloodType>B+</BloodType>
    <Vehicle />
    <Color>Blue</Color>
  </object>
  <object>
    <Id>0bea74cf-ed51-41a8-bc52-bb4c952e7186</Id>
    <Name>Marisa O. Cunha</Name>
    <Address>1305 Meadow View Drive</Address>
    <City>Hartford</City>
    <State>CT</State>
    <Zip>06103</Zip>
    <SSN>049-46-3275</SSN>
    <Location>41.679598, -72.683252</Location>
    <Phone>860-473-0045</Phone>
    <CountryCode />
    <DOB>February 8, 1946</DOB>
    <Email>LouellaJSoto@jourrapide.com</Email>
    <UserName>Stateen</UserName>
    <Website>objectigee.com</Website>
    <Company>Gemco</Company>
    <Occupation>Counselor</Occupation>
    <HeightCM>151</HeightCM>
    <WeightKG>79.7</WeightKG>
    <BloodType>B+</BloodType>
    <Vehicle>2014 Toyota RAV4</Vehicle>
    <Color>Yellow</Color>
  </object>
  <object>
    <Id>036bd1db-60ce-4e58-8bd8-1f24b281c35e</Id>
    <Name>Miroslav O. Abramovich</Name>
    <Address>3570 Duck Creek Road</Address>
    <City>Redwood City</City>
    <State>CA</State>
    <Zip>94063</Zip>
    <SSN />
    <Location />
    <Phone>650-817-2173</Phone>
    <CountryCode>1</CountryCode>
    <DOB>February 11, 1950</DOB>
    <Email />
    <UserName>Scure1950</UserName>
    <Website>pleaseenroll.com</Website>
    <Company>Fit Tonic</Company>
    <Occupation>Emergency physician</Occupation>
    <HeightCM>153</HeightCM>
    <WeightKG />
    <BloodType>B+</BloodType>
    <Vehicle>2001 Aston Martin Vanquish</Vehicle>
    <Color>Purple</Color>
  </object>
  <object>
    <Id>9563ed89-3985-40f2-baf2-8e9abfb80209</Id>
    <Name>翼 千. 本宮</Name>
    <Address>4107 Stratford Park</Address>
    <City />
    <State>IN</State>
    <Zip>47453</Zip>
    <SSN>304-07-7289</SSN>
    <Location>38.843158, -86.677822</Location>
    <Phone>812-863-6866</Phone>
    <CountryCode>1</CountryCode>
    <DOB />
    <Email>ReginaRHampton@jourrapide.com</Email>
    <UserName>Trepen</UserName>
    <Website>babescenes.com</Website>
    <Company>Block Distributors</Company>
    <Occupation>Support service manager</Occupation>
    <HeightCM>156</HeightCM>
    <WeightKG>92.9</WeightKG>
    <BloodType />
    <Vehicle>1996 Nissan Patrol</Vehicle>
    <Color />
  </object>
  <object>
    <Id>4f6c5cb3-4a18-47b1-a7e6-385e2c4f25aa</Id>
    <Name>Guan-yin Ma</Name>
    <Address>3795 Nixon Avenue</Address>
    <City />
    <State>OH</State>
    <Zip>44825</Zip>
    <SSN>269-12-6736</SSN>
    <Location>40.957466, -83.022335</Location>
    <Phone>419-988-0131</Phone>
    <CountryCode>1</CountryCode>
    <DOB>October 9, 1961</DOB>
    <Email>BillMRoth@teleworm.us</Email>
    <UserName>Heavow</UserName>
    <Website>lupystrikesurf.com</Website>
    <Company>Delchamps</Company>
    <Occupation>Game warden</Occupation>
    <HeightCM>186</HeightCM>
    <WeightKG>66.9</WeightKG>
    <BloodType>B+</BloodType>
    <Vehicle>2000 Suzuki Swift</Vehicle>
    <Color>Blue</Color>
  </object>
  <object>
    <Id>89997bfd-c834-42e9-a61f-1f7b72b09ce9</Id>
    <Name>Carolina Barros</Name>
    <Address>4410 Wildrose Lane</Address>
    <City />
    <State>MI</State>
    <Zip>48219</Zip>
    <SSN>372-60-7598</SSN>
    <Location>42.505339, -83.313117</Location>
    <Phone>313-808-0688</Phone>
    <CountryCode>1</CountryCode>
    <DOB>June 24, 1939</DOB>
    <Email>EugeneLHorrocks@teleworm.us</Email>
    <UserName />
    <Website>erictonline.com</Website>
    <Company>Chief Auto Parts</Company>
    <Occupation>Administrative director</Occupation>
    <HeightCM>174</HeightCM>
    <WeightKG>102.2</WeightKG>
    <BloodType>AB+</BloodType>
    <Vehicle>2002 Honda Torneo</Vehicle>
    <Color>Blue</Color>
  </object>
  <object>
    <Id>0ea5fd7c-3e1c-494a-a518-ac137a8aaf94</Id>
    <Name>Panteleimon Yudin</Name>
    <Address>3892 Woodstock Drive</Address>
    <City>Pasadena</City>
    <State>CA</State>
    <Zip>91101</Zip>
    <SSN>569-35-7560</SSN>
    <Location>34.14532, -118.051826</Location>
    <Phone>626-564-5170</Phone>
    <CountryCode />
    <DOB>September 27, 1992</DOB>
    <Email>DeniseCRuby@armyspy.com</Email>
    <UserName>Counnoted</UserName>
    <Website>aobbrazilltd.com</Website>
    <Company>Afforda</Company>
    <Occupation>Adjudicator</Occupation>
    <HeightCM />
    <WeightKG>80.2</WeightKG>
    <BloodType>O+</BloodType>
    <Vehicle />
    <Color>Blue</Color>
  </object>
  <object>
    <Id>036bd1db-60ce-4e58-8bd8-1f24b281c35e</Id>
    <Name>Miroslav O. Abramovich</Name>
    <Address>3570 Duck Creek Road</Address>
    <City>Redwood City</City>
    <State />
    <Zip>94063</Zip>
    <SSN>547-82-6691</SSN>
    <Location>37.477439, -122.148569</Location>
    <Phone />
    <CountryCode>1</CountryCode>
    <DOB />
    <Email>NancyRRosado@armyspy.com</Email>
    <UserName>Scure1950</UserName>
    <Website>pleaseenroll.com</Website>
    <Company>Fit Tonic</Company>
    <Occupation>Emergency physician</Occupation>
    <HeightCM>153</HeightCM>
    <WeightKG />
    <BloodType>B+</BloodType>
    <Vehicle>2001 Aston Martin Vanquish</Vehicle>
    <Color>Purple</Color>
  </object>
  <object>
    <Id>fea13fa0-8d46-4b6f-9782-95c9f21adbec</Id>
    <Name>ประดับศรี ก. โพธิ์บูลย์</Name>
    <Address>979 Paradise Lane</Address>
    <City>Pomona</City>
    <State>CA</State>
    <Zip>91766</Zip>
    <SSN>570-77-3094</SSN>
    <Location>33.959873, -117.72652</Location>
    <Phone>909-629-9720</Phone>
    <CountryCode>1</CountryCode>
    <DOB>April 29, 1993</DOB>
    <Email>MarloKEverett@teleworm.us</Email>
    <UserName>Greggelf93</UserName>
    <Website>emaildisc.com</Website>
    <Company>Strategic Profit</Company>
    <Occupation>LAN administrator</Occupation>
    <HeightCM>156</HeightCM>
    <WeightKG>58.1</WeightKG>
    <BloodType>A+</BloodType>
    <Vehicle />
    <Color>Purple</Color>
  </object>
  <object>
    <Id>0de0e810-7570-491c-a16d-63627ee9a3d5</Id>
    <Name>翼 竹尾</Name>
    <Address>3959 Henry Ford Avenue</Address>
    <City>New York</City>
    <State />
    <Zip>10007</Zip>
    <SSN>062-07-5034</SSN>
    <Location>40.647191, -74.048011</Location>
    <Phone>917-969-1706</Phone>
    <CountryCode>1</CountryCode>
    <DOB>July 26, 1989</DOB>
    <Email>LauraTThomas@armyspy.com</Email>
    <UserName>Wasuroded</UserName>
    <Website>CollectorTickets.com</Website>
    <Company>Specific Appraisals</Company>
    <Occupation />
    <HeightCM>170</HeightCM>
    <WeightKG>88.9</WeightKG>
    <BloodType>B+</BloodType>
    <Vehicle>1994 Lincoln Continental</Vehicle>
    <Color />
  </object>
  <object>
    <Id>492c4f31-ea7a-4295-9874-5c39529b9ea1</Id>
    <Name>Thaddeus A. Kirillov</Name>
    <Address />
    <City />
    <State>FL</State>
    <Zip>33487</Zip>
    <SSN />
    <Location>26.394124, -80.068737</Location>
    <Phone>561-988-3619</Phone>
    <CountryCode>1</CountryCode>
    <DOB>January 5, 1979</DOB>
    <Email />
    <UserName>Theremings</UserName>
    <Website>xiaotuhe.com</Website>
    <Company>Megatronic</Company>
    <Occupation />
    <HeightCM />
    <WeightKG>72.8</WeightKG>
    <BloodType>A+</BloodType>
    <Vehicle>1996 Fiat Tempra</Vehicle>
    <Color>Purple</Color>
  </object>
  <object>
    <Id>26d40f5f-b0f0-4d51-bc85-b1b462056c0a</Id>
    <Name>Meng Lei</Name>
    <Address>3512 Tyler Avenue</Address>
    <City>Ft Lauderdale</City>
    <State>FL</State>
    <Zip>33311</Zip>
    <SSN>265-93-9806</SSN>
    <Location>26.098031, -80.103059</Location>
    <Phone>305-318-0152</Phone>
    <CountryCode>1</CountryCode>
    <DOB>March 3, 1954</DOB>
    <Email>EvaMHardin@dayrep.com</Email>
    <UserName />
    <Website>adgobble.com</Website>
    <Company>Micro Design</Company>
    <Occupation>Milling and planing machine setter</Occupation>
    <HeightCM>167</HeightCM>
    <WeightKG>88.3</WeightKG>
    <BloodType>O+</BloodType>
    <Vehicle>1993 Beijing BJ 2020</Vehicle>
    <Color>Blue</Color>
  </object>
  <object>
    <Id>3ea30916-7441-458e-80de-44aa3ba5c49a</Id>
    <Name>Laura Barbosa</Name>
    <Address />
    <City>Polk City</City>
    <State>FL</State>
    <Zip>33868</Zip>
    <SSN>261-56-5879</SSN>
    <Location>28.275559, -81.818312</Location>
    <Phone>863-602-3427</Phone>
    <CountryCode>1</CountryCode>
    <DOB />
    <Email />
    <UserName />
    <Website>happyvscrappy.com</Website>
    <Company>Weatherill's</Company>
    <Occupation>Genetics nurse</Occupation>
    <HeightCM>157</HeightCM>
    <WeightKG>74.6</WeightKG>
    <BloodType>B+</BloodType>
    <Vehicle />
    <Color>Blue</Color>
  </object>
  <object>
    <Id>cc3c8b2f-ac7f-499d-85ae-63eeb74d48e5</Id>
    <Name>Pryor Garreau</Name>
    <Address>2481 Lake Forest Drive</Address>
    <City>Kansas City</City>
    <State>KS</State>
    <Zip>66210</Zip>
    <SSN />
    <Location>39.133396, -94.78778</Location>
    <Phone>913-915-8926</Phone>
    <CountryCode>1</CountryCode>
    <DOB>May 31, 1992</DOB>
    <Email>JoseEFrances@jourrapide.com</Email>
    <UserName />
    <Website>barmecidea.com</Website>
    <Company>Pro Garden Management</Company>
    <Occupation>Lift truck operator</Occupation>
    <HeightCM>189</HeightCM>
    <WeightKG>97.9</WeightKG>
    <BloodType>A+</BloodType>
    <Vehicle>2005 Porsche GT2</Vehicle>
    <Color>Blue</Color>
  </object>
  <object>
    <Id>fea13fa0-8d46-4b6f-9782-95c9f21adbec</Id>
    <Name>ประดับศรี ก. โพธิ์บูลย์</Name>
    <Address>979 Paradise Lane</Address>
    <City>Pomona</City>
    <State>CA</State>
    <Zip>91766</Zip>
    <SSN>570-77-3094</SSN>
    <Location>33.959873, -117.72652</Location>
    <Phone>909-629-9720</Phone>
    <CountryCode>1</CountryCode>
    <DOB>April 29, 1993</DOB>
    <Email />
    <UserName>Greggelf93</UserName>
    <Website>emaildisc.com</Website>
    <Company>Strategic Profit</Company>
    <Occupation>LAN administrator</Occupation>
    <HeightCM>156</HeightCM>
    <WeightKG />
    <BloodType />
    <Vehicle>2000 Buick Park Avenue</Vehicle>
    <Color>Purple</Color>
  </object>
  <object>
    <Id>a75fe56a-4d8f-4712-8f13-267c035c540b</Id>
    <Name>Alexis Bler</Name>
    <Address>1044 Haven Lane</Address>
    <City>Lansing</City>
    <State>MI</State>
    <Zip>48933</Zip>
    <SSN>374-11-2815</SSN>
    <Location>42.670085, -84.584981</Location>
    <Phone>517-621-3647</Phone>
    <CountryCode>1</CountryCode>
    <DOB>June 25, 1966</DOB>
    <Email>LeroyMBooth@rhyta.com</Email>
    <UserName>Quichaved</UserName>
    <Website>armadamanpower.com</Website>
    <Company>Mr. Good Buys</Company>
    <Occupation>Cardiac and vascular nurse</Occupation>
    <HeightCM>182</HeightCM>
    <WeightKG>102.8</WeightKG>
    <BloodType>O+</BloodType>
    <Vehicle />
    <Color />
  </object>
  <object>
    <Id>dcd6b001-0bc6-4129-9e67-1a33e9c45af0</Id>
    <Name>Hardouin A. Labrosse</Name>
    <Address>3800 Clearview Drive</Address>
    <City>Denver</City>
    <State>CO</State>
    <Zip>80202</Zip>
    <SSN>650-34-5913</SSN>
    <Location>39.775911, -104.961161</Location>
    <Phone>303-653-1181</Phone>
    <CountryCode />
    <DOB>May 1, 1970</DOB>
    <Email>MarioMLoveday@armyspy.com</Email>
    <UserName>Stoge1970</UserName>
    <Website>delaneyplamp.com</Website>
    <Company>Price Savers</Company>
    <Occupation />
    <HeightCM>168</HeightCM>
    <WeightKG>103.8</WeightKG>
    <BloodType />
    <Vehicle>1996 Nissan Gloria</Vehicle>
    <Color>Blue</Color>
  </object>
  <object>
    <Id>edbfa284-5532-416b-96e5-17f0b12f1cf6</Id>
    <Name>Tao J. Tsui</Name>
    <Address />
    <City>Elkin</City>
    <State>NC</State>
    <Zip>28621</Zip>
    <SSN>681-10-8903</SSN>
    <Location>36.386626, -80.704647</Location>
    <Phone />
    <CountryCode>1</CountryCode>
    <DOB>December 15, 1958</DOB>
    <Email>JosephineGChapman@teleworm.us</Email>
    <UserName>Diater</UserName>
    <Website>ecfloral.com</Website>
    <Company>Kragen Auto Parts</Company>
    <Occupation />
    <HeightCM>162</HeightCM>
    <WeightKG>75.2</WeightKG>
    <BloodType>O+</BloodType>
    <Vehicle />
    <Color>Red</Color>
  </object>
  <object>
    <Id>06eb0a57-7ea1-4584-ae3a-53a75f88eaec</Id>
    <Name>Joseph Thivierge</Name>
    <Address>2238 Maud Street</Address>
    <City>Philadelphia</City>
    <State>DE</State>
    <Zip />
    <SSN>221-04-8573</SSN>
    <Location>39.921293, -75.128598</Location>
    <Phone>302-725-0927</Phone>
    <CountryCode>1</CountryCode>
    <DOB>February 23, 1970</DOB>
    <Email>EllaJHolloway@armyspy.com</Email>
    <UserName>Wrecertrecan1970</UserName>
    <Website>ladyashtea.com</Website>
    <Company>Food Giant</Company>
    <Occupation>Psychiatric nursing assistant</Occupation>
    <HeightCM>167</HeightCM>
    <WeightKG>94.7</WeightKG>
    <BloodType>B+</BloodType>
    <Vehicle>2002 Skoda Octavia</Vehicle>
    <Color />
  </object>
  <object>
    <Id>09c05f08-6aae-405f-816e-2d6f14b4dfd0</Id>
    <Name>Mulan C. Hou</Name>
    <Address>1152 Joseph Street</Address>
    <City>New Berlin</City>
    <State>WI</State>
    <Zip>53151</Zip>
    <SSN>395-96-6087</SSN>
    <Location>43.007083, -88.049935</Location>
    <Phone>262-751-8111</Phone>
    <CountryCode>1</CountryCode>
    <DOB>March 3, 1953</DOB>
    <Email>WalterJDurrett@teleworm.us</Email>
    <UserName>Whountlence</UserName>
    <Website>penangcitizen.com</Website>
    <Company />
    <Occupation />
    <HeightCM>167</HeightCM>
    <WeightKG>81.1</WeightKG>
    <BloodType>O+</BloodType>
    <Vehicle>1994 Jeep Grand Cherokee</Vehicle>
    <Color>Blue</Color>
  </object>
  <object>
    <Id>cc3c8b2f-ac7f-499d-85ae-63eeb74d48e5</Id>
    <Name>Pryor Garreau</Name>
    <Address />
    <City>Kansas City</City>
    <State>KS</State>
    <Zip>66210</Zip>
    <SSN />
    <Location />
    <Phone>913-915-8926</Phone>
    <CountryCode>1</CountryCode>
    <DOB>May 31, 1992</DOB>
    <Email>JoseEFrances@jourrapide.com</Email>
    <UserName>Moseloway</UserName>
    <Website>barmecidea.com</Website>
    <Company>Pro Garden Management</Company>
    <Occupation>Lift truck operator</Occupation>
    <HeightCM>189</HeightCM>
    <WeightKG>97.9</WeightKG>
    <BloodType>A+</BloodType>
    <Vehicle>2005 Porsche GT2</Vehicle>
    <Color>Blue</Color>
  </object>
  <object>
    <Id>9563ed89-3985-40f2-baf2-8e9abfb80209</Id>
    <Name>翼 千. 本宮</Name>
    <Address>4107 Stratford Park</Address>
    <City>Owensburg</City>
    <State>IN</State>
    <Zip>47453</Zip>
    <SSN>304-07-7289</SSN>
    <Location>38.843158, -86.677822</Location>
    <Phone>812-863-6866</Phone>
    <CountryCode>1</CountryCode>
    <DOB>March 24, 1941</DOB>
    <Email>ReginaRHampton@jourrapide.com</Email>
    <UserName>Trepen</UserName>
    <Website>babescenes.com</Website>
    <Company>Block Distributors</Company>
    <Occupation>Support service manager</Occupation>
    <HeightCM>156</HeightCM>
    <WeightKG>92.9</WeightKG>
    <BloodType />
    <Vehicle>1996 Nissan Patrol</Vehicle>
    <Color>Blue</Color>
  </object>
  <object>
    <Id>a576d5f9-fa2c-4f31-9b26-db335550fd82</Id>
    <Name>รำพรรณ ท. แซ่อึ้ง</Name>
    <Address>2456 Morgan Street</Address>
    <City>Panama City</City>
    <State>FL</State>
    <Zip>32401</Zip>
    <SSN />
    <Location>30.235513, -85.593196</Location>
    <Phone />
    <CountryCode>1</CountryCode>
    <DOB>April 2, 1958</DOB>
    <Email>HelenJJohnson@rhyta.com</Email>
    <UserName>Stakinan</UserName>
    <Website>prestamoporsms.com</Website>
    <Company>Sound Advice</Company>
    <Occupation>Reservation and transportation ticket agent</Occupation>
    <HeightCM>155</HeightCM>
    <WeightKG>57.5</WeightKG>
    <BloodType>O+</BloodType>
    <Vehicle>2005 Mazda 5</Vehicle>
    <Color>Green</Color>
  </object>
  <object>
    <Id>c27cd1d9-125c-48fc-a07e-bcc44a146728</Id>
    <Name>学 桐. 小畑</Name>
    <Address />
    <City>Gardena</City>
    <State>CA</State>
    <Zip>90248</Zip>
    <SSN>607-18-9022</SSN>
    <Location>33.825178, -118.304961</Location>
    <Phone>310-990-8953</Phone>
    <CountryCode>1</CountryCode>
    <DOB>December 3, 1998</DOB>
    <Email />
    <UserName>Thempailoved</UserName>
    <Website>jjreventures.com</Website>
    <Company>The Jolly Farmer</Company>
    <Occupation>Interior decorator</Occupation>
    <HeightCM>186</HeightCM>
    <WeightKG>80.0</WeightKG>
    <BloodType>A+</BloodType>
    <Vehicle>2004 Opel Corsa</Vehicle>
    <Color />
  </object>
  <object>
    <Id>06af7f3b-1e2a-4660-9684-88c7357a3cbd</Id>
    <Name>Esperanza S. Bérard</Name>
    <Address>1241 Green Street</Address>
    <City />
    <State>TN</State>
    <Zip>37211</Zip>
    <SSN>762-01-3567</SSN>
    <Location>36.002273, -86.64318</Location>
    <Phone />
    <CountryCode>1</CountryCode>
    <DOB>September 6, 1950</DOB>
    <Email>WilliamMCorns@rhyta.com</Email>
    <UserName>Debtled</UserName>
    <Website>ironturkey.com</Website>
    <Company>Poore Simon's</Company>
    <Occupation>Administrative law judge</Occupation>
    <HeightCM>171</HeightCM>
    <WeightKG>81.4</WeightKG>
    <BloodType>B+</BloodType>
    <Vehicle>2005 Holden Statesman</Vehicle>
    <Color>Blue</Color>
  </object>
  <object>
    <Id>4549f903-0af1-4264-92dc-f2b83ce2f155</Id>
    <Name>Felix Vinogradoff</Name>
    <Address />
    <City>Tupelo</City>
    <State>MS</State>
    <Zip>38801</Zip>
    <SSN>587-01-1449</SSN>
    <Location>34.284117, -88.696389</Location>
    <Phone>662-821-4968</Phone>
    <CountryCode>1</CountryCode>
    <DOB />
    <Email>LisaJBrown@jourrapide.com</Email>
    <UserName />
    <Website>golfwikki.com</Website>
    <Company>Our Own Hardware</Company>
    <Occupation />
    <HeightCM>151</HeightCM>
    <WeightKG />
    <BloodType>A+</BloodType>
    <Vehicle>1999 Honda City</Vehicle>
    <Color>Yellow</Color>
  </object>
  <object>
    <Id>7a3483e6-2d38-4305-8bba-9dc8467e2922</Id>
    <Name>Breno Ribeiro</Name>
    <Address>961 Parkway Drive</Address>
    <City>Tucson</City>
    <State>AZ</State>
    <Zip>85712</Zip>
    <SSN>601-15-3612</SSN>
    <Location>32.202926, -110.874383</Location>
    <Phone>520-404-7644</Phone>
    <CountryCode>1</CountryCode>
    <DOB>April 22, 1960</DOB>
    <Email>WilliamVJackson@jourrapide.com</Email>
    <UserName>Sistookeed</UserName>
    <Website>tvwsftj.com</Website>
    <Company>Pro-Care Garden Maintenance</Company>
    <Occupation>Freight agent</Occupation>
    <HeightCM />
    <WeightKG>104.5</WeightKG>
    <BloodType>AB+</BloodType>
    <Vehicle>1992 Volvo 460</Vehicle>
    <Color>Blue</Color>
  </object>
  <object>
    <Id>48b7a227-d8a1-4903-a922-4d7180dcb671</Id>
    <Name>Irakli Kryukov</Name>
    <Address>3711 Devils Hill Road</Address>
    <City>Jackson</City>
    <State>MS</State>
    <Zip>39201</Zip>
    <SSN>427-62-6548</SSN>
    <Location>32.335105, -90.119477</Location>
    <Phone>601-861-8871</Phone>
    <CountryCode>1</CountryCode>
    <DOB />
    <Email>BarbaraMAstudillo@teleworm.us</Email>
    <UserName>Hagerre</UserName>
    <Website>downloadidea.com</Website>
    <Company>National Record Mart</Company>
    <Occupation />
    <HeightCM>160</HeightCM>
    <WeightKG>74.7</WeightKG>
    <BloodType>O+</BloodType>
    <Vehicle>1999 BMW 323</Vehicle>
    <Color />
  </object>
  <object>
    <Id>2089550b-033a-4738-a27a-e4d761fcda7d</Id>
    <Name>Akulina Grigoryeva</Name>
    <Address />
    <City>Albany</City>
    <State>NY</State>
    <Zip>12206</Zip>
    <SSN>092-66-8462</SSN>
    <Location>42.765103, -73.863602</Location>
    <Phone>518-438-8713</Phone>
    <CountryCode>1</CountryCode>
    <DOB />
    <Email>LisaRWinston@dayrep.com</Email>
    <UserName>Accandon</UserName>
    <Website>cruisinmamas.com</Website>
    <Company>Castro Convertibles</Company>
    <Occupation>Labor relations director</Occupation>
    <HeightCM>172</HeightCM>
    <WeightKG>94.1</WeightKG>
    <BloodType>O+</BloodType>
    <Vehicle>1992 Seat Marbella</Vehicle>
    <Color>Red</Color>
  </object>
  <object>
    <Id>e6321c57-aa5e-479c-852b-7d57a04def02</Id>
    <Name>Jan M. Schröder</Name>
    <Address>2695 Buck Drive</Address>
    <City>South Burlington</City>
    <State>VT</State>
    <Zip>05403</Zip>
    <SSN>009-58-8903</SSN>
    <Location>44.472715, -73.171402</Location>
    <Phone>802-231-8769</Phone>
    <CountryCode>1</CountryCode>
    <DOB>August 1, 1992</DOB>
    <Email>HattieJRamos@armyspy.com</Email>
    <UserName>Pardisturn</UserName>
    <Website>HoneymoonBooking.com</Website>
    <Company>Naugles</Company>
    <Occupation />
    <HeightCM>171</HeightCM>
    <WeightKG />
    <BloodType>A+</BloodType>
    <Vehicle />
    <Color>Blue</Color>
  </object>
  <object>
    <Id>78e6e62b-7f0b-4348-85e9-99fdf8a94ade</Id>
    <Name>Ralph G. Meyer</Name>
    <Address>3698 Boundary Street</Address>
    <City>Jacksonville</City>
    <State>FL</State>
    <Zip>32218</Zip>
    <SSN>768-30-1542</SSN>
    <Location>30.495696, -81.659548</Location>
    <Phone />
    <CountryCode>1</CountryCode>
    <DOB>January 22, 1960</DOB>
    <Email>MaritzaRHawks@armyspy.com</Email>
    <UserName>Ottelf</UserName>
    <Website>tanjaktiara.com</Website>
    <Company>Rhodes Furniture</Company>
    <Occupation>Meteorologist</Occupation>
    <HeightCM>167</HeightCM>
    <WeightKG>53.8</WeightKG>
    <BloodType>O+</BloodType>
    <Vehicle>2002 Mitsubishi Space Liner</Vehicle>
    <Color>Green</Color>
  </object>
  <object>
    <Id>0bea74cf-ed51-41a8-bc52-bb4c952e7186</Id>
    <Name>Marisa O. Cunha</Name>
    <Address>1305 Meadow View Drive</Address>
    <City>Hartford</City>
    <State>CT</State>
    <Zip>06103</Zip>
    <SSN>049-46-3275</SSN>
    <Location>41.679598, -72.683252</Location>
    <Phone>860-473-0045</Phone>
    <CountryCode>1</CountryCode>
    <DOB>February 8, 1946</DOB>
    <Email>LouellaJSoto@jourrapide.com</Email>
    <UserName>Stateen</UserName>
    <Website>objectigee.com</Website>
    <Company>Gemco</Company>
    <Occupation>Counselor</Occupation>
    <HeightCM />
    <WeightKG>79.7</WeightKG>
    <BloodType>B+</BloodType>
    <Vehicle>2014 Toyota RAV4</Vehicle>
    <Color>Yellow</Color>
  </object>
  <object>
    <Id>51480d25-c6ec-476a-98c6-573b519c46e4</Id>
    <Name>Galina E. Zubareva</Name>
    <Address>1983 Harrison Street</Address>
    <City>Oakland</City>
    <State>CA</State>
    <Zip>94612</Zip>
    <SSN>603-10-1913</SSN>
    <Location>37.84702, -122.175704</Location>
    <Phone>415-573-7258</Phone>
    <CountryCode>1</CountryCode>
    <DOB>May 18, 1960</DOB>
    <Email>AliceKWhiten@dayrep.com</Email>
    <UserName>Stakinan</UserName>
    <Website>littlemommybaby.com</Website>
    <Company>Network Air</Company>
    <Occupation />
    <HeightCM>157</HeightCM>
    <WeightKG>86.4</WeightKG>
    <BloodType>B+</BloodType>
    <Vehicle />
    <Color>Orange</Color>
  </object>
  <object>
    <Id>584c256a-dbed-434b-acac-058f3641b392</Id>
    <Name>Verney C. Laprise</Name>
    <Address>1694 Layman Court</Address>
    <City>Norcross</City>
    <State>GA</State>
    <Zip>30071</Zip>
    <SSN>675-07-9952</SSN>
    <Location>33.924102, -84.238898</Location>
    <Phone>678-299-2156</Phone>
    <CountryCode>1</CountryCode>
    <DOB>October 12, 1959</DOB>
    <Email>WillieLShropshire@dayrep.com</Email>
    <UserName>Forelut</UserName>
    <Website>woodfeilduni.com</Website>
    <Company>Life Map</Company>
    <Occupation>Wound, ostomy, and continence nurse</Occupation>
    <HeightCM>169</HeightCM>
    <WeightKG>81.9</WeightKG>
    <BloodType>O+</BloodType>
    <Vehicle>1997 Daihatsu Gran Move</Vehicle>
    <Color />
  </object>
  <object>
    <Id>645654aa-6b13-47ed-9c13-be5d3095631c</Id>
    <Name>สุนงศ์ลักษ์ ค. คิดประเสริฐ</Name>
    <Address />
    <City>Belleville</City>
    <State>PA</State>
    <Zip>17004</Zip>
    <SSN>201-48-7653</SSN>
    <Location />
    <Phone>717-935-9696</Phone>
    <CountryCode>1</CountryCode>
    <DOB>June 24, 1957</DOB>
    <Email>TommieRCantu@rhyta.com</Email>
    <UserName>Netur1957</UserName>
    <Website>agepros.com</Website>
    <Company>Multi Tech Development</Company>
    <Occupation>Electronic equipment repairer</Occupation>
    <HeightCM>165</HeightCM>
    <WeightKG />
    <BloodType>B+</BloodType>
    <Vehicle>2012 Lincoln Navigator</Vehicle>
    <Color>Green</Color>
  </object>
  <object>
    <Id>0bea74cf-ed51-41a8-bc52-bb4c952e7186</Id>
    <Name>Marisa O. Cunha</Name>
    <Address>1305 Meadow View Drive</Address>
    <City>Hartford</City>
    <State>CT</State>
    <Zip>06103</Zip>
    <SSN>049-46-3275</SSN>
    <Location>41.679598, -72.683252</Location>
    <Phone>860-473-0045</Phone>
    <CountryCode>1</CountryCode>
    <DOB />
    <Email />
    <UserName>Stateen</UserName>
    <Website>objectigee.com</Website>
    <Company />
    <Occupation>Counselor</Occupation>
    <HeightCM>151</HeightCM>
    <WeightKG>79.7</WeightKG>
    <BloodType>B+</BloodType>
    <Vehicle>2014 Toyota RAV4</Vehicle>
    <Color>Yellow</Color>
  </object>
  <object>
    <Id>2df61a4c-2f10-4fa3-81aa-3ffd2f9b424f</Id>
    <Name>Clara Dias</Name>
    <Address>2315 Buffalo Creek Road</Address>
    <City>Nashville</City>
    <State />
    <Zip>37207</Zip>
    <SSN>757-01-5848</SSN>
    <Location>36.331343, -86.820976</Location>
    <Phone>615-945-8833</Phone>
    <CountryCode>1</CountryCode>
    <DOB>April 23, 1941</DOB>
    <Email>SusanGBrowning@dayrep.com</Email>
    <UserName>Usen1941</UserName>
    <Website>dcastleman.com</Website>
    <Company>Food Barn</Company>
    <Occupation>Airport terminal controller</Occupation>
    <HeightCM>156</HeightCM>
    <WeightKG />
    <BloodType>A+</BloodType>
    <Vehicle>2007 Honda Accord</Vehicle>
    <Color>Purple</Color>
  </object>
  <object>
    <Id>585879c1-f01a-4cc0-8b18-f5b3d07fa4af</Id>
    <Name>David F. Lang</Name>
    <Address>1523 Pallet Street</Address>
    <City>Middletown</City>
    <State>NY</State>
    <Zip>10940</Zip>
    <SSN>132-60-7411</SSN>
    <Location>41.522815, -74.521671</Location>
    <Phone>914-443-0083</Phone>
    <CountryCode>1</CountryCode>
    <DOB>February 28, 1989</DOB>
    <Email>ArturoELong@armyspy.com</Email>
    <UserName>Eastring</UserName>
    <Website />
    <Company>Fretter</Company>
    <Occupation>Loading machine operator</Occupation>
    <HeightCM>185</HeightCM>
    <WeightKG>95.4</WeightKG>
    <BloodType>A-</BloodType>
    <Vehicle>2004 Pagani Zonda</Vehicle>
    <Color>Red</Color>
  </object>
  <object>
    <Id>aa059c14-c21a-4074-b1a6-c9a3fb465c02</Id>
    <Name>Benjamin Fenstermacher</Name>
    <Address />
    <City>Indianapolis</City>
    <State>IN</State>
    <Zip>46278</Zip>
    <SSN>312-88-4838</SSN>
    <Location>39.89365, -86.400054</Location>
    <Phone>317-523-5792</Phone>
    <CountryCode>1</CountryCode>
    <DOB>January 12, 1937</DOB>
    <Email>TerryKMayer@armyspy.com</Email>
    <UserName>Acese1937</UserName>
    <Website>diggityweb.com</Website>
    <Company>House 2 Home</Company>
    <Occupation>Newsletter writer</Occupation>
    <HeightCM>161</HeightCM>
    <WeightKG>72.7</WeightKG>
    <BloodType>B+</BloodType>
    <Vehicle>1998 Ford Escort</Vehicle>
    <Color>Purple</Color>
  </object>
  <object>
    <Id>53745795-006f-4471-b771-420dd260fa34</Id>
    <Name>Johanna Saenger</Name>
    <Address>4546 Timberbrook Lane</Address>
    <City>Durango</City>
    <State>CO</State>
    <Zip>81301</Zip>
    <SSN>653-18-1118</SSN>
    <Location>37.383824, -107.800059</Location>
    <Phone />
    <CountryCode>1</CountryCode>
    <DOB />
    <Email>KellyMSanchez@rhyta.com</Email>
    <UserName>Monellead</UserName>
    <Website>antromoda.com</Website>
    <Company>Afterthoughts</Company>
    <Occupation>Midshipman</Occupation>
    <HeightCM>165</HeightCM>
    <WeightKG>98.9</WeightKG>
    <BloodType />
    <Vehicle />
    <Color>Orange</Color>
  </object>
  <object>
    <Id>26d40f5f-b0f0-4d51-bc85-b1b462056c0a</Id>
    <Name>Meng Lei</Name>
    <Address>3512 Tyler Avenue</Address>
    <City>Ft Lauderdale</City>
    <State>FL</State>
    <Zip />
    <SSN />
    <Location />
    <Phone>305-318-0152</Phone>
    <CountryCode>1</CountryCode>
    <DOB>March 3, 1954</DOB>
    <Email>EvaMHardin@dayrep.com</Email>
    <UserName />
    <Website />
    <Company>Micro Design</Company>
    <Occupation>Milling and planing machine setter</Occupation>
    <HeightCM>167</HeightCM>
    <WeightKG>88.3</WeightKG>
    <BloodType>O+</BloodType>
    <Vehicle>1993 Beijing BJ 2020</Vehicle>
    <Color>Blue</Color>
  </object>
  <object>
    <Id>492c4f31-ea7a-4295-9874-5c39529b9ea1</Id>
    <Name>Thaddeus A. Kirillov</Name>
    <Address>3286 Pleasant Hill Road</Address>
    <City>Boca Raton</City>
    <State>FL</State>
    <Zip>33487</Zip>
    <SSN />
    <Location>26.394124, -80.068737</Location>
    <Phone>561-988-3619</Phone>
    <CountryCode>1</CountryCode>
    <DOB>January 5, 1979</DOB>
    <Email>DorothySWeedman@rhyta.com</Email>
    <UserName>Theremings</UserName>
    <Website>xiaotuhe.com</Website>
    <Company>Megatronic</Company>
    <Occupation>Longshoremen</Occupation>
    <HeightCM>167</HeightCM>
    <WeightKG>72.8</WeightKG>
    <BloodType>A+</BloodType>
    <Vehicle>1996 Fiat Tempra</Vehicle>
    <Color>Purple</Color>
  </object>
  <object>
    <Id>ba4e020f-c692-4552-b0f4-07e41d0c68be</Id>
    <Name>和也 麗. 尾嶋</Name>
    <Address>2230 Dog Hill Lane</Address>
    <City>Almena</City>
    <State>KS</State>
    <Zip>67622</Zip>
    <SSN>514-44-7148</SSN>
    <Location>39.793734, -99.744008</Location>
    <Phone>785-669-9392</Phone>
    <CountryCode />
    <DOB />
    <Email>GuadalupeTPugh@dayrep.com</Email>
    <UserName>Drocaulta</UserName>
    <Website>shadowoblivion.com</Website>
    <Company>The Wall</Company>
    <Occupation>Translator</Occupation>
    <HeightCM>158</HeightCM>
    <WeightKG>76.6</WeightKG>
    <BloodType>A+</BloodType>
    <Vehicle>2007 Opel Vivaro</Vehicle>
    <Color />
  </object>
  <object>
    <Id>e6321c57-aa5e-479c-852b-7d57a04def02</Id>
    <Name>Jan M. Schröder</Name>
    <Address>2695 Buck Drive</Address>
    <City />
    <State>VT</State>
    <Zip>05403</Zip>
    <SSN>009-58-8903</SSN>
    <Location>44.472715, -73.171402</Location>
    <Phone>802-231-8769</Phone>
    <CountryCode>1</CountryCode>
    <DOB>August 1, 1992</DOB>
    <Email>HattieJRamos@armyspy.com</Email>
    <UserName>Pardisturn</UserName>
    <Website>HoneymoonBooking.com</Website>
    <Company />
    <Occupation>Optical goods worker</Occupation>
    <HeightCM>171</HeightCM>
    <WeightKG>70.0</WeightKG>
    <BloodType>A+</BloodType>
    <Vehicle>2005 Suzuki Aerio</Vehicle>
    <Color>Blue</Color>
  </object>
  <object>
    <Id>2089550b-033a-4738-a27a-e4d761fcda7d</Id>
    <Name>Akulina Grigoryeva</Name>
    <Address>4753 Hardesty Street</Address>
    <City>Albany</City>
    <State>NY</State>
    <Zip>12206</Zip>
    <SSN>092-66-8462</SSN>
    <Location>42.765103, -73.863602</Location>
    <Phone>518-438-8713</Phone>
    <CountryCode>1</CountryCode>
    <DOB>January 4, 1966</DOB>
    <Email>LisaRWinston@dayrep.com</Email>
    <UserName>Accandon</UserName>
    <Website>cruisinmamas.com</Website>
    <Company>Castro Convertibles</Company>
    <Occupation />
    <HeightCM>172</HeightCM>
    <WeightKG>94.1</WeightKG>
    <BloodType>O+</BloodType>
    <Vehicle />
    <Color>Red</Color>
  </object>
  <object>
    <Id>31c21001-ef54-428c-b7eb-ea105acfa7a6</Id>
    <Name>Paien N. Turcotte</Name>
    <Address>4780 Robinson Court</Address>
    <City>Bay City</City>
    <State>MI</State>
    <Zip>48706</Zip>
    <SSN>378-74-7541</SSN>
    <Location>43.638175, -84.012519</Location>
    <Phone>989-513-2111</Phone>
    <CountryCode>1</CountryCode>
    <DOB>October 11, 1981</DOB>
    <Email>MariaVWhittington@armyspy.com</Email>
    <UserName>Chaddive</UserName>
    <Website>matthewlchin.com</Website>
    <Company>Hugh M. Woods</Company>
    <Occupation>Hunter</Occupation>
    <HeightCM>167</HeightCM>
    <WeightKG>82.5</WeightKG>
    <BloodType>AB+</BloodType>
    <Vehicle>2003 Pagani Zonda</Vehicle>
    <Color>Orange</Color>
  </object>
  <object>
    <Id>8c59f35c-0146-4946-8b50-9ac185935171</Id>
    <Name>Marcos Rocha</Name>
    <Address>3326 Half and Half Drive</Address>
    <City>Laton</City>
    <State>CA</State>
    <Zip>93242</Zip>
    <SSN>623-33-3862</SSN>
    <Location />
    <Phone>559-923-6456</Phone>
    <CountryCode>1</CountryCode>
    <DOB>July 6, 1935</DOB>
    <Email>NathanLFreeman@rhyta.com</Email>
    <UserName>Coveregs</UserName>
    <Website>underparenting.com</Website>
    <Company>Strategy Consulting</Company>
    <Occupation>Claims adjuster</Occupation>
    <HeightCM>170</HeightCM>
    <WeightKG>92.3</WeightKG>
    <BloodType>A-</BloodType>
    <Vehicle>2001 GMC Sonoma</Vehicle>
    <Color>Blue</Color>
  </object>
  <object>
    <Id>b0c4c411-36b0-432f-955c-08b9ff35c8c2</Id>
    <Name>Afrodille O. Maheu</Name>
    <Address>1886 Fincham Road</Address>
    <City>Carlsbad</City>
    <State>CA</State>
    <Zip>92009</Zip>
    <SSN>546-64-7549</SSN>
    <Location>33.166764, -117.313037</Location>
    <Phone>760-458-6351</Phone>
    <CountryCode />
    <DOB>June 3, 1950</DOB>
    <Email />
    <UserName>Froce1950</UserName>
    <Website>bivolucion.com</Website>
    <Company>Wetson's</Company>
    <Occupation />
    <HeightCM>169</HeightCM>
    <WeightKG>70.2</WeightKG>
    <BloodType>O+</BloodType>
    <Vehicle>1996 Hyundai Lantra</Vehicle>
    <Color>Red</Color>
  </object>
  <object>
    <Id>492c4f31-ea7a-4295-9874-5c39529b9ea1</Id>
    <Name>Thaddeus A. Kirillov</Name>
    <Address>3286 Pleasant Hill Road</Address>
    <City>Boca Raton</City>
    <State />
    <Zip>33487</Zip>
    <SSN>771-36-4697</SSN>
    <Location>26.394124, -80.068737</Location>
    <Phone />
    <CountryCode />
    <DOB>January 5, 1979</DOB>
    <Email>DorothySWeedman@rhyta.com</Email>
    <UserName>Theremings</UserName>
    <Website>xiaotuhe.com</Website>
    <Company>Megatronic</Company>
    <Occupation>Longshoremen</Occupation>
    <HeightCM>167</HeightCM>
    <WeightKG />
    <BloodType>A+</BloodType>
    <Vehicle>1996 Fiat Tempra</Vehicle>
    <Color>Purple</Color>
  </object>
  <object>
    <Id>89997bfd-c834-42e9-a61f-1f7b72b09ce9</Id>
    <Name>Carolina Barros</Name>
    <Address>4410 Wildrose Lane</Address>
    <City>Detroit</City>
    <State />
    <Zip>48219</Zip>
    <SSN>372-60-7598</SSN>
    <Location />
    <Phone>313-808-0688</Phone>
    <CountryCode>1</CountryCode>
    <DOB>June 24, 1939</DOB>
    <Email>EugeneLHorrocks@teleworm.us</Email>
    <UserName>Lacial</UserName>
    <Website>erictonline.com</Website>
    <Company>Chief Auto Parts</Company>
    <Occupation>Administrative director</Occupation>
    <HeightCM>174</HeightCM>
    <WeightKG>102.2</WeightKG>
    <BloodType>AB+</BloodType>
    <Vehicle>2002 Honda Torneo</Vehicle>
    <Color>Blue</Color>
  </object>
  <object>
    <Id>26d40f5f-b0f0-4d51-bc85-b1b462056c0a</Id>
    <Name>Meng Lei</Name>
    <Address>3512 Tyler Avenue</Address>
    <City>Ft Lauderdale</City>
    <State>FL</State>
    <Zip>33311</Zip>
    <SSN>265-93-9806</SSN>
    <Location />
    <Phone>305-318-0152</Phone>
    <CountryCode>1</CountryCode>
    <DOB>March 3, 1954</DOB>
    <Email />
    <UserName />
    <Website>adgobble.com</Website>
    <Company>Micro Design</Company>
    <Occupation>Milling and planing machine setter</Occupation>
    <HeightCM>167</HeightCM>
    <WeightKG />
    <BloodType>O+</BloodType>
    <Vehicle>1993 Beijing BJ 2020</Vehicle>
    <Color />
  </object>
  <object>
    <Id>aad923e3-bf5c-4554-a7bb-76ca81be931c</Id>
    <Name>恵 篠川</Name>
    <Address>859 Marcus Street</Address>
    <City>Huntsville</City>
    <State>AL</State>
    <Zip>35802</Zip>
    <SSN>423-94-8797</SSN>
    <Location>34.594392, -86.551097</Location>
    <Phone>256-642-1558</Phone>
    <CountryCode>1</CountryCode>
    <DOB>September 27, 1967</DOB>
    <Email>TimothyLSweeney@teleworm.us</Email>
    <UserName>Inack1967</UserName>
    <Website>ryumark.com</Website>
    <Company>Strongbod</Company>
    <Occupation>Word processor</Occupation>
    <HeightCM />
    <WeightKG>101.3</WeightKG>
    <BloodType />
    <Vehicle>2007 Saab 9-7X</Vehicle>
    <Color>Red</Color>
  </object>
  <object>
    <Id>56b63ee9-54a6-486a-b83a-f623f41728ba</Id>
    <Name>進 神澤</Name>
    <Address>52 Creekside Lane</Address>
    <City>Sherman Oaks</City>
    <State>CA</State>
    <Zip>91403</Zip>
    <SSN>546-63-7809</SSN>
    <Location />
    <Phone />
    <CountryCode>1</CountryCode>
    <DOB>June 26, 1984</DOB>
    <Email />
    <UserName />
    <Website>crossroadsvapor.com</Website>
    <Company>Coconut's</Company>
    <Occupation>Tumbling barrel painter</Occupation>
    <HeightCM />
    <WeightKG />
    <BloodType />
    <Vehicle>2006 Ford Freestyle</Vehicle>
    <Color>Green</Color>
  </object>
  <object>
    <Id>861fefdc-d4f5-4b51-b206-d42479a65fb2</Id>
    <Name>Igor C. Ferreira</Name>
    <Address />
    <City>Shreveport</City>
    <State>LA</State>
    <Zip>71101</Zip>
    <SSN>433-58-7876</SSN>
    <Location>32.574289, -93.697349</Location>
    <Phone>318-902-7894</Phone>
    <CountryCode>1</CountryCode>
    <DOB>November 15, 1955</DOB>
    <Email>MichaelDLockett@armyspy.com</Email>
    <UserName />
    <Website />
    <Company>Planet Profit</Company>
    <Occupation>Data entry clerk</Occupation>
    <HeightCM>181</HeightCM>
    <WeightKG>79.3</WeightKG>
    <BloodType>B+</BloodType>
    <Vehicle>2008 Volvo S60</Vehicle>
    <Color>Black</Color>
  </object>
  <object>
    <Id>1bffffbb-e2e2-4092-8cc5-5621e941ed73</Id>
    <Name>Thierry Y. Courtois</Name>
    <Address>4792 Raver Croft Drive</Address>
    <City />
    <State>TN</State>
    <Zip>37403</Zip>
    <SSN>756-01-7130</SSN>
    <Location>34.960261, -85.370451</Location>
    <Phone>423-650-5002</Phone>
    <CountryCode>1</CountryCode>
    <DOB>December 17, 1937</DOB>
    <Email>EllaCPatton@armyspy.com</Email>
    <UserName>Froned</UserName>
    <Website>contacttect.com</Website>
    <Company>Piece Goods Fabric</Company>
    <Occupation>Choreographer</Occupation>
    <HeightCM>157</HeightCM>
    <WeightKG>52.0</WeightKG>
    <BloodType />
    <Vehicle />
    <Color>Green</Color>
  </object>
  <object>
    <Id>02d14761-450a-4636-91d9-a867c4adbf9c</Id>
    <Name>Anatoly Belov</Name>
    <Address>1688 Hamilton Drive</Address>
    <City />
    <State>TX</State>
    <Zip />
    <SSN>645-98-1745</SSN>
    <Location />
    <Phone>409-978-4311</Phone>
    <CountryCode>1</CountryCode>
    <DOB>May 14, 1988</DOB>
    <Email>LisaJEctor@dayrep.com</Email>
    <UserName>Whapin</UserName>
    <Website>allialimousines.com</Website>
    <Company>Sandy's</Company>
    <Occupation>Marine electronics technician</Occupation>
    <HeightCM>170</HeightCM>
    <WeightKG />
    <BloodType>A+</BloodType>
    <Vehicle>1999 Mercedes-Benz ML</Vehicle>
    <Color>Purple</Color>
  </object>
  <object>
    <Id>1bffffbb-e2e2-4092-8cc5-5621e941ed73</Id>
    <Name>Thierry Y. Courtois</Name>
    <Address>4792 Raver Croft Drive</Address>
    <City>Chattanooga</City>
    <State>TN</State>
    <Zip>37403</Zip>
    <SSN>756-01-7130</SSN>
    <Location>34.960261, -85.370451</Location>
    <Phone>423-650-5002</Phone>
    <CountryCode>1</CountryCode>
    <DOB>December 17, 1937</DOB>
    <Email>EllaCPatton@armyspy.com</Email>
    <UserName>Froned</UserName>
    <Website>contacttect.com</Website>
    <Company>Piece Goods Fabric</Company>
    <Occupation>Choreographer</Occupation>
    <HeightCM>157</HeightCM>
    <WeightKG>52.0</WeightKG>
    <BloodType />
    <Vehicle>2001 Nissan Avenir</Vehicle>
    <Color>Green</Color>
  </object>
  <object>
    <Id>b8fe9a92-b983-4ce2-8bc4-b14aa70b7d08</Id>
    <Name>Alexandre Gaillou</Name>
    <Address>2993 Cherry Camp Road</Address>
    <City>Lombard</City>
    <State>IL</State>
    <Zip>60148</Zip>
    <SSN>345-36-3549</SSN>
    <Location>41.871827, -87.962089</Location>
    <Phone>773-443-2745</Phone>
    <CountryCode>1</CountryCode>
    <DOB>May 27, 1990</DOB>
    <Email>JohnBPetterson@teleworm.us</Email>
    <UserName>Conot1990</UserName>
    <Website>efixus.com</Website>
    <Company>First Choice Yard Help</Company>
    <Occupation />
    <HeightCM>183</HeightCM>
    <WeightKG>108.1</WeightKG>
    <BloodType>A+</BloodType>
    <Vehicle />
    <Color>Black</Color>
  </object>
  <object>
    <Id>645654aa-6b13-47ed-9c13-be5d3095631c</Id>
    <Name>สุนงศ์ลักษ์ ค. คิดประเสริฐ</Name>
    <Address>1538 Simpson Avenue</Address>
    <City>Belleville</City>
    <State>PA</State>
    <Zip>17004</Zip>
    <SSN>201-48-7653</SSN>
    <Location>40.486286, -77.677439</Location>
    <Phone>717-935-9696</Phone>
    <CountryCode>1</CountryCode>
    <DOB>June 24, 1957</DOB>
    <Email>TommieRCantu@rhyta.com</Email>
    <UserName>Netur1957</UserName>
    <Website>agepros.com</Website>
    <Company>Multi Tech Development</Company>
    <Occupation>Electronic equipment repairer</Occupation>
    <HeightCM>165</HeightCM>
    <WeightKG>94.5</WeightKG>
    <BloodType>B+</BloodType>
    <Vehicle />
    <Color>Green</Color>
  </object>
  <object>
    <Id>28c14934-aabb-4aab-99e7-64df90650b0a</Id>
    <Name>昭夫 螢. 鳥取</Name>
    <Address>3419 Nixon Avenue</Address>
    <City />
    <State>OH</State>
    <Zip>44907</Zip>
    <SSN>283-20-3200</SSN>
    <Location>40.796256, -82.538878</Location>
    <Phone>419-989-6066</Phone>
    <CountryCode>1</CountryCode>
    <DOB>March 20, 1960</DOB>
    <Email>MikeMSantoro@armyspy.com</Email>
    <UserName>Aniused</UserName>
    <Website />
    <Company />
    <Occupation>Songwriter</Occupation>
    <HeightCM>183</HeightCM>
    <WeightKG>67.7</WeightKG>
    <BloodType>B+</BloodType>
    <Vehicle>1993 Honda Civic Del Sol</Vehicle>
    <Color>Green</Color>
  </object>
  <object>
    <Id>1bffffbb-e2e2-4092-8cc5-5621e941ed73</Id>
    <Name>Thierry Y. Courtois</Name>
    <Address>4792 Raver Croft Drive</Address>
    <City>Chattanooga</City>
    <State>TN</State>
    <Zip>37403</Zip>
    <SSN>756-01-7130</SSN>
    <Location>34.960261, -85.370451</Location>
    <Phone>423-650-5002</Phone>
    <CountryCode>1</CountryCode>
    <DOB>December 17, 1937</DOB>
    <Email>EllaCPatton@armyspy.com</Email>
    <UserName>Froned</UserName>
    <Website>contacttect.com</Website>
    <Company>Piece Goods Fabric</Company>
    <Occupation />
    <HeightCM>157</HeightCM>
    <WeightKG>52.0</WeightKG>
    <BloodType>B+</BloodType>
    <Vehicle>2001 Nissan Avenir</Vehicle>
    <Color>Green</Color>
  </object>
  <object>
    <Id>a576d5f9-fa2c-4f31-9b26-db335550fd82</Id>
    <Name>รำพรรณ ท. แซ่อึ้ง</Name>
    <Address />
    <City />
    <State>FL</State>
    <Zip />
    <SSN>589-99-2422</SSN>
    <Location>30.235513, -85.593196</Location>
    <Phone>850-441-4798</Phone>
    <CountryCode>1</CountryCode>
    <DOB>April 2, 1958</DOB>
    <Email>HelenJJohnson@rhyta.com</Email>
    <UserName>Stakinan</UserName>
    <Website>prestamoporsms.com</Website>
    <Company>Sound Advice</Company>
    <Occupation>Reservation and transportation ticket agent</Occupation>
    <HeightCM>155</HeightCM>
    <WeightKG>57.5</WeightKG>
    <BloodType>O+</BloodType>
    <Vehicle>2005 Mazda 5</Vehicle>
    <Color>Green</Color>
  </object>
  <object>
    <Id>492c4f31-ea7a-4295-9874-5c39529b9ea1</Id>
    <Name>Thaddeus A. Kirillov</Name>
    <Address>3286 Pleasant Hill Road</Address>
    <City>Boca Raton</City>
    <State>FL</State>
    <Zip>33487</Zip>
    <SSN />
    <Location>26.394124, -80.068737</Location>
    <Phone>561-988-3619</Phone>
    <CountryCode>1</CountryCode>
    <DOB>January 5, 1979</DOB>
    <Email>DorothySWeedman@rhyta.com</Email>
    <UserName>Theremings</UserName>
    <Website>xiaotuhe.com</Website>
    <Company>Megatronic</Company>
    <Occupation>Longshoremen</Occupation>
    <HeightCM>167</HeightCM>
    <WeightKG>72.8</WeightKG>
    <BloodType>A+</BloodType>
    <Vehicle>1996 Fiat Tempra</Vehicle>
    <Color>Purple</Color>
  </object>
  <object>
    <Id>b8fe9a92-b983-4ce2-8bc4-b14aa70b7d08</Id>
    <Name>Alexandre Gaillou</Name>
    <Address>2993 Cherry Camp Road</Address>
    <City>Lombard</City>
    <State>IL</State>
    <Zip>60148</Zip>
    <SSN />
    <Location>41.871827, -87.962089</Location>
    <Phone>773-443-2745</Phone>
    <CountryCode />
    <DOB>May 27, 1990</DOB>
    <Email>JohnBPetterson@teleworm.us</Email>
    <UserName>Conot1990</UserName>
    <Website>efixus.com</Website>
    <Company>First Choice Yard Help</Company>
    <Occupation>Game warden</Occupation>
    <HeightCM>183</HeightCM>
    <WeightKG>108.1</WeightKG>
    <BloodType>A+</BloodType>
    <Vehicle>2002 Peugeot 406</Vehicle>
    <Color />
  </object>
  <object>
    <Id>a1491d0d-6f5e-4447-bc48-b169f32d1c72</Id>
    <Name>Terence S. Fomin</Name>
    <Address>3113 Nuzum Court</Address>
    <City>Buffalo</City>
    <State>NY</State>
    <Zip>14202</Zip>
    <SSN>099-82-1816</SSN>
    <Location>42.860713, -78.840724</Location>
    <Phone>716-541-9530</Phone>
    <CountryCode>1</CountryCode>
    <DOB>March 16, 1983</DOB>
    <Email>WilmaMEstes@rhyta.com</Email>
    <UserName>Shouratied</UserName>
    <Website>emojicp.com</Website>
    <Company />
    <Occupation>Product designer</Occupation>
    <HeightCM>167</HeightCM>
    <WeightKG />
    <BloodType>B+</BloodType>
    <Vehicle>2001 Ford Ranger</Vehicle>
    <Color>Blue</Color>
  </object>
  <object>
    <Id>182f10d5-63c5-4102-9714-96415dfe0236</Id>
    <Name>Hui Fan</Name>
    <Address>837 Cottrill Lane</Address>
    <City>Saint Louis</City>
    <State>MO</State>
    <Zip>63146</Zip>
    <SSN>495-90-3479</SSN>
    <Location>38.668898, -90.550004</Location>
    <Phone>314-430-8734</Phone>
    <CountryCode>1</CountryCode>
    <DOB>December 14, 1962</DOB>
    <Email />
    <UserName>Wateram</UserName>
    <Website>pmezgvz.com</Website>
    <Company>Sistemos</Company>
    <Occupation />
    <HeightCM>162</HeightCM>
    <WeightKG>79.4</WeightKG>
    <BloodType>A+</BloodType>
    <Vehicle>1995 Mazda 121</Vehicle>
    <Color>Red</Color>
  </object>
  <object>
    <Id>3ea30916-7441-458e-80de-44aa3ba5c49a</Id>
    <Name>Laura Barbosa</Name>
    <Address>203 Oakdale Avenue</Address>
    <City>Polk City</City>
    <State>FL</State>
    <Zip>33868</Zip>
    <SSN>261-56-5879</SSN>
    <Location>28.275559, -81.818312</Location>
    <Phone>863-602-3427</Phone>
    <CountryCode>1</CountryCode>
    <DOB>February 22, 1979</DOB>
    <Email>DanaDWilliams@armyspy.com</Email>
    <UserName>Entse1979</UserName>
    <Website>happyvscrappy.com</Website>
    <Company />
    <Occupation>Genetics nurse</Occupation>
    <HeightCM>157</HeightCM>
    <WeightKG>74.6</WeightKG>
    <BloodType>B+</BloodType>
    <Vehicle />
    <Color>Blue</Color>
  </object>
  <object>
    <Id>daaa7738-2b48-4bff-854e-eb4ebd93413a</Id>
    <Name>ทวีสุข ส. หนูพ่วง</Name>
    <Address>3970 Nelm Street</Address>
    <City>Beltsville</City>
    <State>VA</State>
    <Zip>20705</Zip>
    <SSN>227-17-9617</SSN>
    <Location>39.122957, -76.898167</Location>
    <Phone />
    <CountryCode />
    <DOB>May 6, 1946</DOB>
    <Email>RebeccaRHerrera@dayrep.com</Email>
    <UserName>Nobosen</UserName>
    <Website />
    <Company>Pak and Save</Company>
    <Occupation>Cable line installer</Occupation>
    <HeightCM>158</HeightCM>
    <WeightKG>94.7</WeightKG>
    <BloodType>O+</BloodType>
    <Vehicle>2010 BMW 650</Vehicle>
    <Color>Blue</Color>
  </object>
  <object>
    <Id>2090bfd1-a9d1-4317-a014-feba55fbe315</Id>
    <Name>ทองเสาร์ คำมะวัน</Name>
    <Address>3929 Ritter Avenue</Address>
    <City>Detroit</City>
    <State>MI</State>
    <Zip />
    <SSN />
    <Location>42.383213, -82.972969</Location>
    <Phone>586-675-3134</Phone>
    <CountryCode>1</CountryCode>
    <DOB>May 15, 1962</DOB>
    <Email>JohnJSummers@rhyta.com</Email>
    <UserName>Onsid1962</UserName>
    <Website>spreadtheglo.com</Website>
    <Company>Sherman's</Company>
    <Occupation>Excavating operator</Occupation>
    <HeightCM>188</HeightCM>
    <WeightKG>111.3</WeightKG>
    <BloodType />
    <Vehicle>1995 Oldsmobile Cutlass</Vehicle>
    <Color>Blue</Color>
  </object>
  <object>
    <Id>09c05f08-6aae-405f-816e-2d6f14b4dfd0</Id>
    <Name>Mulan C. Hou</Name>
    <Address>1152 Joseph Street</Address>
    <City>New Berlin</City>
    <State>WI</State>
    <Zip>53151</Zip>
    <SSN>395-96-6087</SSN>
    <Location>43.007083, -88.049935</Location>
    <Phone />
    <CountryCode>1</CountryCode>
    <DOB>March 3, 1953</DOB>
    <Email>WalterJDurrett@teleworm.us</Email>
    <UserName>Whountlence</UserName>
    <Website>penangcitizen.com</Website>
    <Company>Signa Air</Company>
    <Occupation>Management assistant</Occupation>
    <HeightCM>167</HeightCM>
    <WeightKG>81.1</WeightKG>
    <BloodType>O+</BloodType>
    <Vehicle>1994 Jeep Grand Cherokee</Vehicle>
    <Color>Blue</Color>
  </object>
  <object>
    <Id>645654aa-6b13-47ed-9c13-be5d3095631c</Id>
    <Name>สุนงศ์ลักษ์ ค. คิดประเสริฐ</Name>
    <Address>1538 Simpson Avenue</Address>
    <City>Belleville</City>
    <State>PA</State>
    <Zip>17004</Zip>
    <SSN>201-48-7653</SSN>
    <Location />
    <Phone />
    <CountryCode>1</CountryCode>
    <DOB />
    <Email>TommieRCantu@rhyta.com</Email>
    <UserName>Netur1957</UserName>
    <Website>agepros.com</Website>
    <Company>Multi Tech Development</Company>
    <Occupation>Electronic equipment repairer</Occupation>
    <HeightCM>165</HeightCM>
    <WeightKG />
    <BloodType>B+</BloodType>
    <Vehicle>2012 Lincoln Navigator</Vehicle>
    <Color>Green</Color>
  </object>
  <object>
    <Id>09c05f08-6aae-405f-816e-2d6f14b4dfd0</Id>
    <Name>Mulan C. Hou</Name>
    <Address>1152 Joseph Street</Address>
    <City>New Berlin</City>
    <State>WI</State>
    <Zip>53151</Zip>
    <SSN>395-96-6087</SSN>
    <Location>43.007083, -88.049935</Location>
    <Phone>262-751-8111</Phone>
    <CountryCode />
    <DOB />
    <Email>WalterJDurrett@teleworm.us</Email>
    <UserName>Whountlence</UserName>
    <Website>penangcitizen.com</Website>
    <Company>Signa Air</Company>
    <Occupation>Management assistant</Occupation>
    <HeightCM>167</HeightCM>
    <WeightKG>81.1</WeightKG>
    <BloodType>O+</BloodType>
    <Vehicle>1994 Jeep Grand Cherokee</Vehicle>
    <Color />
  </object>
  <object>
    <Id>3f4249ac-a8c7-4f4b-b0bb-61e8b4924a73</Id>
    <Name>Cauã Pereira</Name>
    <Address>1085 Arthur Avenue</Address>
    <City>Dekalb</City>
    <State />
    <Zip>60115</Zip>
    <SSN>356-12-7424</SSN>
    <Location>41.815905, -88.781388</Location>
    <Phone>815-862-7744</Phone>
    <CountryCode>1</CountryCode>
    <DOB>July 15, 1969</DOB>
    <Email>RosaJMcConnell@rhyta.com</Email>
    <UserName>Intecanothe</UserName>
    <Website>ensamblewinebar.com</Website>
    <Company>Simply Appraisals</Company>
    <Occupation>Athletic trainer</Occupation>
    <HeightCM>170</HeightCM>
    <WeightKG>84.7</WeightKG>
    <BloodType>A-</BloodType>
    <Vehicle />
    <Color>Black</Color>
  </object>
  <object>
    <Id>a60b9d2a-c366-4c61-8c0f-b52fc8cb5190</Id>
    <Name>Laura A. Araujo</Name>
    <Address>4056 Goff Avenue</Address>
    <City />
    <State>MI</State>
    <Zip>49503</Zip>
    <SSN>374-62-1007</SSN>
    <Location>42.85949, -85.628643</Location>
    <Phone>269-615-2881</Phone>
    <CountryCode>1</CountryCode>
    <DOB>March 21, 1962</DOB>
    <Email>TimothyJParker@rhyta.com</Email>
    <UserName />
    <Website />
    <Company>Dun Rite Lawn Maintenance</Company>
    <Occupation>Community health educator</Occupation>
    <HeightCM>176</HeightCM>
    <WeightKG>77.1</WeightKG>
    <BloodType>O-</BloodType>
    <Vehicle />
    <Color>Blue</Color>
  </object>
  <object>
    <Id>67e83f06-ffc5-48fd-b670-741ae309c6d9</Id>
    <Name>Mario Jaeger</Name>
    <Address>2359 Gregory Lane</Address>
    <City>Louisville</City>
    <State>KY</State>
    <Zip>40299</Zip>
    <SSN>401-50-3123</SSN>
    <Location>38.214393, -85.446639</Location>
    <Phone>502-551-1012</Phone>
    <CountryCode>1</CountryCode>
    <DOB>January 9, 1983</DOB>
    <Email />
    <UserName>Chember1983</UserName>
    <Website>adornedmural.com</Website>
    <Company>Red Baron Electronics</Company>
    <Occupation>Auditing clerk</Occupation>
    <HeightCM>172</HeightCM>
    <WeightKG>95.3</WeightKG>
    <BloodType>AB+</BloodType>
    <Vehicle>2010 Audi S5</Vehicle>
    <Color>Blue</Color>
  </object>
  <object>
    <Id>00c2e5e4-6e75-47de-bb39-8713cf49c241</Id>
    <Name>Magnolia Couture</Name>
    <Address>4484 Corpening Drive</Address>
    <City>Pontiac</City>
    <State>MI</State>
    <Zip>48342</Zip>
    <SSN>372-58-4673</SSN>
    <Location>42.680248, -83.268702</Location>
    <Phone>248-454-8366</Phone>
    <CountryCode>1</CountryCode>
    <DOB>May 2, 1978</DOB>
    <Email />
    <UserName>Floo1978</UserName>
    <Website>carinajapan.com</Website>
    <Company>Thriftway Food Mart</Company>
    <Occupation>Diagnostic medical sonographer</Occupation>
    <HeightCM>179</HeightCM>
    <WeightKG>65.9</WeightKG>
    <BloodType>B-</BloodType>
    <Vehicle>2000 Holden Commodore</Vehicle>
    <Color>Blue</Color>
  </object>
  <object>
    <Id>5854a5a1-aca6-4f79-85d2-30c001d1ac1f</Id>
    <Name>Beltane B. Huppé</Name>
    <Address />
    <City>Elmo</City>
    <State>MO</State>
    <Zip>64445</Zip>
    <SSN>492-12-8122</SSN>
    <Location>40.435364, -95.175598</Location>
    <Phone>660-742-0439</Phone>
    <CountryCode>1</CountryCode>
    <DOB>March 30, 1975</DOB>
    <Email>RobertRAman@armyspy.com</Email>
    <UserName>Showelve1975</UserName>
    <Website>ltdkix.com</Website>
    <Company>House Of Denmark</Company>
    <Occupation>Office machine and cash register technician</Occupation>
    <HeightCM>181</HeightCM>
    <WeightKG>108.9</WeightKG>
    <BloodType>O+</BloodType>
    <Vehicle>1993 Saab 900</Vehicle>
    <Color>Black</Color>
  </object>
  <object>
    <Id>8cd4e142-d3f7-4539-9c24-ccd7f7247ccd</Id>
    <Name>Ming Kê</Name>
    <Address>360 Bridge Avenue</Address>
    <City>Jennings</City>
    <State>LA</State>
    <Zip>70546</Zip>
    <SSN>665-09-2634</SSN>
    <Location>30.287249, -92.698604</Location>
    <Phone>337-824-1876</Phone>
    <CountryCode>1</CountryCode>
    <DOB />
    <Email>WilliamMLewis@armyspy.com</Email>
    <UserName>Vibody1965</UserName>
    <Website>freedompulse.com</Website>
    <Company>Harmony House</Company>
    <Occupation>Administrative director</Occupation>
    <HeightCM>178</HeightCM>
    <WeightKG>110.8</WeightKG>
    <BloodType />
    <Vehicle>2000 Bristol Blenheim</Vehicle>
    <Color>Blue</Color>
  </object>
  <object>
    <Id>fea13fa0-8d46-4b6f-9782-95c9f21adbec</Id>
    <Name>ประดับศรี ก. โพธิ์บูลย์</Name>
    <Address>979 Paradise Lane</Address>
    <City />
    <State>CA</State>
    <Zip>91766</Zip>
    <SSN>570-77-3094</SSN>
    <Location>33.959873, -117.72652</Location>
    <Phone>909-629-9720</Phone>
    <CountryCode />
    <DOB>April 29, 1993</DOB>
    <Email>MarloKEverett@teleworm.us</Email>
    <UserName>Greggelf93</UserName>
    <Website>emaildisc.com</Website>
    <Company>Strategic Profit</Company>
    <Occupation>LAN administrator</Occupation>
    <HeightCM />
    <WeightKG>58.1</WeightKG>
    <BloodType>A+</BloodType>
    <Vehicle>2000 Buick Park Avenue</Vehicle>
    <Color>Purple</Color>
  </object>
  <object>
    <Id>036bd1db-60ce-4e58-8bd8-1f24b281c35e</Id>
    <Name>Miroslav O. Abramovich</Name>
    <Address />
    <City>Redwood City</City>
    <State>CA</State>
    <Zip />
    <SSN>547-82-6691</SSN>
    <Location>37.477439, -122.148569</Location>
    <Phone>650-817-2173</Phone>
    <CountryCode>1</CountryCode>
    <DOB>February 11, 1950</DOB>
    <Email>NancyRRosado@armyspy.com</Email>
    <UserName>Scure1950</UserName>
    <Website>pleaseenroll.com</Website>
    <Company>Fit Tonic</Company>
    <Occupation>Emergency physician</Occupation>
    <HeightCM>153</HeightCM>
    <WeightKG>79.0</WeightKG>
    <BloodType>B+</BloodType>
    <Vehicle>2001 Aston Martin Vanquish</Vehicle>
    <Color>Purple</Color>
  </object>
  <object>
    <Id>5a1b177d-8388-4770-8fb9-e3e6ece4c7c8</Id>
    <Name>Anastasie Landry</Name>
    <Address>217 Par Drive</Address>
    <City />
    <State>CA</State>
    <Zip>93101</Zip>
    <SSN />
    <Location />
    <Phone>805-863-7984</Phone>
    <CountryCode>1</CountryCode>
    <DOB>July 29, 1940</DOB>
    <Email />
    <UserName>Tharang</UserName>
    <Website>moneyonthegame.com</Website>
    <Company>Practi-Plan</Company>
    <Occupation />
    <HeightCM>152</HeightCM>
    <WeightKG />
    <BloodType>A+</BloodType>
    <Vehicle>1995 BMW M3</Vehicle>
    <Color>Green</Color>
  </object>
  <object>
    <Id>09c05f08-6aae-405f-816e-2d6f14b4dfd0</Id>
    <Name>Mulan C. Hou</Name>
    <Address>1152 Joseph Street</Address>
    <City />
    <State>WI</State>
    <Zip>53151</Zip>
    <SSN>395-96-6087</SSN>
    <Location>43.007083, -88.049935</Location>
    <Phone />
    <CountryCode>1</CountryCode>
    <DOB>March 3, 1953</DOB>
    <Email>WalterJDurrett@teleworm.us</Email>
    <UserName>Whountlence</UserName>
    <Website>penangcitizen.com</Website>
    <Company />
    <Occupation>Management assistant</Occupation>
    <HeightCM />
    <WeightKG>81.1</WeightKG>
    <BloodType>O+</BloodType>
    <Vehicle>1994 Jeep Grand Cherokee</Vehicle>
    <Color />
  </object>
  <object>
    <Id>4f6c5cb3-4a18-47b1-a7e6-385e2c4f25aa</Id>
    <Name>Guan-yin Ma</Name>
    <Address>3795 Nixon Avenue</Address>
    <City>Chatfield</City>
    <State>OH</State>
    <Zip>44825</Zip>
    <SSN>269-12-6736</SSN>
    <Location>40.957466, -83.022335</Location>
    <Phone />
    <CountryCode>1</CountryCode>
    <DOB>October 9, 1961</DOB>
    <Email>BillMRoth@teleworm.us</Email>
    <UserName>Heavow</UserName>
    <Website>lupystrikesurf.com</Website>
    <Company>Delchamps</Company>
    <Occupation>Game warden</Occupation>
    <HeightCM>186</HeightCM>
    <WeightKG>66.9</WeightKG>
    <BloodType>B+</BloodType>
    <Vehicle>2000 Suzuki Swift</Vehicle>
    <Color>Blue</Color>
  </object>
  <object>
    <Id>0bea74cf-ed51-41a8-bc52-bb4c952e7186</Id>
    <Name>Marisa O. Cunha</Name>
    <Address />
    <City>Hartford</City>
    <State>CT</State>
    <Zip>06103</Zip>
    <SSN>049-46-3275</SSN>
    <Location>41.679598, -72.683252</Location>
    <Phone>860-473-0045</Phone>
    <CountryCode>1</CountryCode>
    <DOB>February 8, 1946</DOB>
    <Email>LouellaJSoto@jourrapide.com</Email>
    <UserName />
    <Website>objectigee.com</Website>
    <Company />
    <Occupation>Counselor</Occupation>
    <HeightCM>151</HeightCM>
    <WeightKG>79.7</WeightKG>
    <BloodType>B+</BloodType>
    <Vehicle>2014 Toyota RAV4</Vehicle>
    <Color>Yellow</Color>
  </object>
  <object>
    <Id>2090bfd1-a9d1-4317-a014-feba55fbe315</Id>
    <Name>ทองเสาร์ คำมะวัน</Name>
    <Address>3929 Ritter Avenue</Address>
    <City>Detroit</City>
    <State>MI</State>
    <Zip>48226</Zip>
    <SSN>383-72-3731</SSN>
    <Location>42.383213, -82.972969</Location>
    <Phone>586-675-3134</Phone>
    <CountryCode>1</CountryCode>
    <DOB>May 15, 1962</DOB>
    <Email>JohnJSummers@rhyta.com</Email>
    <UserName>Onsid1962</UserName>
    <Website>spreadtheglo.com</Website>
    <Company />
    <Occupation>Excavating operator</Occupation>
    <HeightCM />
    <WeightKG>111.3</WeightKG>
    <BloodType>O+</BloodType>
    <Vehicle>1995 Oldsmobile Cutlass</Vehicle>
    <Color />
  </object>
</Users>