﻿<?xml version="1.0" encoding="utf-8"?>
<Users>
  <object>
    <Id>a75fe56a-4d8f-4712-8f13-267c035c540b</Id>
    <Name>Leroy M. Booth</Name>
    <Address>1044 Haven Lane</Address>
    <City>Lansing</City>
    <State>MI</State>
    <Zip>48933</Zip>
    <SSN>374-11-2815</SSN>
    <Location>42.670085, -84.584981</Location>
    <Phone>517-621-3647</Phone>
    <CountryCode>1</CountryCode>
    <DOB>June 25, 1966</DOB>
    <Email>LeroyMBooth@rhyta.com</Email>
    <UserName>Quichaved</UserName>
    <Website>armadamanpower.com</Website>
    <Company>Mr. Good Buys</Company>
    <Occupation>Cardiac and vascular nurse</Occupation>
    <HeightCM>182</HeightCM>
    <WeightKG>102.8</WeightKG>
    <BloodType>O+</BloodType>
    <Vehicle>1993 Lamborghini Diablo</Vehicle>
    <Color>Blue</Color>
  </object>
  <object>
    <Id>f82fcb53-da69-4c4d-ac4a-3fb6e3e4107a</Id>
    <Name>Bonnie J. Davis</Name>
    <Address>2487 Gore Street</Address>
    <City>Houston</City>
    <State>TX</State>
    <Zip>77002</Zip>
    <SSN>628-62-7691</SSN>
    <Location>29.727282, -95.386257</Location>
    <Phone>713-547-8178</Phone>
    <CountryCode>1</CountryCode>
    <DOB>June 18, 1944</DOB>
    <Email>BonnieJDavis@rhyta.com</Email>
    <UserName>Hiche1944</UserName>
    <Website>romeshiathomas.com</Website>
    <Company>Expo Superstore</Company>
    <Occupation>Environmental protection officer</Occupation>
    <HeightCM>155</HeightCM>
    <WeightKG>81.1</WeightKG>
    <BloodType>A+</BloodType>
    <Vehicle>2005 Saturn Curve</Vehicle>
    <Color>Purple</Color>
  </object>
  <object>
    <Id>584c256a-dbed-434b-acac-058f3641b392</Id>
    <Name>Willie L. Shropshire</Name>
    <Address>1694 Layman Court</Address>
    <City>Norcross</City>
    <State>GA</State>
    <Zip>30071</Zip>
    <SSN>675-07-9952</SSN>
    <Location>33.924102, -84.238898</Location>
    <Phone>678-299-2156</Phone>
    <CountryCode>1</CountryCode>
    <DOB>October 12, 1959</DOB>
    <Email>WillieLShropshire@dayrep.com</Email>
    <UserName>Forelut</UserName>
    <Website>woodfeilduni.com</Website>
    <Company>Life Map</Company>
    <Occupation>Wound, ostomy, and continence nurse</Occupation>
    <HeightCM>169</HeightCM>
    <WeightKG>81.9</WeightKG>
    <BloodType>O+</BloodType>
    <Vehicle>1997 Daihatsu Gran Move</Vehicle>
    <Color>White</Color>
  </object>
  <object>
    <Id>0ea5fd7c-3e1c-494a-a518-ac137a8aaf94</Id>
    <Name>Denise C. Ruby</Name>
    <Address>3892 Woodstock Drive</Address>
    <City>Pasadena</City>
    <State>CA</State>
    <Zip>91101</Zip>
    <SSN>569-35-7560</SSN>
    <Location>34.14532, -118.051826</Location>
    <Phone>626-564-5170</Phone>
    <CountryCode>1</CountryCode>
    <DOB>September 27, 1992</DOB>
    <Email>DeniseCRuby@armyspy.com</Email>
    <UserName>Counnoted</UserName>
    <Website>aobbrazilltd.com</Website>
    <Company>Afforda</Company>
    <Occupation>Adjudicator</Occupation>
    <HeightCM>157</HeightCM>
    <WeightKG>80.2</WeightKG>
    <BloodType>O+</BloodType>
    <Vehicle>1997 Ford F-150</Vehicle>
    <Color>Blue</Color>
  </object>
  <object>
    <Id>861fefdc-d4f5-4b51-b206-d42479a65fb2</Id>
    <Name>Michael D. Lockett</Name>
    <Address>1858 Tecumsah Lane</Address>
    <City>Shreveport</City>
    <State>LA</State>
    <Zip>71101</Zip>
    <SSN>433-58-7876</SSN>
    <Location>32.574289, -93.697349</Location>
    <Phone>318-902-7894</Phone>
    <CountryCode>1</CountryCode>
    <DOB>November 15, 1955</DOB>
    <Email>MichaelDLockett@armyspy.com</Email>
    <UserName>Harstin</UserName>
    <Website>koolhs.com</Website>
    <Company>Planet Profit</Company>
    <Occupation>Data entry clerk</Occupation>
    <HeightCM>181</HeightCM>
    <WeightKG>79.3</WeightKG>
    <BloodType>B+</BloodType>
    <Vehicle>2008 Volvo S60</Vehicle>
    <Color>Black</Color>
  </object>
  <object>
    <Id>a179374e-d4c0-4442-91e7-b21d5f5a2d69</Id>
    <Name>Samuel B. Etter</Name>
    <Address>2515 Byrd Lane</Address>
    <City>Metairie</City>
    <State>LA</State>
    <Zip>70007</Zip>
    <SSN>661-09-5203</SSN>
    <Location>29.995803, -90.172067</Location>
    <Phone>504-975-6528</Phone>
    <CountryCode>1</CountryCode>
    <DOB>February 16, 1971</DOB>
    <Email>SamuelBEtter@jourrapide.com</Email>
    <UserName>Hather71</UserName>
    <Website>bonalofty.com</Website>
    <Company>Great Western</Company>
    <Occupation>Conservation scientist</Occupation>
    <HeightCM>180</HeightCM>
    <WeightKG>104.1</WeightKG>
    <BloodType>A-</BloodType>
    <Vehicle>2012 Audi A3</Vehicle>
    <Color>Blue</Color>
  </object>
  <object>
    <Id>b0785cdb-8ef6-4843-970f-ff5a206f0ead</Id>
    <Name>Lauren B. Kelling</Name>
    <Address>219 Sweetwood Drive</Address>
    <City>Denver</City>
    <State>CO</State>
    <Zip>80202</Zip>
    <SSN>521-89-8855</SSN>
    <Location>39.683327, -104.967871</Location>
    <Phone>303-381-0119</Phone>
    <CountryCode>1</CountryCode>
    <DOB>November 10, 1969</DOB>
    <Email>LaurenBKelling@jourrapide.com</Email>
    <UserName>Lecladmands1969</UserName>
    <Website>sensattion.com</Website>
    <Company>Computer City</Company>
    <Occupation>Geotechnical engineer</Occupation>
    <HeightCM>164</HeightCM>
    <WeightKG>92.6</WeightKG>
    <BloodType>A+</BloodType>
    <Vehicle>1995 Opel Frontera</Vehicle>
    <Color>Green</Color>
  </object>
  <object>
    <Id>2089550b-033a-4738-a27a-e4d761fcda7d</Id>
    <Name>Lisa R. Winston</Name>
    <Address>4753 Hardesty Street</Address>
    <City>Albany</City>
    <State>NY</State>
    <Zip>12206</Zip>
    <SSN>092-66-8462</SSN>
    <Location>42.765103, -73.863602</Location>
    <Phone>518-438-8713</Phone>
    <CountryCode>1</CountryCode>
    <DOB>January 4, 1966</DOB>
    <Email>LisaRWinston@dayrep.com</Email>
    <UserName>Accandon</UserName>
    <Website>cruisinmamas.com</Website>
    <Company>Castro Convertibles</Company>
    <Occupation>Labor relations director</Occupation>
    <HeightCM>172</HeightCM>
    <WeightKG>94.1</WeightKG>
    <BloodType>O+</BloodType>
    <Vehicle>1992 Seat Marbella</Vehicle>
    <Color>Red</Color>
  </object>
  <object>
    <Id>9904cff2-487d-4030-8598-82f034615bc5</Id>
    <Name>Levi K. Greeson</Name>
    <Address>3146 Clay Street</Address>
    <City>Indianapolis</City>
    <State>IN</State>
    <Zip>46278</Zip>
    <SSN>312-03-7896</SSN>
    <Location>39.850045, -86.352506</Location>
    <Phone>317-420-8188</Phone>
    <CountryCode>1</CountryCode>
    <DOB>October 4, 1968</DOB>
    <Email>LeviKGreeson@teleworm.us</Email>
    <UserName>Airsed</UserName>
    <Website>pzyuude.com</Website>
    <Company>Platinum Interior Design</Company>
    <Occupation>Pointer</Occupation>
    <HeightCM>180</HeightCM>
    <WeightKG>111.2</WeightKG>
    <BloodType>O+</BloodType>
    <Vehicle>1992 Ford Tempo</Vehicle>
    <Color>Green</Color>
  </object>
  <object>
    <Id>00c2e5e4-6e75-47de-bb39-8713cf49c241</Id>
    <Name>Paul K. Ledesma</Name>
    <Address>4484 Corpening Drive</Address>
    <City>Pontiac</City>
    <State>MI</State>
    <Zip>48342</Zip>
    <SSN>372-58-4673</SSN>
    <Location>42.680248, -83.268702</Location>
    <Phone>248-454-8366</Phone>
    <CountryCode>1</CountryCode>
    <DOB>May 2, 1978</DOB>
    <Email>PaulKLedesma@dayrep.com</Email>
    <UserName>Floo1978</UserName>
    <Website>carinajapan.com</Website>
    <Company>Thriftway Food Mart</Company>
    <Occupation>Diagnostic medical sonographer</Occupation>
    <HeightCM>179</HeightCM>
    <WeightKG>65.9</WeightKG>
    <BloodType>B-</BloodType>
    <Vehicle>2000 Holden Commodore</Vehicle>
    <Color>Blue</Color>
  </object>
  <object>
    <Id>036bd1db-60ce-4e58-8bd8-1f24b281c35e</Id>
    <Name>Nancy R. Rosado</Name>
    <Address>3570 Duck Creek Road</Address>
    <City>Redwood City</City>
    <State>CA</State>
    <Zip>94063</Zip>
    <SSN>547-82-6691</SSN>
    <Location>37.477439, -122.148569</Location>
    <Phone>650-817-2173</Phone>
    <CountryCode>1</CountryCode>
    <DOB>February 11, 1950</DOB>
    <Email>NancyRRosado@armyspy.com</Email>
    <UserName>Scure1950</UserName>
    <Website>pleaseenroll.com</Website>
    <Company>Fit Tonic</Company>
    <Occupation>Emergency physician</Occupation>
    <HeightCM>153</HeightCM>
    <WeightKG>79.0</WeightKG>
    <BloodType>B+</BloodType>
    <Vehicle>2001 Aston Martin Vanquish</Vehicle>
    <Color>Purple</Color>
  </object>
  <object>
    <Id>e24ebf39-8009-4e94-94f4-91fe11995c41</Id>
    <Name>Belinda T. Silvey</Name>
    <Address>4805 Neuport Lane</Address>
    <City>Stone Mountain</City>
    <State>GA</State>
    <Zip>30085</Zip>
    <SSN>673-26-8105</SSN>
    <Location>33.817108, -84.263911</Location>
    <Phone>770-413-9257</Phone>
    <CountryCode>1</CountryCode>
    <DOB>May 6, 1933</DOB>
    <Email>BelindaTSilvey@dayrep.com</Email>
    <UserName>Alonds</UserName>
    <Website>bridsire.com</Website>
    <Company>Stratabiz</Company>
    <Occupation>Truck driver</Occupation>
    <HeightCM>158</HeightCM>
    <WeightKG>80.5</WeightKG>
    <BloodType>A+</BloodType>
    <Vehicle>2009 Lexus RX</Vehicle>
    <Color>Blue</Color>
  </object>
  <object>
    <Id>15a18285-bc6c-4511-a426-e22fcc6cbf52</Id>
    <Name>Lenore S. Short</Name>
    <Address>2703 Bernardo Street</Address>
    <City>Polk City</City>
    <State>FL</State>
    <Zip>33868</Zip>
    <SSN>267-43-7461</SSN>
    <Location>28.229059, -81.77709</Location>
    <Phone>813-220-8185</Phone>
    <CountryCode>1</CountryCode>
    <DOB>October 16, 1962</DOB>
    <Email>LenoreSShort@armyspy.com</Email>
    <UserName>Hoce1962</UserName>
    <Website>ddysh.com</Website>
    <Company>Stratacard</Company>
    <Occupation>Real estate agent</Occupation>
    <HeightCM>172</HeightCM>
    <WeightKG>104.1</WeightKG>
    <BloodType>A+</BloodType>
    <Vehicle>2002 Italdesign Buron</Vehicle>
    <Color>Purple</Color>
  </object>
  <object>
    <Id>edbfa284-5532-416b-96e5-17f0b12f1cf6</Id>
    <Name>Josephine G. Chapman</Name>
    <Address>1438 Fire Access Road</Address>
    <City>Elkin</City>
    <State>NC</State>
    <Zip>28621</Zip>
    <SSN>681-10-8903</SSN>
    <Location>36.386626, -80.704647</Location>
    <Phone>336-927-9179</Phone>
    <CountryCode>1</CountryCode>
    <DOB>December 15, 1958</DOB>
    <Email>JosephineGChapman@teleworm.us</Email>
    <UserName>Diater</UserName>
    <Website>ecfloral.com</Website>
    <Company>Kragen Auto Parts</Company>
    <Occupation>Title searcher</Occupation>
    <HeightCM>162</HeightCM>
    <WeightKG>75.2</WeightKG>
    <BloodType>O+</BloodType>
    <Vehicle>2010 BMW 650</Vehicle>
    <Color>Red</Color>
  </object>
  <object>
    <Id>36d21fc7-6221-4471-a929-b0629f72137d</Id>
    <Name>Miquel K. Whitehurst</Name>
    <Address>187 Angie Drive</Address>
    <City>Los Angeles</City>
    <State>CA</State>
    <Zip>90017</Zip>
    <SSN>609-48-5010</SSN>
    <Location>33.956258, -118.220805</Location>
    <Phone>714-946-5817</Phone>
    <CountryCode>1</CountryCode>
    <DOB>October 19, 1935</DOB>
    <Email>MiquelKWhitehurst@jourrapide.com</Email>
    <UserName>Youthis</UserName>
    <Website>mindpwn.com</Website>
    <Company>Hills Supermarkets</Company>
    <Occupation>Time clerk</Occupation>
    <HeightCM>166</HeightCM>
    <WeightKG>72.0</WeightKG>
    <BloodType>B+</BloodType>
    <Vehicle>2005 Mahindra Bolero</Vehicle>
    <Color>Blue</Color>
  </object>
  <object>
    <Id>3ea30916-7441-458e-80de-44aa3ba5c49a</Id>
    <Name>Dana D. Williams</Name>
    <Address>203 Oakdale Avenue</Address>
    <City>Polk City</City>
    <State>FL</State>
    <Zip>33868</Zip>
    <SSN>261-56-5879</SSN>
    <Location>28.275559, -81.818312</Location>
    <Phone>863-602-3427</Phone>
    <CountryCode>1</CountryCode>
    <DOB>February 22, 1979</DOB>
    <Email>DanaDWilliams@armyspy.com</Email>
    <UserName>Entse1979</UserName>
    <Website>happyvscrappy.com</Website>
    <Company>Weatherill's</Company>
    <Occupation>Genetics nurse</Occupation>
    <HeightCM>157</HeightCM>
    <WeightKG>74.6</WeightKG>
    <BloodType>B+</BloodType>
    <Vehicle>1994 Citroen C 15</Vehicle>
    <Color>Blue</Color>
  </object>
  <object>
    <Id>5a1b177d-8388-4770-8fb9-e3e6ece4c7c8</Id>
    <Name>Liza H. Sparks</Name>
    <Address>217 Par Drive</Address>
    <City>Santa Barbara</City>
    <State>CA</State>
    <Zip>93101</Zip>
    <SSN>567-69-4075</SSN>
    <Location>34.413532, -119.732883</Location>
    <Phone>805-863-7984</Phone>
    <CountryCode>1</CountryCode>
    <DOB>July 29, 1940</DOB>
    <Email>LizaHSparks@rhyta.com</Email>
    <UserName>Tharang</UserName>
    <Website>moneyonthegame.com</Website>
    <Company>Practi-Plan</Company>
    <Occupation>Financial examiner</Occupation>
    <HeightCM>152</HeightCM>
    <WeightKG>68.0</WeightKG>
    <BloodType>A+</BloodType>
    <Vehicle>1995 BMW M3</Vehicle>
    <Color>Green</Color>
  </object>
  <object>
    <Id>c27cd1d9-125c-48fc-a07e-bcc44a146728</Id>
    <Name>Wilfred H. Berg</Name>
    <Address>4589 Prospect Valley Road</Address>
    <City>Gardena</City>
    <State>CA</State>
    <Zip>90248</Zip>
    <SSN>607-18-9022</SSN>
    <Location>33.825178, -118.304961</Location>
    <Phone>310-990-8953</Phone>
    <CountryCode>1</CountryCode>
    <DOB>December 3, 1998</DOB>
    <Email>WilfredHBerg@teleworm.us</Email>
    <UserName>Thempailoved</UserName>
    <Website>jjreventures.com</Website>
    <Company>The Jolly Farmer</Company>
    <Occupation>Interior decorator</Occupation>
    <HeightCM>186</HeightCM>
    <WeightKG>80.0</WeightKG>
    <BloodType>A+</BloodType>
    <Vehicle>2004 Opel Corsa</Vehicle>
    <Color>Blue</Color>
  </object>
  <object>
    <Id>7a3483e6-2d38-4305-8bba-9dc8467e2922</Id>
    <Name>William V. Jackson</Name>
    <Address>961 Parkway Drive</Address>
    <City>Tucson</City>
    <State>AZ</State>
    <Zip>85712</Zip>
    <SSN>601-15-3612</SSN>
    <Location>32.202926, -110.874383</Location>
    <Phone>520-404-7644</Phone>
    <CountryCode>1</CountryCode>
    <DOB>April 22, 1960</DOB>
    <Email>WilliamVJackson@jourrapide.com</Email>
    <UserName>Sistookeed</UserName>
    <Website>tvwsftj.com</Website>
    <Company>Pro-Care Garden Maintenance</Company>
    <Occupation>Freight agent</Occupation>
    <HeightCM>169</HeightCM>
    <WeightKG>104.5</WeightKG>
    <BloodType>AB+</BloodType>
    <Vehicle>1992 Volvo 460</Vehicle>
    <Color>Blue</Color>
  </object>
  <object>
    <Id>8a51caf7-7cdb-4f59-b0f5-2a6ec8834672</Id>
    <Name>Alfredo M. Mathis</Name>
    <Address>2534 McVaney Road</Address>
    <City>Asheville</City>
    <State>NC</State>
    <Zip>28801</Zip>
    <SSN>239-26-6280</SSN>
    <Location>35.518674, -82.565514</Location>
    <Phone>828-299-4374</Phone>
    <CountryCode>1</CountryCode>
    <DOB>January 15, 1957</DOB>
    <Email>AlfredoMMathis@teleworm.us</Email>
    <UserName>Dusted</UserName>
    <Website>ghafariesg.com</Website>
    <Company>Sholl's Colonial Cafeteria</Company>
    <Occupation>Geographer</Occupation>
    <HeightCM>167</HeightCM>
    <WeightKG>75.3</WeightKG>
    <BloodType>B+</BloodType>
    <Vehicle>2005 Nissan Xterra</Vehicle>
    <Color>Blue</Color>
  </object>
  <object>
    <Id>4cf31cd3-b1c1-4aac-a765-67a97e7bee3e</Id>
    <Name>Michael S. Grieve</Name>
    <Address>2719 Kyle Street</Address>
    <City>Mccook</City>
    <State>NE</State>
    <Zip>69001</Zip>
    <SSN>506-24-4429</SSN>
    <Location>40.187332, -100.701456</Location>
    <Phone>308-378-9328</Phone>
    <CountryCode>1</CountryCode>
    <DOB>June 16, 1966</DOB>
    <Email>MichaelSGrieve@dayrep.com</Email>
    <UserName>Pationol</UserName>
    <Website>dedicatedschool.com</Website>
    <Company>Liberty Wealth Planner</Company>
    <Occupation>Mental health aide</Occupation>
    <HeightCM>169</HeightCM>
    <WeightKG>74.6</WeightKG>
    <BloodType>O+</BloodType>
    <Vehicle>1995 Rover 800</Vehicle>
    <Color>Blue</Color>
  </object>
  <object>
    <Id>3f4249ac-a8c7-4f4b-b0bb-61e8b4924a73</Id>
    <Name>Rosa J. McConnell</Name>
    <Address>1085 Arthur Avenue</Address>
    <City>Dekalb</City>
    <State>IL</State>
    <Zip>60115</Zip>
    <SSN>356-12-7424</SSN>
    <Location>41.815905, -88.781388</Location>
    <Phone>815-862-7744</Phone>
    <CountryCode>1</CountryCode>
    <DOB>July 15, 1969</DOB>
    <Email>RosaJMcConnell@rhyta.com</Email>
    <UserName>Intecanothe</UserName>
    <Website>ensamblewinebar.com</Website>
    <Company>Simply Appraisals</Company>
    <Occupation>Athletic trainer</Occupation>
    <HeightCM>170</HeightCM>
    <WeightKG>84.7</WeightKG>
    <BloodType>A-</BloodType>
    <Vehicle>2012 Chrysler Voyager</Vehicle>
    <Color>Black</Color>
  </object>
  <object>
    <Id>78e6e62b-7f0b-4348-85e9-99fdf8a94ade</Id>
    <Name>Maritza R. Hawks</Name>
    <Address>3698 Boundary Street</Address>
    <City>Jacksonville</City>
    <State>FL</State>
    <Zip>32218</Zip>
    <SSN>768-30-1542</SSN>
    <Location>30.495696, -81.659548</Location>
    <Phone>904-696-0322</Phone>
    <CountryCode>1</CountryCode>
    <DOB>January 22, 1960</DOB>
    <Email>MaritzaRHawks@armyspy.com</Email>
    <UserName>Ottelf</UserName>
    <Website>tanjaktiara.com</Website>
    <Company>Rhodes Furniture</Company>
    <Occupation>Meteorologist</Occupation>
    <HeightCM>167</HeightCM>
    <WeightKG>53.8</WeightKG>
    <BloodType>O+</BloodType>
    <Vehicle>2002 Mitsubishi Space Liner</Vehicle>
    <Color>Green</Color>
  </object>
  <object>
    <Id>db10f927-7379-4b91-b44a-ab497c3a8464</Id>
    <Name>William S. Sanchez</Name>
    <Address>3663 Waldeck Street</Address>
    <City>Dallas</City>
    <State>TX</State>
    <Zip>75212</Zip>
    <SSN>460-28-4211</SSN>
    <Location>32.873278, -96.787753</Location>
    <Phone>817-425-2028</Phone>
    <CountryCode>1</CountryCode>
    <DOB>June 14, 1942</DOB>
    <Email>WilliamSSanchez@armyspy.com</Email>
    <UserName>Behearring1942</UserName>
    <Website>atenascollege.com</Website>
    <Company>Builders Square</Company>
    <Occupation>Grounds maintenance worker</Occupation>
    <HeightCM>171</HeightCM>
    <WeightKG>64.4</WeightKG>
    <BloodType>A+</BloodType>
    <Vehicle>1996 Volkswagen Cabriolet</Vehicle>
    <Color>Blue</Color>
  </object>
  <object>
    <Id>492c4f31-ea7a-4295-9874-5c39529b9ea1</Id>
    <Name>Dorothy S. Weedman</Name>
    <Address>3286 Pleasant Hill Road</Address>
    <City>Boca Raton</City>
    <State>FL</State>
    <Zip>33487</Zip>
    <SSN>771-36-4697</SSN>
    <Location>26.394124, -80.068737</Location>
    <Phone>561-988-3619</Phone>
    <CountryCode>1</CountryCode>
    <DOB>January 5, 1979</DOB>
    <Email>DorothySWeedman@rhyta.com</Email>
    <UserName>Theremings</UserName>
    <Website>xiaotuhe.com</Website>
    <Company>Megatronic</Company>
    <Occupation>Longshoremen</Occupation>
    <HeightCM>167</HeightCM>
    <WeightKG>72.8</WeightKG>
    <BloodType>A+</BloodType>
    <Vehicle>1996 Fiat Tempra</Vehicle>
    <Color>Purple</Color>
  </object>
  <object>
    <Id>02d14761-450a-4636-91d9-a867c4adbf9c</Id>
    <Name>Lisa J. Ector</Name>
    <Address>1688 Hamilton Drive</Address>
    <City>Hitchcock</City>
    <State>TX</State>
    <Zip>77563</Zip>
    <SSN>645-98-1745</SSN>
    <Location>29.231947, -94.9394</Location>
    <Phone>409-978-4311</Phone>
    <CountryCode>1</CountryCode>
    <DOB>May 14, 1988</DOB>
    <Email>LisaJEctor@dayrep.com</Email>
    <UserName>Whapin</UserName>
    <Website>allialimousines.com</Website>
    <Company>Sandy's</Company>
    <Occupation>Marine electronics technician</Occupation>
    <HeightCM>170</HeightCM>
    <WeightKG>96.4</WeightKG>
    <BloodType>A+</BloodType>
    <Vehicle>1999 Mercedes-Benz ML</Vehicle>
    <Color>Purple</Color>
  </object>
  <object>
    <Id>b0c4c411-36b0-432f-955c-08b9ff35c8c2</Id>
    <Name>Betty M. Friedman</Name>
    <Address>1886 Fincham Road</Address>
    <City>Carlsbad</City>
    <State>CA</State>
    <Zip>92009</Zip>
    <SSN>546-64-7549</SSN>
    <Location>33.166764, -117.313037</Location>
    <Phone>760-458-6351</Phone>
    <CountryCode>1</CountryCode>
    <DOB>June 3, 1950</DOB>
    <Email>BettyMFriedman@jourrapide.com</Email>
    <UserName>Froce1950</UserName>
    <Website>bivolucion.com</Website>
    <Company>Wetson's</Company>
    <Occupation>Author</Occupation>
    <HeightCM>169</HeightCM>
    <WeightKG>70.2</WeightKG>
    <BloodType>O+</BloodType>
    <Vehicle>1996 Hyundai Lantra</Vehicle>
    <Color>Red</Color>
  </object>
  <object>
    <Id>ae2c3877-b4f6-42e5-99fc-98862b292284</Id>
    <Name>James A. Anderson</Name>
    <Address>3969 Canis Heights Drive</Address>
    <City>Los Angeles</City>
    <State>CA</State>
    <Zip>90007</Zip>
    <SSN>546-68-7221</SSN>
    <Location>34.071541, -118.220427</Location>
    <Phone>213-749-7319</Phone>
    <CountryCode>1</CountryCode>
    <DOB>October 22, 1935</DOB>
    <Email>JamesAAnderson@armyspy.com</Email>
    <UserName>Trou1935</UserName>
    <Website>weiyangphoto.com</Website>
    <Company>O.K. Fairbanks</Company>
    <Occupation>Technical trainer</Occupation>
    <HeightCM>164</HeightCM>
    <WeightKG>66.2</WeightKG>
    <BloodType>O+</BloodType>
    <Vehicle>1998 SsangYong Chairman H</Vehicle>
    <Color>White</Color>
  </object>
  <object>
    <Id>b8fe9a92-b983-4ce2-8bc4-b14aa70b7d08</Id>
    <Name>John B. Petterson</Name>
    <Address>2993 Cherry Camp Road</Address>
    <City>Lombard</City>
    <State>IL</State>
    <Zip>60148</Zip>
    <SSN>345-36-3549</SSN>
    <Location>41.871827, -87.962089</Location>
    <Phone>773-443-2745</Phone>
    <CountryCode>1</CountryCode>
    <DOB>May 27, 1990</DOB>
    <Email>JohnBPetterson@teleworm.us</Email>
    <UserName>Conot1990</UserName>
    <Website>efixus.com</Website>
    <Company>First Choice Yard Help</Company>
    <Occupation>Game warden</Occupation>
    <HeightCM>183</HeightCM>
    <WeightKG>108.1</WeightKG>
    <BloodType>A+</BloodType>
    <Vehicle>2002 Peugeot 406</Vehicle>
    <Color>Black</Color>
  </object>
  <object>
    <Id>a8ac046d-f2de-4f22-8f78-ddaed1b952f3</Id>
    <Name>Victor L. Colgan</Name>
    <Address>1320 Pickens Way</Address>
    <City>Pecan Gap</City>
    <State>TX</State>
    <Zip>75469</Zip>
    <SSN>627-58-9322</SSN>
    <Location>33.388761, -95.755828</Location>
    <Phone>903-359-4771</Phone>
    <CountryCode>1</CountryCode>
    <DOB>November 14, 1988</DOB>
    <Email>VictorLColgan@rhyta.com</Email>
    <UserName>Theirse</UserName>
    <Website>burnavononline.com</Website>
    <Company>Britches of Georgetown</Company>
    <Occupation>Physicist</Occupation>
    <HeightCM>178</HeightCM>
    <WeightKG>105.4</WeightKG>
    <BloodType>A+</BloodType>
    <Vehicle>2010 Lincoln MKX</Vehicle>
    <Color>Blue</Color>
  </object>
  <object>
    <Id>55b03204-7fbb-4560-85fd-bc04b073d6fd</Id>
    <Name>Donald M. Miller</Name>
    <Address>1695 McDowell Street</Address>
    <City>Nashville</City>
    <State>TN</State>
    <Zip>37238</Zip>
    <SSN>414-48-7158</SSN>
    <Location>36.089602, -86.85991</Location>
    <Phone>931-295-6730</Phone>
    <CountryCode>1</CountryCode>
    <DOB>September 18, 1953</DOB>
    <Email>DonaldMMiller@teleworm.us</Email>
    <UserName>Dulaying</UserName>
    <Website>cdlists.com</Website>
    <Company>Janeville</Company>
    <Occupation>Print binding and finishing worker</Occupation>
    <HeightCM>178</HeightCM>
    <WeightKG>93.5</WeightKG>
    <BloodType>O+</BloodType>
    <Vehicle>2012 Chevrolet Impala</Vehicle>
    <Color>White</Color>
  </object>
  <object>
    <Id>30ddeaf9-d9b2-4ef6-9210-2226305593a7</Id>
    <Name>Roland M. Heath</Name>
    <Address>3581 Radford Street</Address>
    <City>Louisville</City>
    <State>KY</State>
    <Zip>40202</Zip>
    <SSN>407-19-7577</SSN>
    <Location>38.318243, -85.738723</Location>
    <Phone>502-257-6266</Phone>
    <CountryCode>1</CountryCode>
    <DOB>March 26, 1983</DOB>
    <Email>RolandMHeath@rhyta.com</Email>
    <UserName>Marm1983</UserName>
    <Website>addsavvysave.com</Website>
    <Company>Mostow Co.</Company>
    <Occupation>Environmental chemist</Occupation>
    <HeightCM>176</HeightCM>
    <WeightKG>91.1</WeightKG>
    <BloodType>A+</BloodType>
    <Vehicle>2012 SsangYong Rodius</Vehicle>
    <Color>Blue</Color>
  </object>
  <object>
    <Id>a1491d0d-6f5e-4447-bc48-b169f32d1c72</Id>
    <Name>Wilma M. Estes</Name>
    <Address>3113 Nuzum Court</Address>
    <City>Buffalo</City>
    <State>NY</State>
    <Zip>14202</Zip>
    <SSN>099-82-1816</SSN>
    <Location>42.860713, -78.840724</Location>
    <Phone>716-541-9530</Phone>
    <CountryCode>1</CountryCode>
    <DOB>March 16, 1983</DOB>
    <Email>WilmaMEstes@rhyta.com</Email>
    <UserName>Shouratied</UserName>
    <Website>emojicp.com</Website>
    <Company>Sounds Great, Inc</Company>
    <Occupation>Product designer</Occupation>
    <HeightCM>167</HeightCM>
    <WeightKG>76.1</WeightKG>
    <BloodType>B+</BloodType>
    <Vehicle>2001 Ford Ranger</Vehicle>
    <Color>Blue</Color>
  </object>
  <object>
    <Id>48b7a227-d8a1-4903-a922-4d7180dcb671</Id>
    <Name>Barbara M. Astudillo</Name>
    <Address>3711 Devils Hill Road</Address>
    <City>Jackson</City>
    <State>MS</State>
    <Zip>39201</Zip>
    <SSN>427-62-6548</SSN>
    <Location>32.335105, -90.119477</Location>
    <Phone>601-861-8871</Phone>
    <CountryCode>1</CountryCode>
    <DOB>August 14, 1963</DOB>
    <Email>BarbaraMAstudillo@teleworm.us</Email>
    <UserName>Hagerre</UserName>
    <Website>downloadidea.com</Website>
    <Company>National Record Mart</Company>
    <Occupation>Team assembler</Occupation>
    <HeightCM>160</HeightCM>
    <WeightKG>74.7</WeightKG>
    <BloodType>O+</BloodType>
    <Vehicle>1999 BMW 323</Vehicle>
    <Color>Purple</Color>
  </object>
  <object>
    <Id>28c14934-aabb-4aab-99e7-64df90650b0a</Id>
    <Name>Mike M. Santoro</Name>
    <Address>3419 Nixon Avenue</Address>
    <City>Mansfield</City>
    <State>OH</State>
    <Zip>44907</Zip>
    <SSN>283-20-3200</SSN>
    <Location>40.796256, -82.538878</Location>
    <Phone>419-989-6066</Phone>
    <CountryCode>1</CountryCode>
    <DOB>March 20, 1960</DOB>
    <Email>MikeMSantoro@armyspy.com</Email>
    <UserName>Aniused</UserName>
    <Website>elreader.com</Website>
    <Company>National Hardgoods Distributors</Company>
    <Occupation>Songwriter</Occupation>
    <HeightCM>183</HeightCM>
    <WeightKG>67.7</WeightKG>
    <BloodType>B+</BloodType>
    <Vehicle>1993 Honda Civic Del Sol</Vehicle>
    <Color>Green</Color>
  </object>
  <object>
    <Id>89997bfd-c834-42e9-a61f-1f7b72b09ce9</Id>
    <Name>Eugene L. Horrocks</Name>
    <Address>4410 Wildrose Lane</Address>
    <City>Detroit</City>
    <State>MI</State>
    <Zip>48219</Zip>
    <SSN>372-60-7598</SSN>
    <Location>42.505339, -83.313117</Location>
    <Phone>313-808-0688</Phone>
    <CountryCode>1</CountryCode>
    <DOB>June 24, 1939</DOB>
    <Email>EugeneLHorrocks@teleworm.us</Email>
    <UserName>Lacial</UserName>
    <Website>erictonline.com</Website>
    <Company>Chief Auto Parts</Company>
    <Occupation>Administrative director</Occupation>
    <HeightCM>174</HeightCM>
    <WeightKG>102.2</WeightKG>
    <BloodType>AB+</BloodType>
    <Vehicle>2002 Honda Torneo</Vehicle>
    <Color>Blue</Color>
  </object>
  <object>
    <Id>182f10d5-63c5-4102-9714-96415dfe0236</Id>
    <Name>Lovie R. Landwehr</Name>
    <Address>837 Cottrill Lane</Address>
    <City>Saint Louis</City>
    <State>MO</State>
    <Zip>63146</Zip>
    <SSN>495-90-3479</SSN>
    <Location>38.668898, -90.550004</Location>
    <Phone>314-430-8734</Phone>
    <CountryCode>1</CountryCode>
    <DOB>December 14, 1962</DOB>
    <Email>LovieRLandwehr@armyspy.com</Email>
    <UserName>Wateram</UserName>
    <Website>pmezgvz.com</Website>
    <Company>Sistemos</Company>
    <Occupation>Compensation manager</Occupation>
    <HeightCM>162</HeightCM>
    <WeightKG>79.4</WeightKG>
    <BloodType>A+</BloodType>
    <Vehicle>1995 Mazda 121</Vehicle>
    <Color>Red</Color>
  </object>
  <object>
    <Id>45f3a41c-9689-425f-bb5b-9d35a7261f24</Id>
    <Name>Bobby K. Hollar</Name>
    <Address>1780 Williams Mine Road</Address>
    <City>Newark</City>
    <State>NJ</State>
    <Zip>07102</Zip>
    <SSN>137-92-4267</SSN>
    <Location>40.772494, -74.15852</Location>
    <Phone>908-228-9481</Phone>
    <CountryCode>1</CountryCode>
    <DOB>February 26, 1956</DOB>
    <Email>BobbyKHollar@armyspy.com</Email>
    <UserName>Bervelp</UserName>
    <Website>bmhostelgroup.com</Website>
    <Company>Parklane Hosiery</Company>
    <Occupation>Operations analyst</Occupation>
    <HeightCM>172</HeightCM>
    <WeightKG>73.7</WeightKG>
    <BloodType>O+</BloodType>
    <Vehicle>2006 Mitsubishi Grandis</Vehicle>
    <Color>Blue</Color>
  </object>
  <object>
    <Id>e6321c57-aa5e-479c-852b-7d57a04def02</Id>
    <Name>Hattie J. Ramos</Name>
    <Address>2695 Buck Drive</Address>
    <City>South Burlington</City>
    <State>VT</State>
    <Zip>05403</Zip>
    <SSN>009-58-8903</SSN>
    <Location>44.472715, -73.171402</Location>
    <Phone>802-231-8769</Phone>
    <CountryCode>1</CountryCode>
    <DOB>August 1, 1992</DOB>
    <Email>HattieJRamos@armyspy.com</Email>
    <UserName>Pardisturn</UserName>
    <Website>HoneymoonBooking.com</Website>
    <Company>Naugles</Company>
    <Occupation>Optical goods worker</Occupation>
    <HeightCM>171</HeightCM>
    <WeightKG>70.0</WeightKG>
    <BloodType>A+</BloodType>
    <Vehicle>2005 Suzuki Aerio</Vehicle>
    <Color>Blue</Color>
  </object>
  <object>
    <Id>7308a249-f845-489e-b4e0-dd524e9ca569</Id>
    <Name>Brandie E. Lampkin</Name>
    <Address>2959 Maloy Court</Address>
    <City>Hays</City>
    <State>KS</State>
    <Zip>67601</Zip>
    <SSN>511-18-1480</SSN>
    <Location>38.966374, -99.410701</Location>
    <Phone>785-470-6151</Phone>
    <CountryCode>1</CountryCode>
    <DOB>June 15, 1970</DOB>
    <Email>BrandieELampkin@jourrapide.com</Email>
    <UserName>Foraver</UserName>
    <Website>batchpostlr.com</Website>
    <Company>I. Magnin</Company>
    <Occupation>Research psychologist</Occupation>
    <HeightCM>154</HeightCM>
    <WeightKG>90.5</WeightKG>
    <BloodType>B+</BloodType>
    <Vehicle>1999 Renault Megan</Vehicle>
    <Color>Purple</Color>
  </object>
  <object>
    <Id>cc3c8b2f-ac7f-499d-85ae-63eeb74d48e5</Id>
    <Name>Jose E. Frances</Name>
    <Address>2481 Lake Forest Drive</Address>
    <City>Kansas City</City>
    <State>KS</State>
    <Zip>66210</Zip>
    <SSN>513-22-1432</SSN>
    <Location>39.133396, -94.78778</Location>
    <Phone>913-915-8926</Phone>
    <CountryCode>1</CountryCode>
    <DOB>May 31, 1992</DOB>
    <Email>JoseEFrances@jourrapide.com</Email>
    <UserName>Moseloway</UserName>
    <Website>barmecidea.com</Website>
    <Company>Pro Garden Management</Company>
    <Occupation>Lift truck operator</Occupation>
    <HeightCM>189</HeightCM>
    <WeightKG>97.9</WeightKG>
    <BloodType>A+</BloodType>
    <Vehicle>2005 Porsche GT2</Vehicle>
    <Color>Blue</Color>
  </object>
  <object>
    <Id>6a650c25-af71-4776-b4ad-ca4c3d4cddb6</Id>
    <Name>Ronald M. Carter</Name>
    <Address>3617 Virgil Street</Address>
    <City>Panama City</City>
    <State>FL</State>
    <Zip>32401</Zip>
    <SSN>769-01-1697</SSN>
    <Location>30.11677, -85.651278</Location>
    <Phone>850-257-1322</Phone>
    <CountryCode>1</CountryCode>
    <DOB>September 21, 1937</DOB>
    <Email>RonaldMCarter@jourrapide.com</Email>
    <UserName>Bections</UserName>
    <Website>niccimack.com</Website>
    <Company>Mars Music</Company>
    <Occupation>Furniture finisher</Occupation>
    <HeightCM>176</HeightCM>
    <WeightKG>72.3</WeightKG>
    <BloodType>A+</BloodType>
    <Vehicle>2000 Toyota GT1</Vehicle>
    <Color>Blue</Color>
  </object>
  <object>
    <Id>d22d6cef-561a-41d0-9313-b277125669fe</Id>
    <Name>Samuel M. Rodgers</Name>
    <Address>3542 Davis Court</Address>
    <City>Shobonier</City>
    <State>IL</State>
    <Zip>62885</Zip>
    <SSN>352-84-3412</SSN>
    <Location>38.933309, -88.967832</Location>
    <Phone>618-846-5439</Phone>
    <CountryCode>1</CountryCode>
    <DOB>December 17, 1976</DOB>
    <Email>SamuelMRodgers@armyspy.com</Email>
    <UserName>Confuld1976</UserName>
    <Website>rmgpam.com</Website>
    <Company>Farrell's Ice Cream Parlour</Company>
    <Occupation>Actor</Occupation>
    <HeightCM>182</HeightCM>
    <WeightKG>85.0</WeightKG>
    <BloodType>O+</BloodType>
    <Vehicle>2009 Renault Grand Scenic</Vehicle>
    <Color>Brown</Color>
  </object>
  <object>
    <Id>373d378d-5b2e-430f-a967-37892ef77053</Id>
    <Name>George C. Townsend</Name>
    <Address>3916 Tennessee Avenue</Address>
    <City>Pontiac</City>
    <State>MI</State>
    <Zip>48342</Zip>
    <SSN>381-54-8261</SSN>
    <Location>42.739983, -83.274695</Location>
    <Phone>248-253-3845</Phone>
    <CountryCode>1</CountryCode>
    <DOB>May 7, 1948</DOB>
    <Email>GeorgeCTownsend@dayrep.com</Email>
    <UserName>Swel1948</UserName>
    <Website>rafacristo.com</Website>
    <Company>Blockbuster Music</Company>
    <Occupation>General practitioner</Occupation>
    <HeightCM>184</HeightCM>
    <WeightKG>88.2</WeightKG>
    <BloodType>B+</BloodType>
    <Vehicle>2010 Lada 111</Vehicle>
    <Color>Silver</Color>
  </object>
  <object>
    <Id>09c05f08-6aae-405f-816e-2d6f14b4dfd0</Id>
    <Name>Walter J. Durrett</Name>
    <Address>1152 Joseph Street</Address>
    <City>New Berlin</City>
    <State>WI</State>
    <Zip>53151</Zip>
    <SSN>395-96-6087</SSN>
    <Location>43.007083, -88.049935</Location>
    <Phone>262-751-8111</Phone>
    <CountryCode>1</CountryCode>
    <DOB>March 3, 1953</DOB>
    <Email>WalterJDurrett@teleworm.us</Email>
    <UserName>Whountlence</UserName>
    <Website>penangcitizen.com</Website>
    <Company>Signa Air</Company>
    <Occupation>Management assistant</Occupation>
    <HeightCM>167</HeightCM>
    <WeightKG>81.1</WeightKG>
    <BloodType>O+</BloodType>
    <Vehicle>1994 Jeep Grand Cherokee</Vehicle>
    <Color>Blue</Color>
  </object>
  <object>
    <Id>0bea74cf-ed51-41a8-bc52-bb4c952e7186</Id>
    <Name>Louella J. Soto</Name>
    <Address>1305 Meadow View Drive</Address>
    <City>Hartford</City>
    <State>CT</State>
    <Zip>06103</Zip>
    <SSN>049-46-3275</SSN>
    <Location>41.679598, -72.683252</Location>
    <Phone>860-473-0045</Phone>
    <CountryCode>1</CountryCode>
    <DOB>February 8, 1946</DOB>
    <Email>LouellaJSoto@jourrapide.com</Email>
    <UserName>Stateen</UserName>
    <Website>objectigee.com</Website>
    <Company>Gemco</Company>
    <Occupation>Counselor</Occupation>
    <HeightCM>151</HeightCM>
    <WeightKG>79.7</WeightKG>
    <BloodType>B+</BloodType>
    <Vehicle>2014 Toyota RAV4</Vehicle>
    <Color>Yellow</Color>
  </object>
  <object>
    <Id>cbe21818-3de2-43f5-b582-cc17fc774a0e</Id>
    <Name>James K. Simmons</Name>
    <Address>2910 Marietta Street</Address>
    <City>Vallejo</City>
    <State>CA</State>
    <Zip>94590</Zip>
    <SSN>556-37-4149</SSN>
    <Location>38.170706, -122.193346</Location>
    <Phone>707-557-0992</Phone>
    <CountryCode>1</CountryCode>
    <DOB>March 29, 1950</DOB>
    <Email>JamesKSimmons@armyspy.com</Email>
    <UserName>Lableason</UserName>
    <Website>nuzulu.com</Website>
    <Company>Afterthoughts</Company>
    <Occupation>Personnel technician</Occupation>
    <HeightCM>172</HeightCM>
    <WeightKG>107.2</WeightKG>
    <BloodType>A+</BloodType>
    <Vehicle>2000 Ford Windstar</Vehicle>
    <Color>Blue</Color>
  </object>
  <object>
    <Id>a60b9d2a-c366-4c61-8c0f-b52fc8cb5190</Id>
    <Name>Timothy J. Parker</Name>
    <Address>4056 Goff Avenue</Address>
    <City>Grand Rapids</City>
    <State>MI</State>
    <Zip>49503</Zip>
    <SSN>374-62-1007</SSN>
    <Location>42.85949, -85.628643</Location>
    <Phone>269-615-2881</Phone>
    <CountryCode>1</CountryCode>
    <DOB>March 21, 1962</DOB>
    <Email>TimothyJParker@rhyta.com</Email>
    <UserName>Pappinging</UserName>
    <Website>newestwebbers.com</Website>
    <Company>Dun Rite Lawn Maintenance</Company>
    <Occupation>Community health educator</Occupation>
    <HeightCM>176</HeightCM>
    <WeightKG>77.1</WeightKG>
    <BloodType>O-</BloodType>
    <Vehicle>2001 Toyota BB</Vehicle>
    <Color>Blue</Color>
  </object>
  <object>
    <Id>953256f4-3a77-4ea9-9c90-3e53a5c33fca</Id>
    <Name>Mildred W. Ross</Name>
    <Address>2919 Gerald L. Bates Drive</Address>
    <City>Waltham</City>
    <State>MA</State>
    <Zip>02154</Zip>
    <SSN>022-44-4653</SSN>
    <Location>42.361281, -71.224175</Location>
    <Phone>617-838-4658</Phone>
    <CountryCode>1</CountryCode>
    <DOB>March 26, 1985</DOB>
    <Email>MildredWRoss@teleworm.us</Email>
    <UserName>Wereaujubmis</UserName>
    <Website>ativasoftwares.com</Website>
    <Company>Crandall's Fine Furniture</Company>
    <Occupation>Landscape contractor</Occupation>
    <HeightCM>156</HeightCM>
    <WeightKG>75.0</WeightKG>
    <BloodType>B+</BloodType>
    <Vehicle>2002 Dodge Neon</Vehicle>
    <Color>Blue</Color>
  </object>
  <object>
    <Id>daaa7738-2b48-4bff-854e-eb4ebd93413a</Id>
    <Name>Rebecca R. Herrera</Name>
    <Address>3970 Nelm Street</Address>
    <City>Beltsville</City>
    <State>VA</State>
    <Zip>20705</Zip>
    <SSN>227-17-9617</SSN>
    <Location>39.122957, -76.898167</Location>
    <Phone>571-275-3871</Phone>
    <CountryCode>1</CountryCode>
    <DOB>May 6, 1946</DOB>
    <Email>RebeccaRHerrera@dayrep.com</Email>
    <UserName>Nobosen</UserName>
    <Website>NewsTutorial.com</Website>
    <Company>Pak and Save</Company>
    <Occupation>Cable line installer</Occupation>
    <HeightCM>158</HeightCM>
    <WeightKG>94.7</WeightKG>
    <BloodType>O+</BloodType>
    <Vehicle>2010 BMW 650</Vehicle>
    <Color>Blue</Color>
  </object>
  <object>
    <Id>b5d18d56-05df-4a02-9050-90cce100274d</Id>
    <Name>Owen L. Kirwan</Name>
    <Address>4199 Copperhead Road</Address>
    <City>Cromwell</City>
    <State>CT</State>
    <Zip>06416</Zip>
    <SSN>041-96-4301</SSN>
    <Location>41.675415, -72.688656</Location>
    <Phone>860-635-5084</Phone>
    <CountryCode>1</CountryCode>
    <DOB>May 10, 1948</DOB>
    <Email>OwenLKirwan@jourrapide.com</Email>
    <UserName>Adeatimeng</UserName>
    <Website>dominoann.com</Website>
    <Company>Ransohoffs</Company>
    <Occupation>Curriculum specialist</Occupation>
    <HeightCM>170</HeightCM>
    <WeightKG>72.5</WeightKG>
    <BloodType>A+</BloodType>
    <Vehicle>2001 Ford Think Neighbor</Vehicle>
    <Color>Red</Color>
  </object>
  <object>
    <Id>0de0e810-7570-491c-a16d-63627ee9a3d5</Id>
    <Name>Laura T. Thomas</Name>
    <Address>3959 Henry Ford Avenue</Address>
    <City>New York</City>
    <State>NY</State>
    <Zip>10007</Zip>
    <SSN>062-07-5034</SSN>
    <Location>40.647191, -74.048011</Location>
    <Phone>917-969-1706</Phone>
    <CountryCode>1</CountryCode>
    <DOB>July 26, 1989</DOB>
    <Email>LauraTThomas@armyspy.com</Email>
    <UserName>Wasuroded</UserName>
    <Website>CollectorTickets.com</Website>
    <Company>Specific Appraisals</Company>
    <Occupation>Author</Occupation>
    <HeightCM>170</HeightCM>
    <WeightKG>88.9</WeightKG>
    <BloodType>B+</BloodType>
    <Vehicle>1994 Lincoln Continental</Vehicle>
    <Color>Brown</Color>
  </object>
  <object>
    <Id>71f0544d-6ad3-4985-ac60-63201502ece1</Id>
    <Name>Sharron M. Richardson</Name>
    <Address>440 Charla Lane</Address>
    <City>Dallas</City>
    <State>TX</State>
    <Zip>75202</Zip>
    <SSN>462-63-2559</SSN>
    <Location>32.809814, -96.840508</Location>
    <Phone>972-763-2476</Phone>
    <CountryCode>1</CountryCode>
    <DOB>October 27, 1955</DOB>
    <Email>SharronMRichardson@jourrapide.com</Email>
    <UserName>Ancenum</UserName>
    <Website>dlsdirectory.com</Website>
    <Company>Hughes Markets</Company>
    <Occupation>Diesel mechanic</Occupation>
    <HeightCM>167</HeightCM>
    <WeightKG>82.3</WeightKG>
    <BloodType>O+</BloodType>
    <Vehicle>1999 Buick Park Avenue</Vehicle>
    <Color>Blue</Color>
  </object>
  <object>
    <Id>fea13fa0-8d46-4b6f-9782-95c9f21adbec</Id>
    <Name>Marlo K. Everett</Name>
    <Address>979 Paradise Lane</Address>
    <City>Pomona</City>
    <State>CA</State>
    <Zip>91766</Zip>
    <SSN>570-77-3094</SSN>
    <Location>33.959873, -117.72652</Location>
    <Phone>909-629-9720</Phone>
    <CountryCode>1</CountryCode>
    <DOB>April 29, 1993</DOB>
    <Email>MarloKEverett@teleworm.us</Email>
    <UserName>Greggelf93</UserName>
    <Website>emaildisc.com</Website>
    <Company>Strategic Profit</Company>
    <Occupation>LAN administrator</Occupation>
    <HeightCM>156</HeightCM>
    <WeightKG>58.1</WeightKG>
    <BloodType>A+</BloodType>
    <Vehicle>2000 Buick Park Avenue</Vehicle>
    <Color>Purple</Color>
  </object>
  <object>
    <Id>ccb7a3e2-cdf5-4893-acd6-03b91be5cbe6</Id>
    <Name>Betty W. Bradley</Name>
    <Address>2646 Woodhill Avenue</Address>
    <City>Fork</City>
    <State>MD</State>
    <Zip>21051</Zip>
    <SSN>220-71-2483</SSN>
    <Location>39.42332, -76.446095</Location>
    <Phone>410-817-8815</Phone>
    <CountryCode>1</CountryCode>
    <DOB>September 30, 1972</DOB>
    <Email>BettyWBradley@armyspy.com</Email>
    <UserName>Forrout</UserName>
    <Website>countofdays.com</Website>
    <Company>Henry's Hamburgers</Company>
    <Occupation>Commission clerk</Occupation>
    <HeightCM>172</HeightCM>
    <WeightKG>97.6</WeightKG>
    <BloodType>O+</BloodType>
    <Vehicle>2003 Xedos 9</Vehicle>
    <Color>Blue</Color>
  </object>
  <object>
    <Id>81dae62d-0e4a-4571-9a6e-d5a1de262ef7</Id>
    <Name>Cheryl J. Williams</Name>
    <Address>3282 Fannie Street</Address>
    <City>Brenham</City>
    <State>TX</State>
    <Zip>77833</Zip>
    <SSN>636-98-5390</SSN>
    <Location>30.229611, -96.456948</Location>
    <Phone>979-277-8183</Phone>
    <CountryCode>1</CountryCode>
    <DOB>December 31, 1960</DOB>
    <Email>CherylJWilliams@jourrapide.com</Email>
    <UserName>Stagn1960</UserName>
    <Website>discountcorpny.com</Website>
    <Company>Architectural Genie</Company>
    <Occupation>Mixing and blending machine setter</Occupation>
    <HeightCM>170</HeightCM>
    <WeightKG>85.5</WeightKG>
    <BloodType>A+</BloodType>
    <Vehicle>1992 Buick Century</Vehicle>
    <Color>Green</Color>
  </object>
  <object>
    <Id>ba4e020f-c692-4552-b0f4-07e41d0c68be</Id>
    <Name>Guadalupe T. Pugh</Name>
    <Address>2230 Dog Hill Lane</Address>
    <City>Almena</City>
    <State>KS</State>
    <Zip>67622</Zip>
    <SSN>514-44-7148</SSN>
    <Location>39.793734, -99.744008</Location>
    <Phone>785-669-9392</Phone>
    <CountryCode>1</CountryCode>
    <DOB>June 29, 1942</DOB>
    <Email>GuadalupeTPugh@dayrep.com</Email>
    <UserName>Drocaulta</UserName>
    <Website>shadowoblivion.com</Website>
    <Company>The Wall</Company>
    <Occupation>Translator</Occupation>
    <HeightCM>158</HeightCM>
    <WeightKG>76.6</WeightKG>
    <BloodType>A+</BloodType>
    <Vehicle>2007 Opel Vivaro</Vehicle>
    <Color>Purple</Color>
  </object>
  <object>
    <Id>5ae7c0d3-4b98-447d-9010-76387aa0b840</Id>
    <Name>Loan C. Graham</Name>
    <Address>4955 Hilltop Street</Address>
    <City>Springfield</City>
    <State>MA</State>
    <Zip>01109</Zip>
    <SSN>024-88-6741</SSN>
    <Location>42.135756, -72.553869</Location>
    <Phone>413-658-8056</Phone>
    <CountryCode>1</CountryCode>
    <DOB>July 12, 1986</DOB>
    <Email>LoanCGraham@jourrapide.com</Email>
    <UserName>Upied1986</UserName>
    <Website>thevoxtones.com</Website>
    <Company>La Petite Boulangerie</Company>
    <Occupation>Small engine mechanic</Occupation>
    <HeightCM>164</HeightCM>
    <WeightKG>99.5</WeightKG>
    <BloodType>B+</BloodType>
    <Vehicle>2005 Proton Juara</Vehicle>
    <Color>Blue</Color>
  </object>
  <object>
    <Id>8c59f35c-0146-4946-8b50-9ac185935171</Id>
    <Name>Nathan L. Freeman</Name>
    <Address>3326 Half and Half Drive</Address>
    <City>Laton</City>
    <State>CA</State>
    <Zip>93242</Zip>
    <SSN>623-33-3862</SSN>
    <Location>36.531471, -119.627705</Location>
    <Phone>559-923-6456</Phone>
    <CountryCode>1</CountryCode>
    <DOB>July 6, 1935</DOB>
    <Email>NathanLFreeman@rhyta.com</Email>
    <UserName>Coveregs</UserName>
    <Website>underparenting.com</Website>
    <Company>Strategy Consulting</Company>
    <Occupation>Claims adjuster</Occupation>
    <HeightCM>170</HeightCM>
    <WeightKG>92.3</WeightKG>
    <BloodType>A-</BloodType>
    <Vehicle>2001 GMC Sonoma</Vehicle>
    <Color>Blue</Color>
  </object>
  <object>
    <Id>1bffffbb-e2e2-4092-8cc5-5621e941ed73</Id>
    <Name>Ella C. Patton</Name>
    <Address>4792 Raver Croft Drive</Address>
    <City>Chattanooga</City>
    <State>TN</State>
    <Zip>37403</Zip>
    <SSN>756-01-7130</SSN>
    <Location>34.960261, -85.370451</Location>
    <Phone>423-650-5002</Phone>
    <CountryCode>1</CountryCode>
    <DOB>December 17, 1937</DOB>
    <Email>EllaCPatton@armyspy.com</Email>
    <UserName>Froned</UserName>
    <Website>contacttect.com</Website>
    <Company>Piece Goods Fabric</Company>
    <Occupation>Choreographer</Occupation>
    <HeightCM>157</HeightCM>
    <WeightKG>52.0</WeightKG>
    <BloodType>B+</BloodType>
    <Vehicle>2001 Nissan Avenir</Vehicle>
    <Color>Green</Color>
  </object>
  <object>
    <Id>645654aa-6b13-47ed-9c13-be5d3095631c</Id>
    <Name>Tommie R. Cantu</Name>
    <Address>1538 Simpson Avenue</Address>
    <City>Belleville</City>
    <State>PA</State>
    <Zip>17004</Zip>
    <SSN>201-48-7653</SSN>
    <Location>40.486286, -77.677439</Location>
    <Phone>717-935-9696</Phone>
    <CountryCode>1</CountryCode>
    <DOB>June 24, 1957</DOB>
    <Email>TommieRCantu@rhyta.com</Email>
    <UserName>Netur1957</UserName>
    <Website>agepros.com</Website>
    <Company>Multi Tech Development</Company>
    <Occupation>Electronic equipment repairer</Occupation>
    <HeightCM>165</HeightCM>
    <WeightKG>94.5</WeightKG>
    <BloodType>B+</BloodType>
    <Vehicle>2012 Lincoln Navigator</Vehicle>
    <Color>Green</Color>
  </object>
  <object>
    <Id>8cd4e142-d3f7-4539-9c24-ccd7f7247ccd</Id>
    <Name>William M. Lewis</Name>
    <Address>360 Bridge Avenue</Address>
    <City>Jennings</City>
    <State>LA</State>
    <Zip>70546</Zip>
    <SSN>665-09-2634</SSN>
    <Location>30.287249, -92.698604</Location>
    <Phone>337-824-1876</Phone>
    <CountryCode>1</CountryCode>
    <DOB>March 30, 1965</DOB>
    <Email>WilliamMLewis@armyspy.com</Email>
    <UserName>Vibody1965</UserName>
    <Website>freedompulse.com</Website>
    <Company>Harmony House</Company>
    <Occupation>Administrative director</Occupation>
    <HeightCM>178</HeightCM>
    <WeightKG>110.8</WeightKG>
    <BloodType>O+</BloodType>
    <Vehicle>2000 Bristol Blenheim</Vehicle>
    <Color>Blue</Color>
  </object>
  <object>
    <Id>dcd6b001-0bc6-4129-9e67-1a33e9c45af0</Id>
    <Name>Mario M. Loveday</Name>
    <Address>3800 Clearview Drive</Address>
    <City>Denver</City>
    <State>CO</State>
    <Zip>80202</Zip>
    <SSN>650-34-5913</SSN>
    <Location>39.775911, -104.961161</Location>
    <Phone>303-653-1181</Phone>
    <CountryCode>1</CountryCode>
    <DOB>May 1, 1970</DOB>
    <Email>MarioMLoveday@armyspy.com</Email>
    <UserName>Stoge1970</UserName>
    <Website>delaneyplamp.com</Website>
    <Company>Price Savers</Company>
    <Occupation>Obstetrician</Occupation>
    <HeightCM>168</HeightCM>
    <WeightKG>103.8</WeightKG>
    <BloodType>A+</BloodType>
    <Vehicle>1996 Nissan Gloria</Vehicle>
    <Color>Blue</Color>
  </object>
  <object>
    <Id>06eb0a57-7ea1-4584-ae3a-53a75f88eaec</Id>
    <Name>Ella J. Holloway</Name>
    <Address>2238 Maud Street</Address>
    <City>Philadelphia</City>
    <State>DE</State>
    <Zip>19108</Zip>
    <SSN>221-04-8573</SSN>
    <Location>39.921293, -75.128598</Location>
    <Phone>302-725-0927</Phone>
    <CountryCode>1</CountryCode>
    <DOB>February 23, 1970</DOB>
    <Email>EllaJHolloway@armyspy.com</Email>
    <UserName>Wrecertrecan1970</UserName>
    <Website>ladyashtea.com</Website>
    <Company>Food Giant</Company>
    <Occupation>Psychiatric nursing assistant</Occupation>
    <HeightCM>167</HeightCM>
    <WeightKG>94.7</WeightKG>
    <BloodType>B+</BloodType>
    <Vehicle>2002 Skoda Octavia</Vehicle>
    <Color>Blue</Color>
  </object>
  <object>
    <Id>1c17db1d-5d7b-4111-ad39-deee170f3f74</Id>
    <Name>Ervin S. Paul</Name>
    <Address>1619 Brookside Drive</Address>
    <City>Birmingham</City>
    <State>AL</State>
    <Zip>35244</Zip>
    <SSN>417-41-7513</SSN>
    <Location>33.255714, -86.839481</Location>
    <Phone>205-404-0027</Phone>
    <CountryCode>1</CountryCode>
    <DOB>July 23, 1947</DOB>
    <Email>ErvinSPaul@armyspy.com</Email>
    <UserName>Upposer</UserName>
    <Website>camprecording.com</Website>
    <Company>Sagebrush</Company>
    <Occupation>Ophthalmic nurse</Occupation>
    <HeightCM>172</HeightCM>
    <WeightKG>105.5</WeightKG>
    <BloodType>O-</BloodType>
    <Vehicle>2014 Volkswagen Beetle</Vehicle>
    <Color>Red</Color>
  </object>
  <object>
    <Id>69563bba-8bc6-41fe-a088-9175881a54d5</Id>
    <Name>Emily K. Burchette</Name>
    <Address>3515 Farnum Road</Address>
    <City>New York</City>
    <State>NY</State>
    <Zip>10010</Zip>
    <SSN>114-68-9112</SSN>
    <Location>40.787534, -74.022235</Location>
    <Phone>212-364-3006</Phone>
    <CountryCode>1</CountryCode>
    <DOB>April 29, 1967</DOB>
    <Email>EmilyKBurchette@armyspy.com</Email>
    <UserName>Amigh1967</UserName>
    <Website>smokewaggon.com</Website>
    <Company>Audio Visions</Company>
    <Occupation>Highway patrol officer</Occupation>
    <HeightCM>167</HeightCM>
    <WeightKG>74.9</WeightKG>
    <BloodType>A+</BloodType>
    <Vehicle>2005 Scion T2B</Vehicle>
    <Color>Red</Color>
  </object>
  <object>
    <Id>9563ed89-3985-40f2-baf2-8e9abfb80209</Id>
    <Name>Regina R. Hampton</Name>
    <Address>4107 Stratford Park</Address>
    <City>Owensburg</City>
    <State>IN</State>
    <Zip>47453</Zip>
    <SSN>304-07-7289</SSN>
    <Location>38.843158, -86.677822</Location>
    <Phone>812-863-6866</Phone>
    <CountryCode>1</CountryCode>
    <DOB>March 24, 1941</DOB>
    <Email>ReginaRHampton@jourrapide.com</Email>
    <UserName>Trepen</UserName>
    <Website>babescenes.com</Website>
    <Company>Block Distributors</Company>
    <Occupation>Support service manager</Occupation>
    <HeightCM>156</HeightCM>
    <WeightKG>92.9</WeightKG>
    <BloodType>O+</BloodType>
    <Vehicle>1996 Nissan Patrol</Vehicle>
    <Color>Blue</Color>
  </object>
  <object>
    <Id>51480d25-c6ec-476a-98c6-573b519c46e4</Id>
    <Name>Alice K. Whiten</Name>
    <Address>1983 Harrison Street</Address>
    <City>Oakland</City>
    <State>CA</State>
    <Zip>94612</Zip>
    <SSN>603-10-1913</SSN>
    <Location>37.84702, -122.175704</Location>
    <Phone>415-573-7258</Phone>
    <CountryCode>1</CountryCode>
    <DOB>May 18, 1960</DOB>
    <Email>AliceKWhiten@dayrep.com</Email>
    <UserName>Stakinan</UserName>
    <Website>littlemommybaby.com</Website>
    <Company>Network Air</Company>
    <Occupation>Data entry worker</Occupation>
    <HeightCM>157</HeightCM>
    <WeightKG>86.4</WeightKG>
    <BloodType>B+</BloodType>
    <Vehicle>2005 Ginetta G34</Vehicle>
    <Color>Orange</Color>
  </object>
  <object>
    <Id>207fdaec-7f1f-462c-8526-98c1a7a63cc2</Id>
    <Name>Stephanie A. Nelson</Name>
    <Address>2624 Still Pastures Drive</Address>
    <City>Lynchburg</City>
    <State>SC</State>
    <Zip>29080</Zip>
    <SSN>247-20-6702</SSN>
    <Location>34.051376, -80.11246</Location>
    <Phone>803-437-6859</Phone>
    <CountryCode>1</CountryCode>
    <DOB>January 3, 1944</DOB>
    <Email>StephanieANelson@jourrapide.com</Email>
    <UserName>Droasing1944</UserName>
    <Website>gohdvideos.com</Website>
    <Company>Ejecta</Company>
    <Occupation>Pulmonary function technologist</Occupation>
    <HeightCM>151</HeightCM>
    <WeightKG>50.8</WeightKG>
    <BloodType>O-</BloodType>
    <Vehicle>2002 Lexus RX</Vehicle>
    <Color>Green</Color>
  </object>
  <object>
    <Id>585879c1-f01a-4cc0-8b18-f5b3d07fa4af</Id>
    <Name>Arturo E. Long</Name>
    <Address>1523 Pallet Street</Address>
    <City>Middletown</City>
    <State>NY</State>
    <Zip>10940</Zip>
    <SSN>132-60-7411</SSN>
    <Location>41.522815, -74.521671</Location>
    <Phone>914-443-0083</Phone>
    <CountryCode>1</CountryCode>
    <DOB>February 28, 1989</DOB>
    <Email>ArturoELong@armyspy.com</Email>
    <UserName>Eastring</UserName>
    <Website>holdmykeys.com</Website>
    <Company>Fretter</Company>
    <Occupation>Loading machine operator</Occupation>
    <HeightCM>185</HeightCM>
    <WeightKG>95.4</WeightKG>
    <BloodType>A-</BloodType>
    <Vehicle>2004 Pagani Zonda</Vehicle>
    <Color>Red</Color>
  </object>
  <object>
    <Id>d06876f5-47ef-4218-b6ca-6dcca40dc3b3</Id>
    <Name>Cheri M. Rodriquez</Name>
    <Address>1402 Sand Fork Road</Address>
    <City>Winamac</City>
    <State>IN</State>
    <Zip>46996</Zip>
    <SSN>306-82-3400</SSN>
    <Location>41.12421, -86.607541</Location>
    <Phone>574-946-4400</Phone>
    <CountryCode>1</CountryCode>
    <DOB>January 4, 1933</DOB>
    <Email>CheriMRodriquez@teleworm.us</Email>
    <UserName>Sorece</UserName>
    <Website>gritpaper.com</Website>
    <Company>Nedick's</Company>
    <Occupation>Electronic drafter</Occupation>
    <HeightCM>163</HeightCM>
    <WeightKG>57.0</WeightKG>
    <BloodType>A+</BloodType>
    <Vehicle>1999 Proton Saloon</Vehicle>
    <Color>Red</Color>
  </object>
  <object>
    <Id>26d40f5f-b0f0-4d51-bc85-b1b462056c0a</Id>
    <Name>Eva M. Hardin</Name>
    <Address>3512 Tyler Avenue</Address>
    <City>Ft Lauderdale</City>
    <State>FL</State>
    <Zip>33311</Zip>
    <SSN>265-93-9806</SSN>
    <Location>26.098031, -80.103059</Location>
    <Phone>305-318-0152</Phone>
    <CountryCode>1</CountryCode>
    <DOB>March 3, 1954</DOB>
    <Email>EvaMHardin@dayrep.com</Email>
    <UserName>Peding1954</UserName>
    <Website>adgobble.com</Website>
    <Company>Micro Design</Company>
    <Occupation>Milling and planing machine setter</Occupation>
    <HeightCM>167</HeightCM>
    <WeightKG>88.3</WeightKG>
    <BloodType>O+</BloodType>
    <Vehicle>1993 Beijing BJ 2020</Vehicle>
    <Color>Blue</Color>
  </object>
  <object>
    <Id>53745795-006f-4471-b771-420dd260fa34</Id>
    <Name>Kelly M. Sanchez</Name>
    <Address>4546 Timberbrook Lane</Address>
    <City>Durango</City>
    <State>CO</State>
    <Zip>81301</Zip>
    <SSN>653-18-1118</SSN>
    <Location>37.383824, -107.800059</Location>
    <Phone>970-335-1197</Phone>
    <CountryCode>1</CountryCode>
    <DOB>February 2, 1989</DOB>
    <Email>KellyMSanchez@rhyta.com</Email>
    <UserName>Monellead</UserName>
    <Website>antromoda.com</Website>
    <Company>Afterthoughts</Company>
    <Occupation>Midshipman</Occupation>
    <HeightCM>165</HeightCM>
    <WeightKG>98.9</WeightKG>
    <BloodType>O+</BloodType>
    <Vehicle>1998 Mitsubishi Colt</Vehicle>
    <Color>Orange</Color>
  </object>
  <object>
    <Id>384c8f04-9bdb-498f-a037-45bada0dd718</Id>
    <Name>Richard B. Harrington</Name>
    <Address>2095 Saint Marys Avenue</Address>
    <City>Syracuse</City>
    <State>NY</State>
    <Zip>13202</Zip>
    <SSN>111-76-3132</SSN>
    <Location>43.076619, -76.099142</Location>
    <Phone>315-856-0595</Phone>
    <CountryCode>1</CountryCode>
    <DOB>July 15, 1953</DOB>
    <Email>RichardBHarrington@rhyta.com</Email>
    <UserName>Thosee</UserName>
    <Website>momsocala.com</Website>
    <Company>Morrison's Cafeteria</Company>
    <Occupation>Executive editor</Occupation>
    <HeightCM>173</HeightCM>
    <WeightKG>65.2</WeightKG>
    <BloodType>O+</BloodType>
    <Vehicle>2012 Mazda CX-7</Vehicle>
    <Color>Blue</Color>
  </object>
  <object>
    <Id>2df61a4c-2f10-4fa3-81aa-3ffd2f9b424f</Id>
    <Name>Susan G. Browning</Name>
    <Address>2315 Buffalo Creek Road</Address>
    <City>Nashville</City>
    <State>TN</State>
    <Zip>37207</Zip>
    <SSN>757-01-5848</SSN>
    <Location>36.331343, -86.820976</Location>
    <Phone>615-945-8833</Phone>
    <CountryCode>1</CountryCode>
    <DOB>April 23, 1941</DOB>
    <Email>SusanGBrowning@dayrep.com</Email>
    <UserName>Usen1941</UserName>
    <Website>dcastleman.com</Website>
    <Company>Food Barn</Company>
    <Occupation>Airport terminal controller</Occupation>
    <HeightCM>156</HeightCM>
    <WeightKG>87.4</WeightKG>
    <BloodType>A+</BloodType>
    <Vehicle>2007 Honda Accord</Vehicle>
    <Color>Purple</Color>
  </object>
  <object>
    <Id>2090bfd1-a9d1-4317-a014-feba55fbe315</Id>
    <Name>John J. Summers</Name>
    <Address>3929 Ritter Avenue</Address>
    <City>Detroit</City>
    <State>MI</State>
    <Zip>48226</Zip>
    <SSN>383-72-3731</SSN>
    <Location>42.383213, -82.972969</Location>
    <Phone>586-675-3134</Phone>
    <CountryCode>1</CountryCode>
    <DOB>May 15, 1962</DOB>
    <Email>JohnJSummers@rhyta.com</Email>
    <UserName>Onsid1962</UserName>
    <Website>spreadtheglo.com</Website>
    <Company>Sherman's</Company>
    <Occupation>Excavating operator</Occupation>
    <HeightCM>188</HeightCM>
    <WeightKG>111.3</WeightKG>
    <BloodType>O+</BloodType>
    <Vehicle>1995 Oldsmobile Cutlass</Vehicle>
    <Color>Blue</Color>
  </object>
  <object>
    <Id>ed4bff48-ac76-4e4f-9b7f-238351ae521e</Id>
    <Name>Anthony M. Jackson</Name>
    <Address>1816 West Fork Street</Address>
    <City>Helena</City>
    <State>MT</State>
    <Zip>59601</Zip>
    <SSN>516-62-5011</SSN>
    <Location>46.493151, -112.118825</Location>
    <Phone>406-431-7224</Phone>
    <CountryCode>1</CountryCode>
    <DOB>May 14, 1989</DOB>
    <Email>AnthonyMJackson@rhyta.com</Email>
    <UserName>Onele1989</UserName>
    <Website>craftsforpets.com</Website>
    <Company>Kiddie City</Company>
    <Occupation>Substance abuse social worker</Occupation>
    <HeightCM>180</HeightCM>
    <WeightKG>70.7</WeightKG>
    <BloodType>A+</BloodType>
    <Vehicle>2014 Mazda MAZDA2</Vehicle>
    <Color>Red</Color>
  </object>
  <object>
    <Id>cd69638b-5b6a-4095-8826-63628eb6424f</Id>
    <Name>Dean L. Charles</Name>
    <Address>117 Ashcraft Court</Address>
    <City>La Mesa</City>
    <State>CA</State>
    <Zip>91941</Zip>
    <SSN>614-33-3280</SSN>
    <Location>32.785967, -116.96349</Location>
    <Phone>619-433-4857</Phone>
    <CountryCode>1</CountryCode>
    <DOB>July 4, 1980</DOB>
    <Email>DeanLCharles@armyspy.com</Email>
    <UserName>Forripsy</UserName>
    <Website>HikingAuthority.com</Website>
    <Company>Matrix Interior Design</Company>
    <Occupation>Home inspector</Occupation>
    <HeightCM>185</HeightCM>
    <WeightKG>94.5</WeightKG>
    <BloodType>B+</BloodType>
    <Vehicle>2008 Lotus Exige</Vehicle>
    <Color>Brown</Color>
  </object>
  <object>
    <Id>5854a5a1-aca6-4f79-85d2-30c001d1ac1f</Id>
    <Name>Robert R. Aman</Name>
    <Address>1845 Oak Lane</Address>
    <City>Elmo</City>
    <State>MO</State>
    <Zip>64445</Zip>
    <SSN>492-12-8122</SSN>
    <Location>40.435364, -95.175598</Location>
    <Phone>660-742-0439</Phone>
    <CountryCode>1</CountryCode>
    <DOB>March 30, 1975</DOB>
    <Email>RobertRAman@armyspy.com</Email>
    <UserName>Showelve1975</UserName>
    <Website>ltdkix.com</Website>
    <Company>House Of Denmark</Company>
    <Occupation>Office machine and cash register technician</Occupation>
    <HeightCM>181</HeightCM>
    <WeightKG>108.9</WeightKG>
    <BloodType>O+</BloodType>
    <Vehicle>1993 Saab 900</Vehicle>
    <Color>Black</Color>
  </object>
  <object>
    <Id>a576d5f9-fa2c-4f31-9b26-db335550fd82</Id>
    <Name>Helen J. Johnson</Name>
    <Address>2456 Morgan Street</Address>
    <City>Panama City</City>
    <State>FL</State>
    <Zip>32401</Zip>
    <SSN>589-99-2422</SSN>
    <Location>30.235513, -85.593196</Location>
    <Phone>850-441-4798</Phone>
    <CountryCode>1</CountryCode>
    <DOB>April 2, 1958</DOB>
    <Email>HelenJJohnson@rhyta.com</Email>
    <UserName>Stakinan</UserName>
    <Website>prestamoporsms.com</Website>
    <Company>Sound Advice</Company>
    <Occupation>Reservation and transportation ticket agent</Occupation>
    <HeightCM>155</HeightCM>
    <WeightKG>57.5</WeightKG>
    <BloodType>O+</BloodType>
    <Vehicle>2005 Mazda 5</Vehicle>
    <Color>Green</Color>
  </object>
  <object>
    <Id>8dddd639-78d4-4b83-9067-a992f8abc1d0</Id>
    <Name>Terry C. Peterson</Name>
    <Address>2085 Emma Street</Address>
    <City>Texhoma</City>
    <State>TX</State>
    <Zip>73949</Zip>
    <SSN>643-18-7595</SSN>
    <Location>36.563135, -101.915858</Location>
    <Phone>806-827-5267</Phone>
    <CountryCode>1</CountryCode>
    <DOB>November 9, 1979</DOB>
    <Email>TerryCPeterson@armyspy.com</Email>
    <UserName>Satim1979</UserName>
    <Website>mekimeki.com</Website>
    <Company>John M. Smyth's Homemakers</Company>
    <Occupation>Painting, coating, and decorating worker</Occupation>
    <HeightCM>179</HeightCM>
    <WeightKG>98.9</WeightKG>
    <BloodType>AB-</BloodType>
    <Vehicle>2002 Lancia Lybra</Vehicle>
    <Color>Blue</Color>
  </object>
  <object>
    <Id>31c21001-ef54-428c-b7eb-ea105acfa7a6</Id>
    <Name>Maria V. Whittington</Name>
    <Address>4780 Robinson Court</Address>
    <City>Bay City</City>
    <State>MI</State>
    <Zip>48706</Zip>
    <SSN>378-74-7541</SSN>
    <Location>43.638175, -84.012519</Location>
    <Phone>989-513-2111</Phone>
    <CountryCode>1</CountryCode>
    <DOB>October 11, 1981</DOB>
    <Email>MariaVWhittington@armyspy.com</Email>
    <UserName>Chaddive</UserName>
    <Website>matthewlchin.com</Website>
    <Company>Hugh M. Woods</Company>
    <Occupation>Hunter</Occupation>
    <HeightCM>167</HeightCM>
    <WeightKG>82.5</WeightKG>
    <BloodType>AB+</BloodType>
    <Vehicle>2003 Pagani Zonda</Vehicle>
    <Color>Orange</Color>
  </object>
  <object>
    <Id>06af7f3b-1e2a-4660-9684-88c7357a3cbd</Id>
    <Name>William M. Corns</Name>
    <Address>1241 Green Street</Address>
    <City>Nashville</City>
    <State>TN</State>
    <Zip>37211</Zip>
    <SSN>762-01-3567</SSN>
    <Location>36.002273, -86.64318</Location>
    <Phone>615-496-4292</Phone>
    <CountryCode>1</CountryCode>
    <DOB>September 6, 1950</DOB>
    <Email>WilliamMCorns@rhyta.com</Email>
    <UserName>Debtled</UserName>
    <Website>ironturkey.com</Website>
    <Company>Poore Simon's</Company>
    <Occupation>Administrative law judge</Occupation>
    <HeightCM>171</HeightCM>
    <WeightKG>81.4</WeightKG>
    <BloodType>B+</BloodType>
    <Vehicle>2005 Holden Statesman</Vehicle>
    <Color>Blue</Color>
  </object>
  <object>
    <Id>3c12d85b-962b-4a41-9dcd-15f260340521</Id>
    <Name>Betty J. Rogers</Name>
    <Address>2889 Fleming Street</Address>
    <City>Andalusia</City>
    <State>AL</State>
    <Zip>36420</Zip>
    <SSN>422-01-3930</SSN>
    <Location>31.245803, -86.63661</Location>
    <Phone>334-428-1706</Phone>
    <CountryCode>1</CountryCode>
    <DOB>February 3, 1952</DOB>
    <Email>BettyJRogers@rhyta.com</Email>
    <UserName>Homad1952</UserName>
    <Website>akuino.com</Website>
    <Company>Realty Depot</Company>
    <Occupation>Photojournalist</Occupation>
    <HeightCM>165</HeightCM>
    <WeightKG>67.3</WeightKG>
    <BloodType>O+</BloodType>
    <Vehicle>2015 Mercedes-Benz GL-Class</Vehicle>
    <Color>Yellow</Color>
  </object>
  <object>
    <Id>0a8c392e-ebaf-40c7-af7a-603931429d8a</Id>
    <Name>Veronica S. Meade</Name>
    <Address>4934 Echo Lane</Address>
    <City>Bellevue</City>
    <State>MI</State>
    <Zip>49021</Zip>
    <SSN>373-80-6021</SSN>
    <Location>42.435914, -85.167492</Location>
    <Phone>269-763-8955</Phone>
    <CountryCode>1</CountryCode>
    <DOB>October 25, 1948</DOB>
    <Email>VeronicaSMeade@rhyta.com</Email>
    <UserName>Samid1948</UserName>
    <Website>medicalorific.com</Website>
    <Company>Golf Augusta Pro Shops</Company>
    <Occupation>Air traffic controller</Occupation>
    <HeightCM>155</HeightCM>
    <WeightKG>95.2</WeightKG>
    <BloodType>A+</BloodType>
    <Vehicle>2003 Porsche 996</Vehicle>
    <Color>Blue</Color>
  </object>
  <object>
    <Id>67e83f06-ffc5-48fd-b670-741ae309c6d9</Id>
    <Name>Rocky J. Otero</Name>
    <Address>2359 Gregory Lane</Address>
    <City>Louisville</City>
    <State>KY</State>
    <Zip>40299</Zip>
    <SSN>401-50-3123</SSN>
    <Location>38.214393, -85.446639</Location>
    <Phone>502-551-1012</Phone>
    <CountryCode>1</CountryCode>
    <DOB>January 9, 1983</DOB>
    <Email>RockyJOtero@rhyta.com</Email>
    <UserName>Chember1983</UserName>
    <Website>adornedmural.com</Website>
    <Company>Red Baron Electronics</Company>
    <Occupation>Auditing clerk</Occupation>
    <HeightCM>172</HeightCM>
    <WeightKG>95.3</WeightKG>
    <BloodType>AB+</BloodType>
    <Vehicle>2010 Audi S5</Vehicle>
    <Color>Blue</Color>
  </object>
  <object>
    <Id>13937346-8f81-4519-9e60-b9afcdf64090</Id>
    <Name>Alfredo G. Woodward</Name>
    <Address>432 Seltice Way</Address>
    <City>Hayden Lake</City>
    <State>ID</State>
    <Zip>83835</Zip>
    <SSN>518-22-6017</SSN>
    <Location>47.779335, -116.666604</Location>
    <Phone>208-772-8756</Phone>
    <CountryCode>1</CountryCode>
    <DOB>August 22, 1970</DOB>
    <Email>AlfredoGWoodward@jourrapide.com</Email>
    <UserName>Cotne1970</UserName>
    <Website>evaluatemysleep.com</Website>
    <Company>STM Auto Parts</Company>
    <Occupation>Cost/investment recovery technician</Occupation>
    <HeightCM>184</HeightCM>
    <WeightKG>108.8</WeightKG>
    <BloodType>B+</BloodType>
    <Vehicle>2004 Volkswagen Passat</Vehicle>
    <Color>Blue</Color>
  </object>
  <object>
    <Id>8e4f1691-2dbf-4033-9e03-4d56c23fcb63</Id>
    <Name>Brian S. Ellis</Name>
    <Address>3144 Dale Avenue</Address>
    <City>Tacoma</City>
    <State>WA</State>
    <Zip>98423</Zip>
    <SSN>537-56-8721</SSN>
    <Location>47.280242, -122.466835</Location>
    <Phone>253-835-2621</Phone>
    <CountryCode>1</CountryCode>
    <DOB>April 17, 1938</DOB>
    <Email>BrianSEllis@teleworm.us</Email>
    <UserName>Harse1938</UserName>
    <Website>familiaraices.com</Website>
    <Company>Star Interior Design</Company>
    <Occupation>Tree pruner</Occupation>
    <HeightCM>184</HeightCM>
    <WeightKG>95.6</WeightKG>
    <BloodType>B+</BloodType>
    <Vehicle>2002 Fiat Barchetta</Vehicle>
    <Color>Blue</Color>
  </object>
  <object>
    <Id>04f324e0-59fe-4195-99ec-35ec1434558b</Id>
    <Name>Carolyn J. Barahona</Name>
    <Address>1112 Romano Street</Address>
    <City>Needham</City>
    <State>MA</State>
    <Zip>02192</Zip>
    <SSN>029-38-5065</SSN>
    <Location>42.305089, -71.301185</Location>
    <Phone>781-449-6189</Phone>
    <CountryCode>1</CountryCode>
    <DOB>July 7, 1958</DOB>
    <Email>CarolynJBarahona@dayrep.com</Email>
    <UserName>Witurn</UserName>
    <Website>garyoverturf.com</Website>
    <Company>Heslop's</Company>
    <Occupation>Social work assistant</Occupation>
    <HeightCM>161</HeightCM>
    <WeightKG>64.3</WeightKG>
    <BloodType>A+</BloodType>
    <Vehicle>2004 Mercedes-Benz CLK</Vehicle>
    <Color>Purple</Color>
  </object>
  <object>
    <Id>56b63ee9-54a6-486a-b83a-f623f41728ba</Id>
    <Name>Gus E. Perkins</Name>
    <Address>52 Creekside Lane</Address>
    <City>Sherman Oaks</City>
    <State>CA</State>
    <Zip>91403</Zip>
    <SSN>546-63-7809</SSN>
    <Location>34.227777, -118.372898</Location>
    <Phone>805-629-9330</Phone>
    <CountryCode>1</CountryCode>
    <DOB>June 26, 1984</DOB>
    <Email>GusEPerkins@dayrep.com</Email>
    <UserName>Inteldrour</UserName>
    <Website>crossroadsvapor.com</Website>
    <Company>Coconut's</Company>
    <Occupation>Tumbling barrel painter</Occupation>
    <HeightCM>177</HeightCM>
    <WeightKG>96.9</WeightKG>
    <BloodType>A+</BloodType>
    <Vehicle>2006 Ford Freestyle</Vehicle>
    <Color>Green</Color>
  </object>
  <object>
    <Id>4549f903-0af1-4264-92dc-f2b83ce2f155</Id>
    <Name>Lisa J. Brown</Name>
    <Address>2895 Tanglewood Road</Address>
    <City>Tupelo</City>
    <State>MS</State>
    <Zip>38801</Zip>
    <SSN>587-01-1449</SSN>
    <Location>34.284117, -88.696389</Location>
    <Phone>662-821-4968</Phone>
    <CountryCode>1</CountryCode>
    <DOB>July 20, 1934</DOB>
    <Email>LisaJBrown@jourrapide.com</Email>
    <UserName>Surnoted</UserName>
    <Website>golfwikki.com</Website>
    <Company>Our Own Hardware</Company>
    <Occupation>Brickmason</Occupation>
    <HeightCM>151</HeightCM>
    <WeightKG>59.6</WeightKG>
    <BloodType>A+</BloodType>
    <Vehicle>1999 Honda City</Vehicle>
    <Color>Yellow</Color>
  </object>
  <object>
    <Id>4f6c5cb3-4a18-47b1-a7e6-385e2c4f25aa</Id>
    <Name>Bill M. Roth</Name>
    <Address>3795 Nixon Avenue</Address>
    <City>Chatfield</City>
    <State>OH</State>
    <Zip>44825</Zip>
    <SSN>269-12-6736</SSN>
    <Location>40.957466, -83.022335</Location>
    <Phone>419-988-0131</Phone>
    <CountryCode>1</CountryCode>
    <DOB>October 9, 1961</DOB>
    <Email>BillMRoth@teleworm.us</Email>
    <UserName>Heavow</UserName>
    <Website>lupystrikesurf.com</Website>
    <Company>Delchamps</Company>
    <Occupation>Game warden</Occupation>
    <HeightCM>186</HeightCM>
    <WeightKG>66.9</WeightKG>
    <BloodType>B+</BloodType>
    <Vehicle>2000 Suzuki Swift</Vehicle>
    <Color>Blue</Color>
  </object>
  <object>
    <Id>c8d8b306-a324-46a4-ae5a-696d0d5483c0</Id>
    <Name>David L. Woods</Name>
    <Address>828 Main Street</Address>
    <City>Tukwila</City>
    <State>WA</State>
    <Zip>98188</Zip>
    <SSN>538-01-1405</SSN>
    <Location>47.443347, -122.202732</Location>
    <Phone>425-732-7914</Phone>
    <CountryCode>1</CountryCode>
    <DOB>April 12, 1962</DOB>
    <Email>DavidLWoods@rhyta.com</Email>
    <UserName>Pernedge</UserName>
    <Website>ListAvailable.com</Website>
    <Company>Susie's Casuals</Company>
    <Occupation>Social science research assistant</Occupation>
    <HeightCM>170</HeightCM>
    <WeightKG>102.0</WeightKG>
    <BloodType>AB+</BloodType>
    <Vehicle>2012 Proton Savvy</Vehicle>
    <Color>Blue</Color>
  </object>
  <object>
    <Id>4aec48e1-ae1d-4019-8dc8-da76363b10b4</Id>
    <Name>Tracy B. White</Name>
    <Address>1318 Five Points</Address>
    <City>Baltimore</City>
    <State>MD</State>
    <Zip>21201</Zip>
    <SSN>218-57-2773</SSN>
    <Location>39.297609, -76.655353</Location>
    <Phone>443-317-6792</Phone>
    <CountryCode>1</CountryCode>
    <DOB>January 3, 1991</DOB>
    <Email>TracyBWhite@jourrapide.com</Email>
    <UserName>Luctaps</UserName>
    <Website>thermobioinc.com</Website>
    <Company>Laneco</Company>
    <Occupation>Photographic retoucher</Occupation>
    <HeightCM>159</HeightCM>
    <WeightKG>72.0</WeightKG>
    <BloodType>B+</BloodType>
    <Vehicle>2003 Ford Puma</Vehicle>
    <Color>Blue</Color>
  </object>
  <object>
    <Id>6557ce0a-5c6a-42f7-8c35-4ea93a264381</Id>
    <Name>Donald M. Richardson</Name>
    <Address>3339 Travis Street</Address>
    <City>Sebastian</City>
    <State>FL</State>
    <Zip>32958</Zip>
    <SSN>263-16-3825</SSN>
    <Location>27.767909, -80.494059</Location>
    <Phone>772-589-0858</Phone>
    <CountryCode>1</CountryCode>
    <DOB>January 24, 1981</DOB>
    <Email>DonaldMRichardson@dayrep.com</Email>
    <UserName>Trity1981</UserName>
    <Website>bulgyou.com</Website>
    <Company>Courtesy Hardware Store</Company>
    <Occupation>Airbrush artist</Occupation>
    <HeightCM>172</HeightCM>
    <WeightKG>92.5</WeightKG>
    <BloodType>B+</BloodType>
    <Vehicle>2004 Bugatti Veyron</Vehicle>
    <Color>Blue</Color>
  </object>
  <object>
    <Id>aad923e3-bf5c-4554-a7bb-76ca81be931c</Id>
    <Name>Timothy L. Sweeney</Name>
    <Address>859 Marcus Street</Address>
    <City>Huntsville</City>
    <State>AL</State>
    <Zip>35802</Zip>
    <SSN>423-94-8797</SSN>
    <Location>34.594392, -86.551097</Location>
    <Phone>256-642-1558</Phone>
    <CountryCode>1</CountryCode>
    <DOB>September 27, 1967</DOB>
    <Email>TimothyLSweeney@teleworm.us</Email>
    <UserName>Inack1967</UserName>
    <Website>ryumark.com</Website>
    <Company>Strongbod</Company>
    <Occupation>Word processor</Occupation>
    <HeightCM>184</HeightCM>
    <WeightKG>101.3</WeightKG>
    <BloodType>A+</BloodType>
    <Vehicle>2007 Saab 9-7X</Vehicle>
    <Color>Red</Color>
  </object>
  <object>
    <Id>6de2e2c0-95ce-4caa-bccf-ab239273ba3b</Id>
    <Name>Terry C. Nale</Name>
    <Address>4248 Turkey Pen Lane</Address>
    <City>Montgomery</City>
    <State>AL</State>
    <Zip>36104</Zip>
    <SSN>423-64-5783</SSN>
    <Location>32.45493, -86.234847</Location>
    <Phone>334-458-6012</Phone>
    <CountryCode>1</CountryCode>
    <DOB>June 13, 1992</DOB>
    <Email>TerryCNale@teleworm.us</Email>
    <UserName>Solloond</UserName>
    <Website>grtgrt.com</Website>
    <Company>Chase Pitkin</Company>
    <Occupation>Wildlife biologist</Occupation>
    <HeightCM>184</HeightCM>
    <WeightKG>72.0</WeightKG>
    <BloodType>O+</BloodType>
    <Vehicle>1999 Volkswagen W12</Vehicle>
    <Color>Blue</Color>
  </object>
  <object>
    <Id>aa059c14-c21a-4074-b1a6-c9a3fb465c02</Id>
    <Name>Terry K. Mayer</Name>
    <Address>1359 Barfield Lane</Address>
    <City>Indianapolis</City>
    <State>IN</State>
    <Zip>46278</Zip>
    <SSN>312-88-4838</SSN>
    <Location>39.89365, -86.400054</Location>
    <Phone>317-523-5792</Phone>
    <CountryCode>1</CountryCode>
    <DOB>January 12, 1937</DOB>
    <Email>TerryKMayer@armyspy.com</Email>
    <UserName>Acese1937</UserName>
    <Website>diggityweb.com</Website>
    <Company>House 2 Home</Company>
    <Occupation>Newsletter writer</Occupation>
    <HeightCM>161</HeightCM>
    <WeightKG>72.7</WeightKG>
    <BloodType>B+</BloodType>
    <Vehicle>1998 Ford Escort</Vehicle>
    <Color>Purple</Color>
  </object>
  <object>
    <Id>9ee46be2-9ff0-4e1c-a55c-a464c42afa6c</Id>
    <Name>Diane J. Scoville</Name>
    <Address>1373 Nutter Street</Address>
    <City>Saint Joseph</City>
    <State>MO</State>
    <Zip>64501</Zip>
    <SSN>494-82-1747</SSN>
    <Location>39.733273, -94.822682</Location>
    <Phone>816-233-1986</Phone>
    <CountryCode>1</CountryCode>
    <DOB>April 14, 1971</DOB>
    <Email>DianeJScoville@armyspy.com</Email>
    <UserName>Butch1971</UserName>
    <Website>teamtankersley.com</Website>
    <Company>Wholesale Club, Inc.</Company>
    <Occupation>Electric line worker</Occupation>
    <HeightCM>154</HeightCM>
    <WeightKG>67.9</WeightKG>
    <BloodType>B+</BloodType>
    <Vehicle>2006 Chevrolet Lacetti</Vehicle>
    <Color>Blue</Color>
  </object>
  <object>
    <Id>f1647f55-c3a5-4c6f-b02d-74dbf80e07c4</Id>
    <Name>Ann A. Foster</Name>
    <Address>2108 Hudson Street</Address>
    <City>Haledon</City>
    <State>NJ</State>
    <Zip>07508</Zip>
    <SSN>136-01-6973</SSN>
    <Location>41.02794, -74.090292</Location>
    <Phone>973-904-0666</Phone>
    <CountryCode>1</CountryCode>
    <DOB>November 30, 1997</DOB>
    <Email>AnnAFoster@armyspy.com</Email>
    <UserName>Adysed</UserName>
    <Website>michaelconde.com</Website>
    <Company>Datacorp</Company>
    <Occupation>PBX operator</Occupation>
    <HeightCM>163</HeightCM>
    <WeightKG>82.6</WeightKG>
    <BloodType>O+</BloodType>
    <Vehicle>2001 Fiat Siena</Vehicle>
    <Color>Brown</Color>
  </object>
</Users>