﻿<?xml version="1.0" encoding="utf-8"?>
<Users>
  <object>
    <Id>0bfedb2f-0e55-4b3c-9875-04ef85b769f5</Id>
    <Name>Rachelle Pomerleau</Name>
    <Address />
    <City>Nashville</City>
    <State>TN</State>
    <Zip>37201</Zip>
    <SSN>762-01-3515</SSN>
    <Location>36.24216, -86.81976</Location>
    <Phone>615-843-5225</Phone>
    <CountryCode>1</CountryCode>
    <DOB>March 14, 1943</DOB>
    <Email>BriceINevarez@dayrep.com</Email>
    <UserName>Hosittles</UserName>
    <Website>allbelief.com</Website>
    <Company>A Plus Lawn Care</Company>
    <Occupation>Preschool teacher</Occupation>
    <HeightCM>173</HeightCM>
    <WeightKG>75.0</WeightKG>
    <BloodType>B+</BloodType>
    <Vehicle />
    <Color>Blue</Color>
  </object>
  <object>
    <Id>1fe25f4f-e5cb-444a-a313-65e36e8b9528</Id>
    <Name>Dielle Masson</Name>
    <Address>3040 Saint Marys Avenue</Address>
    <City>West Winfield</City>
    <State>NY</State>
    <Zip>13491</Zip>
    <SSN />
    <Location>42.790506, -75.212517</Location>
    <Phone />
    <CountryCode>1</CountryCode>
    <DOB>August 29, 1969</DOB>
    <Email>JohnRSanders@armyspy.com</Email>
    <UserName>Fromin69</UserName>
    <Website>askchuckhow.com</Website>
    <Company>Netobill</Company>
    <Occupation>Top executive</Occupation>
    <HeightCM>176</HeightCM>
    <WeightKG>113.2</WeightKG>
    <BloodType>O+</BloodType>
    <Vehicle>2001 Vauxhall Corsa</Vehicle>
    <Color>Blue</Color>
  </object>
  <object>
    <Id>c532004c-eefe-401d-b11c-4b56e5be3b89</Id>
    <Name>สุนกแก้ว ท. จันทร์วิลัย</Name>
    <Address>3658 Turkey Pen Road</Address>
    <City />
    <State>NY</State>
    <Zip>10019</Zip>
    <SSN>107-92-8197</SSN>
    <Location>40.839689, -74.03795</Location>
    <Phone>917-286-2063</Phone>
    <CountryCode>1</CountryCode>
    <DOB>April 15, 1992</DOB>
    <Email>RichardLRobison@jourrapide.com</Email>
    <UserName>Orne1992</UserName>
    <Website>vslimqp.com</Website>
    <Company>Friendly Interior Design</Company>
    <Occupation>Sketch artist</Occupation>
    <HeightCM>184</HeightCM>
    <WeightKG>83.8</WeightKG>
    <BloodType>O+</BloodType>
    <Vehicle>2002 Citroen C-Airdream</Vehicle>
    <Color>White</Color>
  </object>
  <object>
    <Id>09093e0f-d2c7-4a8c-a245-c7960f78811b</Id>
    <Name>Yong Hsiung</Name>
    <Address>1941 Pin Oak Drive</Address>
    <City>Davenport</City>
    <State>IA</State>
    <Zip />
    <SSN>484-70-4050</SSN>
    <Location />
    <Phone>563-333-3230</Phone>
    <CountryCode>1</CountryCode>
    <DOB>February 16, 1992</DOB>
    <Email>JosephMYounkin@teleworm.us</Email>
    <UserName>Endind</UserName>
    <Website>sikaban.com</Website>
    <Company>Flagg Bros. Shoes</Company>
    <Occupation>Image designer</Occupation>
    <HeightCM />
    <WeightKG>104.0</WeightKG>
    <BloodType>O+</BloodType>
    <Vehicle>2001 Toyota Verossa</Vehicle>
    <Color />
  </object>
  <object>
    <Id>391e0460-378c-4e3f-870a-c61f56bc7536</Id>
    <Name>Kang S. Ho</Name>
    <Address>1605 Jones Avenue</Address>
    <City>Winston Salem</City>
    <State>NC</State>
    <Zip>27104</Zip>
    <SSN />
    <Location>36.03452, -80.388071</Location>
    <Phone>336-765-6401</Phone>
    <CountryCode>1</CountryCode>
    <DOB>June 19, 1987</DOB>
    <Email>KarlaJHall@rhyta.com</Email>
    <UserName>Thowenty</UserName>
    <Website>gyhvft.com</Website>
    <Company>Larry's Markets</Company>
    <Occupation>Environmental engineer</Occupation>
    <HeightCM>169</HeightCM>
    <WeightKG>73.2</WeightKG>
    <BloodType>O-</BloodType>
    <Vehicle>2003 Volkswagen Touareg</Vehicle>
    <Color>Blue</Color>
  </object>
  <object>
    <Id>5ac02ebd-2df4-4098-908f-39e07375ce05</Id>
    <Name>Amanda R. Souza</Name>
    <Address>3302 Fowler Avenue</Address>
    <City>Norcross</City>
    <State>GA</State>
    <Zip>30071</Zip>
    <SSN>254-84-2486</SSN>
    <Location>33.996023, -84.120315</Location>
    <Phone>770-245-4199</Phone>
    <CountryCode>1</CountryCode>
    <DOB>February 28, 1968</DOB>
    <Email>IrvingGCalkins@rhyta.com</Email>
    <UserName>Ditach</UserName>
    <Website>ligoband.com</Website>
    <Company>Johnson's General Stores</Company>
    <Occupation>Compensation, benefits, and job analysis specialist</Occupation>
    <HeightCM>187</HeightCM>
    <WeightKG>107.0</WeightKG>
    <BloodType>A+</BloodType>
    <Vehicle>2011 Suzuki Alto</Vehicle>
    <Color>Black</Color>
  </object>
  <object>
    <Id>3f66fd8c-c312-4095-a206-92ca9e4f6e06</Id>
    <Name>ดนุพล เกิดน้อย</Name>
    <Address>2723 Ashcraft Court</Address>
    <City>San Diego</City>
    <State>CA</State>
    <Zip>92117</Zip>
    <SSN>568-49-1207</SSN>
    <Location>32.857914, -117.110661</Location>
    <Phone>619-341-5313</Phone>
    <CountryCode>1</CountryCode>
    <DOB>February 13, 1962</DOB>
    <Email>HerlindaRHardy@rhyta.com</Email>
    <UserName>Eank1962</UserName>
    <Website />
    <Company>Present Company</Company>
    <Occupation>Manufacturers</Occupation>
    <HeightCM>167</HeightCM>
    <WeightKG>65.8</WeightKG>
    <BloodType>B+</BloodType>
    <Vehicle>2003 Nissan 350Z</Vehicle>
    <Color>Red</Color>
  </object>
  <object>
    <Id>8f51797d-26da-42c1-8558-ccaa612c2d7e</Id>
    <Name>Gustavo C. Araujo</Name>
    <Address>282 Brookview Drive</Address>
    <City>San Jose</City>
    <State>CA</State>
    <Zip>95129</Zip>
    <SSN />
    <Location />
    <Phone>408-996-0403</Phone>
    <CountryCode>1</CountryCode>
    <DOB>July 10, 1982</DOB>
    <Email />
    <UserName>Beasto</UserName>
    <Website>cfprojects.com</Website>
    <Company>Best Products</Company>
    <Occupation>Graphic artist</Occupation>
    <HeightCM>179</HeightCM>
    <WeightKG />
    <BloodType>B+</BloodType>
    <Vehicle>2003 Proton Juara</Vehicle>
    <Color>Blue</Color>
  </object>
  <object>
    <Id>e9d54ff0-48c2-4049-91c0-7ecd3c43eec6</Id>
    <Name>De P. Yu</Name>
    <Address>2736 Hurry Street</Address>
    <City>Fredericksburg</City>
    <State>VA</State>
    <Zip>22408</Zip>
    <SSN>228-11-3760</SSN>
    <Location>38.310119, -77.319763</Location>
    <Phone>540-336-4537</Phone>
    <CountryCode />
    <DOB>March 29, 1984</DOB>
    <Email>CarlDLopez@dayrep.com</Email>
    <UserName>Heregoom</UserName>
    <Website>photosynthesize.com</Website>
    <Company>Sounds Great, Inc</Company>
    <Occupation />
    <HeightCM>177</HeightCM>
    <WeightKG>83.1</WeightKG>
    <BloodType>A+</BloodType>
    <Vehicle>2003 Ford GT</Vehicle>
    <Color>Green</Color>
  </object>
  <object>
    <Id>3a99330e-9ee8-4f35-bf2c-8568c8767e3a</Id>
    <Name>จุลนัน วิรุฬห์ผล</Name>
    <Address>4356 West Drive</Address>
    <City>Chicago</City>
    <State>IL</State>
    <Zip>60606</Zip>
    <SSN />
    <Location>41.80356, -87.583488</Location>
    <Phone>312-443-4036</Phone>
    <CountryCode>1</CountryCode>
    <DOB>July 5, 1936</DOB>
    <Email>LauraPGill@jourrapide.com</Email>
    <UserName>Dwass1936</UserName>
    <Website>myjetspizza.com</Website>
    <Company>Thompson</Company>
    <Occupation>Chemical equipment operator</Occupation>
    <HeightCM>170</HeightCM>
    <WeightKG>53.0</WeightKG>
    <BloodType>AB+</BloodType>
    <Vehicle />
    <Color>Blue</Color>
  </object>
  <object>
    <Id>4a612e59-eb23-4fdf-a61e-63379dc07c28</Id>
    <Name>Marianne S. Artemieva</Name>
    <Address>2995 Arbor Court</Address>
    <City>Casper</City>
    <State />
    <Zip>82601</Zip>
    <SSN>520-19-9769</SSN>
    <Location>43.165056, -106.308563</Location>
    <Phone>307-261-7015</Phone>
    <CountryCode>1</CountryCode>
    <DOB>March 11, 1943</DOB>
    <Email>MargaretJClinard@teleworm.us</Email>
    <UserName>Holecon43</UserName>
    <Website>dfyleadsystems.com</Website>
    <Company>Superior Interior Design</Company>
    <Occupation />
    <HeightCM>154</HeightCM>
    <WeightKG>75.2</WeightKG>
    <BloodType>O+</BloodType>
    <Vehicle>2004 Toyota Camry</Vehicle>
    <Color>Blue</Color>
  </object>
  <object>
    <Id>7d1f043b-e5fa-4ade-a139-9ad892b8c60f</Id>
    <Name>Neville F. Charpie</Name>
    <Address>3080 Polk Street</Address>
    <City>Sacramento</City>
    <State />
    <Zip>95814</Zip>
    <SSN>624-28-2847</SSN>
    <Location>38.624431, -121.400069</Location>
    <Phone>530-206-3737</Phone>
    <CountryCode>1</CountryCode>
    <DOB>February 10, 1949</DOB>
    <Email>WilliamMEchols@dayrep.com</Email>
    <UserName>Whispiever</UserName>
    <Website>gamaguppy.com</Website>
    <Company>Nobil</Company>
    <Occupation>Managing editor</Occupation>
    <HeightCM>180</HeightCM>
    <WeightKG>108.3</WeightKG>
    <BloodType>O-</BloodType>
    <Vehicle>2002 Nissan Pathfinder</Vehicle>
    <Color>Blue</Color>
  </object>
  <object>
    <Id>0bfedb2f-0e55-4b3c-9875-04ef85b769f5</Id>
    <Name>Rachelle Pomerleau</Name>
    <Address>2831 Buffalo Creek Road</Address>
    <City>Nashville</City>
    <State>TN</State>
    <Zip>37201</Zip>
    <SSN>762-01-3515</SSN>
    <Location>36.24216, -86.81976</Location>
    <Phone>615-843-5225</Phone>
    <CountryCode>1</CountryCode>
    <DOB>March 14, 1943</DOB>
    <Email>BriceINevarez@dayrep.com</Email>
    <UserName>Hosittles</UserName>
    <Website>allbelief.com</Website>
    <Company>A Plus Lawn Care</Company>
    <Occupation>Preschool teacher</Occupation>
    <HeightCM>173</HeightCM>
    <WeightKG>75.0</WeightKG>
    <BloodType>B+</BloodType>
    <Vehicle>2011 Zenvo ST1</Vehicle>
    <Color>Blue</Color>
  </object>
  <object>
    <Id>36725657-47a8-4eb3-a2c4-d778bd69874e</Id>
    <Name>Qing Yuan D. Kê</Name>
    <Address>2102 Retreat Avenue</Address>
    <City>Birmingham</City>
    <State />
    <Zip>35203</Zip>
    <SSN>424-96-2682</SSN>
    <Location>33.425454, -86.810906</Location>
    <Phone>205-286-9521</Phone>
    <CountryCode>1</CountryCode>
    <DOB>August 9, 1956</DOB>
    <Email>HeidiRMartin@armyspy.com</Email>
    <UserName>Fighthe1956</UserName>
    <Website>terevelada.com</Website>
    <Company>Quality Realty Service</Company>
    <Occupation>Licensed vocational nurse</Occupation>
    <HeightCM>160</HeightCM>
    <WeightKG>84.9</WeightKG>
    <BloodType>O+</BloodType>
    <Vehicle>1994 GMC Typhoon</Vehicle>
    <Color>Red</Color>
  </object>
  <object>
    <Id>e72975a3-f690-463a-9c2d-fbe1ea15d92a</Id>
    <Name>ทนน ส. ทึกทา</Name>
    <Address>3890 Perine Street</Address>
    <City>Herndon</City>
    <State>VA</State>
    <Zip>22070</Zip>
    <SSN>694-03-1227</SSN>
    <Location>38.980316, -77.343266</Location>
    <Phone>703-766-7841</Phone>
    <CountryCode />
    <DOB>January 30, 1942</DOB>
    <Email>RaymondDDickerson@armyspy.com</Email>
    <UserName>Purs1942</UserName>
    <Website>collectabitz.com</Website>
    <Company>Standard Brands Paint Company</Company>
    <Occupation />
    <HeightCM>179</HeightCM>
    <WeightKG>88.1</WeightKG>
    <BloodType>B+</BloodType>
    <Vehicle>1998 Subaru Justy</Vehicle>
    <Color>Green</Color>
  </object>
  <object>
    <Id>20f002fc-069d-4927-ab37-075c35fcfb25</Id>
    <Name>สุชนกเนตร สาโค</Name>
    <Address>3876 Cabell Avenue</Address>
    <City>Washington</City>
    <State>VA</State>
    <Zip>20005</Zip>
    <SSN>225-11-1790</SSN>
    <Location>38.895512, -77.088776</Location>
    <Phone>703-579-5918</Phone>
    <CountryCode>1</CountryCode>
    <DOB>November 24, 1982</DOB>
    <Email>KristinaTJackson@armyspy.com</Email>
    <UserName>Haper1982</UserName>
    <Website>mikdreploki.com</Website>
    <Company>Lafayette Radio</Company>
    <Occupation>First responder</Occupation>
    <HeightCM>160</HeightCM>
    <WeightKG>57.5</WeightKG>
    <BloodType>O+</BloodType>
    <Vehicle>2001 Chevrolet Cavalier</Vehicle>
    <Color>Black</Color>
  </object>
  <object>
    <Id>69d1be3c-4f97-4262-ba69-6ebf9dd720b4</Id>
    <Name>Gabriel Fernandes</Name>
    <Address>1081 Brown Street</Address>
    <City>Oakland</City>
    <State>CA</State>
    <Zip>94612</Zip>
    <SSN>555-42-6660</SSN>
    <Location>37.874362, -122.362251</Location>
    <Phone>925-965-9726</Phone>
    <CountryCode>1</CountryCode>
    <DOB />
    <Email>AndrewYAtkinson@dayrep.com</Email>
    <UserName />
    <Website>sfcomedynight.com</Website>
    <Company>Life Plan Counselling</Company>
    <Occupation>Systems analyst</Occupation>
    <HeightCM>190</HeightCM>
    <WeightKG>102.7</WeightKG>
    <BloodType>O+</BloodType>
    <Vehicle>2007 Mercedes-Benz S</Vehicle>
    <Color />
  </object>
  <object>
    <Id>1d05ab68-dc40-420f-8a1e-df0e1f66a3c0</Id>
    <Name>Stephan A. Gärtner</Name>
    <Address />
    <City>Elmhurst</City>
    <State>NY</State>
    <Zip>11373</Zip>
    <SSN />
    <Location>40.824743, -73.859676</Location>
    <Phone>718-335-6369</Phone>
    <CountryCode>1</CountryCode>
    <DOB>January 26, 1996</DOB>
    <Email>ArleenTQuinn@teleworm.us</Email>
    <UserName>Cohned</UserName>
    <Website>bankadamscoop.com</Website>
    <Company />
    <Occupation>Public accountant</Occupation>
    <HeightCM>175</HeightCM>
    <WeightKG>58.6</WeightKG>
    <BloodType>B+</BloodType>
    <Vehicle>2005 Morgan 44</Vehicle>
    <Color>Blue</Color>
  </object>
  <object>
    <Id>ea42fbde-f34b-4487-9f31-5a8789fd7445</Id>
    <Name>Ia S. Gorbunova</Name>
    <Address>4666 Wildwood Street</Address>
    <City>Medina</City>
    <State>OH</State>
    <Zip>44256</Zip>
    <SSN>290-88-5594</SSN>
    <Location>41.178747, -81.812834</Location>
    <Phone>330-741-3689</Phone>
    <CountryCode>1</CountryCode>
    <DOB>December 23, 1971</DOB>
    <Email>AnnaPEmmerich@dayrep.com</Email>
    <UserName>Blikerchims</UserName>
    <Website>angelspaparties.com</Website>
    <Company>Morrie Mages</Company>
    <Occupation>Power plant mechanic</Occupation>
    <HeightCM>166</HeightCM>
    <WeightKG>85.3</WeightKG>
    <BloodType>O-</BloodType>
    <Vehicle />
    <Color>Blue</Color>
  </object>
  <object>
    <Id>ab2b5c50-e006-43b3-8ffd-87d3d8fa58ed</Id>
    <Name>Valerie Andreyev</Name>
    <Address>1144 Mesa Drive</Address>
    <City>Las Vegas</City>
    <State>NV</State>
    <Zip>89101</Zip>
    <SSN>680-32-4621</SSN>
    <Location>36.255918, -115.111066</Location>
    <Phone>702-384-6706</Phone>
    <CountryCode />
    <DOB>December 21, 1970</DOB>
    <Email>DennisMCrisler@armyspy.com</Email>
    <UserName>Frincong</UserName>
    <Website>carbayers.com</Website>
    <Company>Ole's</Company>
    <Occupation>Security officer</Occupation>
    <HeightCM>168</HeightCM>
    <WeightKG>98.9</WeightKG>
    <BloodType>B+</BloodType>
    <Vehicle>2008 Maybach 62</Vehicle>
    <Color />
  </object>
  <object>
    <Id>899456cf-6cbf-4c0b-9795-b24b38601545</Id>
    <Name>Douglas G. Ferreira</Name>
    <Address>38 Black Oak Hollow Road</Address>
    <City />
    <State>CA</State>
    <Zip>95940</Zip>
    <SSN>570-93-6863</SSN>
    <Location>36.33005, -121.916049</Location>
    <Phone>408-803-5739</Phone>
    <CountryCode>1</CountryCode>
    <DOB>June 8, 1997</DOB>
    <Email>AmyJHaun@armyspy.com</Email>
    <UserName />
    <Website>naderpage.com</Website>
    <Company>Adaptas</Company>
    <Occupation>Blaster</Occupation>
    <HeightCM>174</HeightCM>
    <WeightKG />
    <BloodType>O+</BloodType>
    <Vehicle />
    <Color>Green</Color>
  </object>
  <object>
    <Id>6288086d-8e8c-49f3-a4a9-c97595c9f715</Id>
    <Name>Tim G. Busch</Name>
    <Address>1868 Evergreen Lane</Address>
    <City>Los Angeles</City>
    <State>CA</State>
    <Zip>90029</Zip>
    <SSN>548-05-5450</SSN>
    <Location>34.083042, -118.294234</Location>
    <Phone>323-644-9363</Phone>
    <CountryCode>1</CountryCode>
    <DOB>April 6, 1982</DOB>
    <Email>KimberlyDReich@jourrapide.com</Email>
    <UserName>Hiseently1982</UserName>
    <Website>redcafemusic.com</Website>
    <Company>Brendle's</Company>
    <Occupation>Scanner operator</Occupation>
    <HeightCM>166</HeightCM>
    <WeightKG>80.7</WeightKG>
    <BloodType>O+</BloodType>
    <Vehicle>2005 Subaru Outback Sport</Vehicle>
    <Color>Blue</Color>
  </object>
  <object>
    <Id>3f66fd8c-c312-4095-a206-92ca9e4f6e06</Id>
    <Name>ดนุพล เกิดน้อย</Name>
    <Address>2723 Ashcraft Court</Address>
    <City />
    <State>CA</State>
    <Zip>92117</Zip>
    <SSN>568-49-1207</SSN>
    <Location>32.857914, -117.110661</Location>
    <Phone />
    <CountryCode>1</CountryCode>
    <DOB>February 13, 1962</DOB>
    <Email>HerlindaRHardy@rhyta.com</Email>
    <UserName>Eank1962</UserName>
    <Website>ilovefleshlight.com</Website>
    <Company>Present Company</Company>
    <Occupation>Manufacturers</Occupation>
    <HeightCM>167</HeightCM>
    <WeightKG>65.8</WeightKG>
    <BloodType>B+</BloodType>
    <Vehicle>2003 Nissan 350Z</Vehicle>
    <Color>Red</Color>
  </object>
  <object>
    <Id>0bfedb2f-0e55-4b3c-9875-04ef85b769f5</Id>
    <Name>Rachelle Pomerleau</Name>
    <Address>2831 Buffalo Creek Road</Address>
    <City>Nashville</City>
    <State>TN</State>
    <Zip />
    <SSN>762-01-3515</SSN>
    <Location>36.24216, -86.81976</Location>
    <Phone />
    <CountryCode>1</CountryCode>
    <DOB>March 14, 1943</DOB>
    <Email>BriceINevarez@dayrep.com</Email>
    <UserName>Hosittles</UserName>
    <Website>allbelief.com</Website>
    <Company>A Plus Lawn Care</Company>
    <Occupation>Preschool teacher</Occupation>
    <HeightCM>173</HeightCM>
    <WeightKG>75.0</WeightKG>
    <BloodType />
    <Vehicle>2011 Zenvo ST1</Vehicle>
    <Color>Blue</Color>
  </object>
  <object>
    <Id>0bfedb2f-0e55-4b3c-9875-04ef85b769f5</Id>
    <Name>Rachelle Pomerleau</Name>
    <Address>2831 Buffalo Creek Road</Address>
    <City>Nashville</City>
    <State>TN</State>
    <Zip>37201</Zip>
    <SSN>762-01-3515</SSN>
    <Location>36.24216, -86.81976</Location>
    <Phone>615-843-5225</Phone>
    <CountryCode />
    <DOB>March 14, 1943</DOB>
    <Email>BriceINevarez@dayrep.com</Email>
    <UserName>Hosittles</UserName>
    <Website>allbelief.com</Website>
    <Company />
    <Occupation>Preschool teacher</Occupation>
    <HeightCM>173</HeightCM>
    <WeightKG>75.0</WeightKG>
    <BloodType>B+</BloodType>
    <Vehicle>2011 Zenvo ST1</Vehicle>
    <Color>Blue</Color>
  </object>
  <object>
    <Id>a09aa54e-a74a-4f25-bba5-d7d5cea20cf4</Id>
    <Name>Brier Fortier</Name>
    <Address>2622 Argonne Street</Address>
    <City>New Castle</City>
    <State>DE</State>
    <Zip>19720</Zip>
    <SSN>221-78-1296</SSN>
    <Location>39.603426, -75.528075</Location>
    <Phone />
    <CountryCode>1</CountryCode>
    <DOB />
    <Email>LoriGSanchez@armyspy.com</Email>
    <UserName>Nisquity70</UserName>
    <Website>teflthailandusa.com</Website>
    <Company>National Shirt Shop</Company>
    <Occupation />
    <HeightCM>174</HeightCM>
    <WeightKG>54.6</WeightKG>
    <BloodType>O+</BloodType>
    <Vehicle>2014 GMC Terrain</Vehicle>
    <Color>Purple</Color>
  </object>
  <object>
    <Id>172bf637-dd3e-48e8-9bb0-a9d312ad1baf</Id>
    <Name>ขุนทึง ร. ศิริศักดิ์เกษม</Name>
    <Address>4734 Glen Falls Road</Address>
    <City />
    <State>PA</State>
    <Zip>19146</Zip>
    <SSN>159-14-5751</SSN>
    <Location>39.972284, -75.098926</Location>
    <Phone>215-904-1712</Phone>
    <CountryCode>1</CountryCode>
    <DOB>October 26, 1955</DOB>
    <Email>TonyaSBruns@dayrep.com</Email>
    <UserName>Waspupperen1955</UserName>
    <Website>mymusicjones.com</Website>
    <Company>Lechters Housewares</Company>
    <Occupation>Eligibility interviewer</Occupation>
    <HeightCM>169</HeightCM>
    <WeightKG>90.5</WeightKG>
    <BloodType />
    <Vehicle>1995 Toyota Celica</Vehicle>
    <Color>Purple</Color>
  </object>
  <object>
    <Id>8f51797d-26da-42c1-8558-ccaa612c2d7e</Id>
    <Name>Gustavo C. Araujo</Name>
    <Address>282 Brookview Drive</Address>
    <City>San Jose</City>
    <State />
    <Zip>95129</Zip>
    <SSN>546-07-3081</SSN>
    <Location>37.232329, -122.063897</Location>
    <Phone>408-996-0403</Phone>
    <CountryCode>1</CountryCode>
    <DOB>July 10, 1982</DOB>
    <Email>DerekCMartin@jourrapide.com</Email>
    <UserName>Beasto</UserName>
    <Website>cfprojects.com</Website>
    <Company>Best Products</Company>
    <Occupation>Graphic artist</Occupation>
    <HeightCM>179</HeightCM>
    <WeightKG>109.1</WeightKG>
    <BloodType>B+</BloodType>
    <Vehicle>2003 Proton Juara</Vehicle>
    <Color />
  </object>
  <object>
    <Id>262968f5-e0a7-4926-82ba-0769a471f022</Id>
    <Name>Mariette Corbeil</Name>
    <Address>3732 Midway Road</Address>
    <City>Little Rock</City>
    <State>AR</State>
    <Zip>72212</Zip>
    <SSN />
    <Location>34.834243, -92.405151</Location>
    <Phone />
    <CountryCode>1</CountryCode>
    <DOB>April 11, 1976</DOB>
    <Email>SusieJGreenspan@rhyta.com</Email>
    <UserName>Granding1976</UserName>
    <Website>minervacultura.com</Website>
    <Company>Silo</Company>
    <Occupation>Milling and planing machine tender</Occupation>
    <HeightCM>162</HeightCM>
    <WeightKG>102.1</WeightKG>
    <BloodType />
    <Vehicle>1995 Volkswagen Golf</Vehicle>
    <Color>Purple</Color>
  </object>
  <object>
    <Id>20f002fc-069d-4927-ab37-075c35fcfb25</Id>
    <Name>สุชนกเนตร สาโค</Name>
    <Address>3876 Cabell Avenue</Address>
    <City>Washington</City>
    <State>VA</State>
    <Zip>20005</Zip>
    <SSN>225-11-1790</SSN>
    <Location>38.895512, -77.088776</Location>
    <Phone>703-579-5918</Phone>
    <CountryCode>1</CountryCode>
    <DOB>November 24, 1982</DOB>
    <Email />
    <UserName>Haper1982</UserName>
    <Website>mikdreploki.com</Website>
    <Company>Lafayette Radio</Company>
    <Occupation>First responder</Occupation>
    <HeightCM>160</HeightCM>
    <WeightKG />
    <BloodType />
    <Vehicle>2001 Chevrolet Cavalier</Vehicle>
    <Color>Black</Color>
  </object>
  <object>
    <Id>69d1be3c-4f97-4262-ba69-6ebf9dd720b4</Id>
    <Name>Gabriel Fernandes</Name>
    <Address>1081 Brown Street</Address>
    <City>Oakland</City>
    <State>CA</State>
    <Zip>94612</Zip>
    <SSN>555-42-6660</SSN>
    <Location>37.874362, -122.362251</Location>
    <Phone>925-965-9726</Phone>
    <CountryCode>1</CountryCode>
    <DOB>July 10, 1983</DOB>
    <Email>AndrewYAtkinson@dayrep.com</Email>
    <UserName>Butedinefs83</UserName>
    <Website>sfcomedynight.com</Website>
    <Company>Life Plan Counselling</Company>
    <Occupation>Systems analyst</Occupation>
    <HeightCM>190</HeightCM>
    <WeightKG />
    <BloodType>O+</BloodType>
    <Vehicle>2007 Mercedes-Benz S</Vehicle>
    <Color>Blue</Color>
  </object>
  <object>
    <Id>b7fe4e9d-7a03-4365-903d-00505cce60d3</Id>
    <Name>Jonas Gottschalk</Name>
    <Address>4158 Penn Street</Address>
    <City>Saint Louis</City>
    <State />
    <Zip>63101</Zip>
    <SSN>493-06-4239</SSN>
    <Location>38.559054, -90.138533</Location>
    <Phone>573-287-9813</Phone>
    <CountryCode>1</CountryCode>
    <DOB>September 12, 1964</DOB>
    <Email>MargaretVMayer@rhyta.com</Email>
    <UserName>Aftyrand64</UserName>
    <Website>samspools.com</Website>
    <Company>Luskin's</Company>
    <Occupation>Human resources representative</Occupation>
    <HeightCM>159</HeightCM>
    <WeightKG>100.3</WeightKG>
    <BloodType>O+</BloodType>
    <Vehicle>1996 BMW 325</Vehicle>
    <Color>Orange</Color>
  </object>
  <object>
    <Id>e9d54ff0-48c2-4049-91c0-7ecd3c43eec6</Id>
    <Name>De P. Yu</Name>
    <Address>2736 Hurry Street</Address>
    <City>Fredericksburg</City>
    <State>VA</State>
    <Zip>22408</Zip>
    <SSN>228-11-3760</SSN>
    <Location />
    <Phone>540-336-4537</Phone>
    <CountryCode />
    <DOB>March 29, 1984</DOB>
    <Email>CarlDLopez@dayrep.com</Email>
    <UserName>Heregoom</UserName>
    <Website>photosynthesize.com</Website>
    <Company>Sounds Great, Inc</Company>
    <Occupation>Student affairs administrator</Occupation>
    <HeightCM>177</HeightCM>
    <WeightKG>83.1</WeightKG>
    <BloodType />
    <Vehicle>2003 Ford GT</Vehicle>
    <Color>Green</Color>
  </object>
  <object>
    <Id>2797349c-8db5-4c23-9aef-38aca35a44ed</Id>
    <Name>Rafael M. Cavalcanti</Name>
    <Address>454 Nelm Street</Address>
    <City>Mclean</City>
    <State>VA</State>
    <Zip>22102</Zip>
    <SSN>229-27-3853</SSN>
    <Location>38.860191, -77.142935</Location>
    <Phone>571-437-5586</Phone>
    <CountryCode />
    <DOB>April 28, 1937</DOB>
    <Email>RicardoPImhoff@armyspy.com</Email>
    <UserName>Claidecon</UserName>
    <Website>akcakestudio.com</Website>
    <Company>Giant</Company>
    <Occupation />
    <HeightCM>175</HeightCM>
    <WeightKG>96.3</WeightKG>
    <BloodType>A+</BloodType>
    <Vehicle>2007 Lincoln MKX</Vehicle>
    <Color>Blue</Color>
  </object>
  <object>
    <Id>3d0010e5-53b2-4b48-a837-81a9539d319c</Id>
    <Name>Fai Sung</Name>
    <Address>3293 Duff Avenue</Address>
    <City>Middlebury</City>
    <State>VT</State>
    <Zip>05753</Zip>
    <SSN>009-70-6424</SSN>
    <Location>43.903676, -73.117641</Location>
    <Phone>802-443-3453</Phone>
    <CountryCode>1</CountryCode>
    <DOB>October 4, 1997</DOB>
    <Email>CarlosVFrench@rhyta.com</Email>
    <UserName>Defarnefor</UserName>
    <Website>workwithroberto.com</Website>
    <Company>Young @ Heart</Company>
    <Occupation />
    <HeightCM>173</HeightCM>
    <WeightKG />
    <BloodType>O+</BloodType>
    <Vehicle>2005 Vauxhall VX220</Vehicle>
    <Color>Blue</Color>
  </object>
  <object>
    <Id>3f66fd8c-c312-4095-a206-92ca9e4f6e06</Id>
    <Name>ดนุพล เกิดน้อย</Name>
    <Address>2723 Ashcraft Court</Address>
    <City>San Diego</City>
    <State>CA</State>
    <Zip />
    <SSN>568-49-1207</SSN>
    <Location>32.857914, -117.110661</Location>
    <Phone />
    <CountryCode>1</CountryCode>
    <DOB>February 13, 1962</DOB>
    <Email>HerlindaRHardy@rhyta.com</Email>
    <UserName />
    <Website>ilovefleshlight.com</Website>
    <Company>Present Company</Company>
    <Occupation>Manufacturers</Occupation>
    <HeightCM>167</HeightCM>
    <WeightKG>65.8</WeightKG>
    <BloodType>B+</BloodType>
    <Vehicle>2003 Nissan 350Z</Vehicle>
    <Color>Red</Color>
  </object>
  <object>
    <Id>4655e2d1-031a-4eb9-b40f-58c338bfe564</Id>
    <Name>恵美 浜尾</Name>
    <Address>502 Providence Lane</Address>
    <City>La Puente</City>
    <State>CA</State>
    <Zip>91744</Zip>
    <SSN>558-01-1341</SSN>
    <Location>34.001073, -117.963792</Location>
    <Phone />
    <CountryCode>1</CountryCode>
    <DOB>April 22, 1990</DOB>
    <Email>DavidAWilkinson@armyspy.com</Email>
    <UserName>Mysit1990</UserName>
    <Website>limudo.com</Website>
    <Company>Auto Works</Company>
    <Occupation>Textile, apparel, and furnishings occupation</Occupation>
    <HeightCM>179</HeightCM>
    <WeightKG>106.5</WeightKG>
    <BloodType>O+</BloodType>
    <Vehicle>1994 Ford Scorpio</Vehicle>
    <Color>Black</Color>
  </object>
  <object>
    <Id>2797349c-8db5-4c23-9aef-38aca35a44ed</Id>
    <Name>Rafael M. Cavalcanti</Name>
    <Address>454 Nelm Street</Address>
    <City>Mclean</City>
    <State>VA</State>
    <Zip />
    <SSN>229-27-3853</SSN>
    <Location>38.860191, -77.142935</Location>
    <Phone>571-437-5586</Phone>
    <CountryCode />
    <DOB>April 28, 1937</DOB>
    <Email>RicardoPImhoff@armyspy.com</Email>
    <UserName>Claidecon</UserName>
    <Website>akcakestudio.com</Website>
    <Company />
    <Occupation>Automotive body repairer</Occupation>
    <HeightCM>175</HeightCM>
    <WeightKG>96.3</WeightKG>
    <BloodType>A+</BloodType>
    <Vehicle>2007 Lincoln MKX</Vehicle>
    <Color>Blue</Color>
  </object>
  <object>
    <Id>0ba967c4-bb90-475e-a1fe-29f9e062f80f</Id>
    <Name>Ray Mousseau</Name>
    <Address>4648 Heliport Loop</Address>
    <City>Bloomington</City>
    <State>IN</State>
    <Zip>47404</Zip>
    <SSN>306-08-4433</SSN>
    <Location>39.300466, -86.487291</Location>
    <Phone>812-731-2267</Phone>
    <CountryCode>1</CountryCode>
    <DOB>July 27, 1973</DOB>
    <Email>StephenCSummerlin@teleworm.us</Email>
    <UserName>Timans73</UserName>
    <Website>informemexico.com</Website>
    <Company>Today's Man</Company>
    <Occupation>Therapeutic recreation specialist</Occupation>
    <HeightCM>181</HeightCM>
    <WeightKG>95.6</WeightKG>
    <BloodType>O+</BloodType>
    <Vehicle />
    <Color>Blue</Color>
  </object>
  <object>
    <Id>5ac02ebd-2df4-4098-908f-39e07375ce05</Id>
    <Name>Amanda R. Souza</Name>
    <Address>3302 Fowler Avenue</Address>
    <City>Norcross</City>
    <State>GA</State>
    <Zip>30071</Zip>
    <SSN />
    <Location>33.996023, -84.120315</Location>
    <Phone>770-245-4199</Phone>
    <CountryCode />
    <DOB>February 28, 1968</DOB>
    <Email>IrvingGCalkins@rhyta.com</Email>
    <UserName>Ditach</UserName>
    <Website>ligoband.com</Website>
    <Company>Johnson's General Stores</Company>
    <Occupation>Compensation, benefits, and job analysis specialist</Occupation>
    <HeightCM>187</HeightCM>
    <WeightKG>107.0</WeightKG>
    <BloodType>A+</BloodType>
    <Vehicle>2011 Suzuki Alto</Vehicle>
    <Color>Black</Color>
  </object>
  <object>
    <Id>a6fa1af3-5742-4712-ab29-66676b5f7196</Id>
    <Name>Shen Chou</Name>
    <Address>333 Lakewood Drive</Address>
    <City>Rutherford</City>
    <State>NJ</State>
    <Zip>07070</Zip>
    <SSN>137-90-1362</SSN>
    <Location>40.730286, -74.098975</Location>
    <Phone>201-842-3527</Phone>
    <CountryCode>1</CountryCode>
    <DOB>December 18, 1979</DOB>
    <Email>PrestonSClarke@jourrapide.com</Email>
    <UserName>Shopean1979</UserName>
    <Website>ifixboats.com</Website>
    <Company>Formula Grey</Company>
    <Occupation>Media specialist</Occupation>
    <HeightCM>185</HeightCM>
    <WeightKG>112.9</WeightKG>
    <BloodType>O+</BloodType>
    <Vehicle>1999 Ford Expedition</Vehicle>
    <Color>Green</Color>
  </object>
  <object>
    <Id>9812a48c-db7e-4773-afec-bf85986b97aa</Id>
    <Name>節子 武川</Name>
    <Address />
    <City>Dover</City>
    <State>PA</State>
    <Zip>17315</Zip>
    <SSN>180-30-6096</SSN>
    <Location>40.113228, -76.947735</Location>
    <Phone />
    <CountryCode />
    <DOB>November 16, 1939</DOB>
    <Email>RickyCNapier@dayrep.com</Email>
    <UserName>Derapt</UserName>
    <Website />
    <Company>Big Bear Stores</Company>
    <Occupation />
    <HeightCM>172</HeightCM>
    <WeightKG>71.5</WeightKG>
    <BloodType>A+</BloodType>
    <Vehicle>2008 Mercedes-Benz G</Vehicle>
    <Color />
  </object>
  <object>
    <Id>7c96493c-ef55-481d-8f01-d1ade75f1939</Id>
    <Name>Sabine Rothschild</Name>
    <Address>3533 Broadcast Drive</Address>
    <City>Monroe</City>
    <State>NC</State>
    <Zip>28112</Zip>
    <SSN>244-30-8051</SSN>
    <Location>34.882965, -80.572816</Location>
    <Phone>704-238-0797</Phone>
    <CountryCode>1</CountryCode>
    <DOB>December 1, 1936</DOB>
    <Email>ValerieWGilham@dayrep.com</Email>
    <UserName>Ationvin</UserName>
    <Website>jberryshop.com</Website>
    <Company>Mode O'Day</Company>
    <Occupation>Power dispatcher</Occupation>
    <HeightCM>165</HeightCM>
    <WeightKG />
    <BloodType>O+</BloodType>
    <Vehicle>2005 Cadillac CTS</Vehicle>
    <Color>Blue</Color>
  </object>
  <object>
    <Id>a6fa1af3-5742-4712-ab29-66676b5f7196</Id>
    <Name>Shen Chou</Name>
    <Address>333 Lakewood Drive</Address>
    <City>Rutherford</City>
    <State>NJ</State>
    <Zip>07070</Zip>
    <SSN>137-90-1362</SSN>
    <Location>40.730286, -74.098975</Location>
    <Phone>201-842-3527</Phone>
    <CountryCode>1</CountryCode>
    <DOB>December 18, 1979</DOB>
    <Email>PrestonSClarke@jourrapide.com</Email>
    <UserName>Shopean1979</UserName>
    <Website>ifixboats.com</Website>
    <Company>Formula Grey</Company>
    <Occupation>Media specialist</Occupation>
    <HeightCM>185</HeightCM>
    <WeightKG>112.9</WeightKG>
    <BloodType>O+</BloodType>
    <Vehicle>1999 Ford Expedition</Vehicle>
    <Color>Green</Color>
  </object>
  <object>
    <Id>172bf637-dd3e-48e8-9bb0-a9d312ad1baf</Id>
    <Name>ขุนทึง ร. ศิริศักดิ์เกษม</Name>
    <Address>4734 Glen Falls Road</Address>
    <City>Philadelphia</City>
    <State>PA</State>
    <Zip>19146</Zip>
    <SSN>159-14-5751</SSN>
    <Location>39.972284, -75.098926</Location>
    <Phone>215-904-1712</Phone>
    <CountryCode>1</CountryCode>
    <DOB>October 26, 1955</DOB>
    <Email>TonyaSBruns@dayrep.com</Email>
    <UserName>Waspupperen1955</UserName>
    <Website>mymusicjones.com</Website>
    <Company>Lechters Housewares</Company>
    <Occupation>Eligibility interviewer</Occupation>
    <HeightCM>169</HeightCM>
    <WeightKG>90.5</WeightKG>
    <BloodType>B+</BloodType>
    <Vehicle>1995 Toyota Celica</Vehicle>
    <Color>Purple</Color>
  </object>
  <object>
    <Id>391e0460-378c-4e3f-870a-c61f56bc7536</Id>
    <Name>Kang S. Ho</Name>
    <Address>1605 Jones Avenue</Address>
    <City />
    <State>NC</State>
    <Zip>27104</Zip>
    <SSN>246-85-9778</SSN>
    <Location>36.03452, -80.388071</Location>
    <Phone />
    <CountryCode>1</CountryCode>
    <DOB>June 19, 1987</DOB>
    <Email />
    <UserName>Thowenty</UserName>
    <Website>gyhvft.com</Website>
    <Company>Larry's Markets</Company>
    <Occupation>Environmental engineer</Occupation>
    <HeightCM>169</HeightCM>
    <WeightKG>73.2</WeightKG>
    <BloodType>O-</BloodType>
    <Vehicle>2003 Volkswagen Touareg</Vehicle>
    <Color>Blue</Color>
  </object>
  <object>
    <Id>0bfedb2f-0e55-4b3c-9875-04ef85b769f5</Id>
    <Name>Rachelle Pomerleau</Name>
    <Address>2831 Buffalo Creek Road</Address>
    <City>Nashville</City>
    <State>TN</State>
    <Zip>37201</Zip>
    <SSN>762-01-3515</SSN>
    <Location>36.24216, -86.81976</Location>
    <Phone>615-843-5225</Phone>
    <CountryCode />
    <DOB>March 14, 1943</DOB>
    <Email>BriceINevarez@dayrep.com</Email>
    <UserName>Hosittles</UserName>
    <Website>allbelief.com</Website>
    <Company />
    <Occupation>Preschool teacher</Occupation>
    <HeightCM>173</HeightCM>
    <WeightKG>75.0</WeightKG>
    <BloodType>B+</BloodType>
    <Vehicle>2011 Zenvo ST1</Vehicle>
    <Color>Blue</Color>
  </object>
  <object>
    <Id>172bf637-dd3e-48e8-9bb0-a9d312ad1baf</Id>
    <Name>ขุนทึง ร. ศิริศักดิ์เกษม</Name>
    <Address />
    <City>Philadelphia</City>
    <State>PA</State>
    <Zip>19146</Zip>
    <SSN>159-14-5751</SSN>
    <Location>39.972284, -75.098926</Location>
    <Phone>215-904-1712</Phone>
    <CountryCode>1</CountryCode>
    <DOB>October 26, 1955</DOB>
    <Email />
    <UserName />
    <Website>mymusicjones.com</Website>
    <Company>Lechters Housewares</Company>
    <Occupation />
    <HeightCM>169</HeightCM>
    <WeightKG>90.5</WeightKG>
    <BloodType>B+</BloodType>
    <Vehicle>1995 Toyota Celica</Vehicle>
    <Color />
  </object>
  <object>
    <Id>ab2b5c50-e006-43b3-8ffd-87d3d8fa58ed</Id>
    <Name>Valerie Andreyev</Name>
    <Address>1144 Mesa Drive</Address>
    <City>Las Vegas</City>
    <State />
    <Zip>89101</Zip>
    <SSN>680-32-4621</SSN>
    <Location>36.255918, -115.111066</Location>
    <Phone>702-384-6706</Phone>
    <CountryCode>1</CountryCode>
    <DOB>December 21, 1970</DOB>
    <Email>DennisMCrisler@armyspy.com</Email>
    <UserName>Frincong</UserName>
    <Website>carbayers.com</Website>
    <Company>Ole's</Company>
    <Occupation>Security officer</Occupation>
    <HeightCM>168</HeightCM>
    <WeightKG>98.9</WeightKG>
    <BloodType>B+</BloodType>
    <Vehicle>2008 Maybach 62</Vehicle>
    <Color>Blue</Color>
  </object>
  <object>
    <Id>7d1f043b-e5fa-4ade-a139-9ad892b8c60f</Id>
    <Name>Neville F. Charpie</Name>
    <Address>3080 Polk Street</Address>
    <City>Sacramento</City>
    <State />
    <Zip>95814</Zip>
    <SSN />
    <Location>38.624431, -121.400069</Location>
    <Phone>530-206-3737</Phone>
    <CountryCode />
    <DOB>February 10, 1949</DOB>
    <Email />
    <UserName>Whispiever</UserName>
    <Website>gamaguppy.com</Website>
    <Company>Nobil</Company>
    <Occupation>Managing editor</Occupation>
    <HeightCM>180</HeightCM>
    <WeightKG>108.3</WeightKG>
    <BloodType>O-</BloodType>
    <Vehicle>2002 Nissan Pathfinder</Vehicle>
    <Color>Blue</Color>
  </object>
</Users>